ID;Nombre actual;Categoría;Nombre SEO;Keyword principal;Keywords secundarias;Título SEO;Meta descripción;Descripción SEO (HTML);Descripción actual (largo)
7799;Caja fuerte digital Global;Seguridad y Cámaras;Caja Fuerte Digital Global;caja fuerte digital;caja fuerte global, caja fuerte con clave digital, caja fuerte para casa, caja fuerte córdoba;Caja Fuerte Digital Global | Lucas Innovaciones;Caja fuerte digital Global para guardar dinero, documentos y objetos de valor en casa o negocio. Retiralo en el local o pedilo con envío a todo el país.;<p>La caja fuerte digital Global te permite guardar dinero, documentos y objetos de valor en un lugar más seguro, en casa o en tu negocio.</p><ul><li>Marca Global</li><li>Apertura digital</li><li>Ideal para dinero y documentos</li><li>Útil para el hogar o el comercio</li></ul><p>Retiralo en nuestro local de Caseros 924, Villa Santa Rosa, o pedilo con envío a todo el país.</p>;0
8190;Cargador universal notebook NOGANET NGA70A;Sin categorizar;Cargador Universal para Notebook Noganet NGA70A;cargador universal notebook;cargador notebook universal, cargador para notebook noganet, noganet nga70a, cargador de notebook córdoba;Cargador Universal para Notebook Noganet NGA70A;Cargador universal para notebook Noganet NGA70A, para reemplazar el que perdiste o se rompió. Retiralo en Villa Santa Rosa o pedilo con envío.;<p>Cargador universal para notebook Noganet NGA70A, una alternativa para tener a mano si perdiste el original o se te dañó el cable.</p><ul><li>Marca Noganet, modelo NGA70A</li><li>Tipo universal para distintas notebooks</li><li>Consultanos tu modelo de notebook para confirmar la compatibilidad</li><li>Útil para el trabajo, el estudio o como repuesto</li></ul><p>Retiralo gratis en nuestro local de Villa Santa Rosa, Córdoba, o pedilo con envío a todo el país.</p>;0
7030;Consola de juegos Family game HBL Tech;Gaming;Consola de Juegos Family Game HBL Tech;consola de juegos family game;consola family game, consola retro para tv, consola de videojuegos hbl tech, consola de juegos córdoba;Consola de Juegos Family Game HBL Tech | Lucas Innovaciones;Consola de juegos Family Game HBL Tech para divertirte en casa con familia y amigos, a un precio accesible. Atendemos en Caseros 924, Córdoba.;<p>La consola Family Game de HBL Tech está pensada para jugar en casa con familia y amigos, sin complicaciones.</p><ul><li>Marca HBL Tech</li><li>Modelo Family Game</li><li>Ideal para regalar</li><li>Fácil de usar</li></ul><p>Retirá en nuestro local de Caseros 924, Villa Santa Rosa, Córdoba, o pedilo con envío a todo el país.</p>;0
7031;Consola de juegos Game Stick 3D;Gaming;Consola de Juegos Game Stick 3D;game stick 3d;consola game stick, consola de juegos para tv, game stick consola precio, game stick córdoba;Consola de Juegos Game Stick 3D | Lucas Innovaciones;Consola de juegos Game Stick 3D para jugar en casa de forma simple. Retirala en Villa Santa Rosa o pedila con envío. Atendemos en Caseros 924, Córdoba.;<p>La consola Game Stick 3D es una opción compacta para sumar juegos a tu casa y entretener a toda la familia.</p><ul><li>Modelo Game Stick 3D</li><li>Formato compacto, fácil de guardar y de llevar</li><li>Ideal para regalar</li><li>Simple de usar</li></ul><p>Retirá en nuestro local de Caseros 924, Villa Santa Rosa, Córdoba, o pedilo con envío a todo el país.</p>;0
7032;Consola de juegos Game Stick LITE;Gaming;Consola de Juegos Game Stick Lite;game stick lite;consola game stick lite, consola de juegos para tv, game stick consola precio, game stick lite córdoba;Consola de Juegos Game Stick Lite | Lucas Innovaciones;Consola de juegos Game Stick Lite para jugar en casa de forma simple. Retirala en Villa Santa Rosa o pedila con envío. Atendemos en Caseros 924, Córdoba.;<p>La consola Game Stick Lite es una opción compacta para sumar juegos a tu casa y entretener a toda la familia.</p><ul><li>Modelo Game Stick Lite</li><li>Formato compacto, fácil de guardar y de llevar</li><li>Ideal para regalar</li><li>Simple de usar</li></ul><p>Retirá en nuestro local de Caseros 924, Villa Santa Rosa, Córdoba, o pedilo con envío a todo el país.</p>;0
8189;Convertidor conversor Optico a RCA analogo;Sin categorizar;Convertidor de Audio Óptico a RCA Analógico;conversor optico a rca;convertidor optico a rca, conversor audio digital a analogico, adaptador optico a rca, conversor de audio para tv;Convertidor de Audio Óptico a RCA Analógico;Convertidor de audio óptico a RCA analógico para conectar tu TV a un equipo de sonido. Retiralo en Villa Santa Rosa o pedilo con envío a todo el país.;<p>Convertidor de audio de entrada óptica a salida RCA analógica. Sirve para conectar equipos con salida óptica, como un TV, a parlantes o equipos con entradas RCA.</p><ul><li>Entrada óptica y salida RCA analógica</li><li>Para pasar audio digital a analógico</li><li>Útil para equipos de sonido y amplificadores con entrada RCA</li><li>Consultanos qué equipos tenés para confirmar que te sirva</li></ul><p>Retiralo gratis en nuestro local de Villa Santa Rosa, Córdoba, o pedilo con envío a todo el país.</p>;0
8337;Inversor Conversor SEISA 500w Dy8109;Sin categorizar;Inversor Conversor Seisa 500 W DY8109;inversor de corriente 500w;inversor 500w, inversor conversor seisa, seisa dy8109, inversor de tension córdoba;Inversor Conversor Seisa 500 W DY8109 | Lucas Innovaciones;Inversor conversor Seisa de 500 W, modelo DY8109, para usar tus equipos donde no hay un enchufe. Retiralo en Villa Santa Rosa o pedilo con envío.;<p>Inversor conversor Seisa de 500 W, modelo DY8109. Sirve para alimentar equipos de bajo consumo en lugares donde no tenés un tomacorriente a mano.</p><ul><li>Potencia de 500 W</li><li>Marca Seisa, modelo DY8109</li><li>Pensado para equipos de hasta esa potencia</li><li>Consultanos qué querés conectar para confirmar que te sirva</li></ul><p>Retiralo gratis en nuestro local de Villa Santa Rosa, Córdoba, o pedilo con envío a todo el país.</p>;0
7513;Power inverter conversor seisa 500w 12v a 220v;Audio;Inversor de Corriente Seisa 500 W 12 V a 220 V;inversor de corriente 12v a 220v;power inverter 500w, convertidor 12v 220v, inversor para auto, inversor seisa 500w;Inversor de Corriente Seisa 500 W 12 V a 220 V;Inversor de corriente Seisa de 500 W que convierte 12 V a 220 V para el auto. Retiralo en Villa Santa Rosa o pedilo con envío a todo el país.;<p>El inversor Seisa convierte 12 V en 220 V con una potencia de 500 W, para usar artefactos desde la batería del auto.</p><ul><li>Potencia de 500 W</li><li>Convierte de 12 V a 220 V</li><li>Marca Seisa</li><li>Útil para viajes y trabajos en ruta</li></ul><p>Retiralo en nuestro local de Caseros 924, Villa Santa Rosa, o pedilo con envío a todo el país.</p>;0
7051;Perfume 9pm Afnan Masculino 100 ml;Perfumes;Perfume 9 PM Afnan Masculino 100 ml;perfume 9 pm afnan;9pm afnan, perfume afnan hombre, perfume árabe masculino, perfume 9 pm afnan córdoba;Perfume 9 PM Afnan Masculino 100 ml | Lucas Innovaciones;Perfume 9 PM de Afnan para hombre en frasco de 100 ml, ideal para salidas nocturnas. Retiralo en Villa Santa Rosa o pedilo con envío a todo el país.;<p>El perfume 9 PM de Afnan, versión masculina de 100 ml, es una fragancia pensada para la noche y para quienes buscan un aroma con carácter.</p><ul><li>Marca Afnan, línea 9 PM</li><li>Versión masculina</li><li>Presentación de 100 ml</li><li>Buena opción para regalar</li></ul><p>Retiralo en nuestro local de Caseros 924, Villa Santa Rosa, o pedilo con envío a todo el país.</p>;0
7825;Perfume 9 PM Elixir;Perfumes;Perfume 9 PM Elixir;perfume 9 pm elixir;9 pm elixir, perfume árabe 9 pm, perfume 9pm elixir precio, perfume 9 pm córdoba;Perfume 9 PM Elixir | Lucas Innovaciones;Perfume 9 PM Elixir, una fragancia pensada para salidas nocturnas y ocasiones especiales. Retiralo en Villa Santa Rosa o pedilo con envío a todo el país.;<p>El perfume 9 PM Elixir es una fragancia pensada para la noche y los momentos especiales. Una opción para quienes buscan un aroma con personalidad.</p><ul><li>Perfume 9 PM Elixir</li><li>Ideal para salidas y ocasiones especiales</li><li>Buena opción para regalar</li><li>Consultanos por el formato disponible</li></ul><p>Retiralo en nuestro local de Caseros 924, Villa Santa Rosa, o pedilo con envío a todo el país.</p>;0
8279;Perfume Club de Nuit URBAN Man;Perfumes;Perfume Club de Nuit Urban Man;perfume club de nuit urban man;club de nuit urban, perfume urban man, perfume árabe hombre, club de nuit urban man córdoba;Perfume Club de Nuit Urban Man | Lucas Innovaciones;Perfume Club de Nuit Urban Man, una fragancia masculina para el día a día y las salidas. Retiralo en Villa Santa Rosa o pedilo con envío a todo el país.;<p>El perfume Club de Nuit Urban Man es una fragancia masculina, una buena opción para el uso diario o para salir.</p><ul><li>Perfume Club de Nuit Urban Man</li><li>Fragancia masculina</li><li>Ideal para regalar o para uso personal</li><li>Consultanos por el formato disponible</li></ul><p>Retiralo en nuestro local de Caseros 924, Villa Santa Rosa, o pedilo con envío a todo el país.</p>;0
8275;Perfume HARAMAIN Amber oud;Perfumes;Perfume Haramain Amber Oud;perfume amber oud;haramain amber oud, perfume árabe amber oud, perfume oud, perfume amber oud córdoba;Perfume Haramain Amber Oud | Lucas Innovaciones;Perfume Haramain Amber Oud, una fragancia de estilo árabe para quienes buscan algo distinto. Retiralo en el local o pedilo con envío a todo el país.;<p>El perfume Haramain Amber Oud es una fragancia de estilo árabe, para quienes buscan un aroma con personalidad y diferente a lo habitual.</p><ul><li>Marca Haramain, línea Amber Oud</li><li>Fragancia de estilo árabe</li><li>Ideal para uso personal o para regalar</li><li>Consultanos por el formato disponible</li></ul><p>Retiralo en nuestro local de Caseros 924, Villa Santa Rosa, o pedilo con envío a todo el país.</p>;0
8277;Perfume HAYA Women;Perfumes;Perfume Haya Women;perfume haya women;perfume haya, perfume haya mujer, perfume árabe mujer, perfume haya women córdoba;Perfume Haya Women | Lucas Innovaciones;Perfume Haya Women, una fragancia femenina para el día a día o para regalar. Retiralo en Villa Santa Rosa o pedilo con envío a todo el país.;<p>El perfume Haya Women es una fragancia femenina pensada para el uso diario o para regalar en una fecha especial.</p><ul><li>Perfume Haya Women</li><li>Fragancia femenina</li><li>Buena opción para regalar</li><li>Consultanos por el formato disponible</li></ul><p>Retiralo en nuestro local de Caseros 924, Villa Santa Rosa, o pedilo con envío a todo el país.</p>;0
7827;Perfume KHAMRA 100ml;Perfumes;Perfume Khamra 100 ml;perfume khamra;khamra perfume, perfume khamra 100 ml, perfume árabe khamra, perfume khamra córdoba;Perfume Khamra 100 ml | Lucas Innovaciones;Perfume Khamra en frasco de 100 ml, una fragancia de estilo árabe. Retiralo en Villa Santa Rosa o pedilo con envío a todo el país.;<p>El perfume Khamra viene en frasco de 100 ml y es una opción para quienes disfrutan de las fragancias de estilo árabe.</p><ul><li>Perfume Khamra</li><li>Presentación de 100 ml</li><li>Ideal para uso personal</li><li>Buena opción para regalar</li></ul><p>Retiralo en nuestro local de Caseros 924, Villa Santa Rosa, o pedilo con envío a todo el país.</p>;0
8278;Perfume LATTAFA Badee al oud;Perfumes;Perfume Lattafa Badee Al Oud;perfume lattafa badee al oud;lattafa badee al oud, badee al oud, perfume lattafa, perfume árabe lattafa;Perfume Lattafa Badee Al Oud | Lucas Innovaciones;Perfume Lattafa Badee Al Oud, una fragancia árabe con notas de oud para uso personal o regalo. Retiralo en el local o pedilo con envío a todo el país.;<p>El perfume Lattafa Badee Al Oud forma parte de la línea de fragancias árabes de Lattafa, para quienes disfrutan de los aromas intensos.</p><ul><li>Marca Lattafa, línea Badee Al Oud</li><li>Fragancia de estilo árabe</li><li>Buena opción para regalar</li><li>Consultanos por el formato disponible</li></ul><p>Retiralo en nuestro local de Caseros 924, Villa Santa Rosa, o pedilo con envío a todo el país.</p>;0
8280;Perfume LATTAFA Mayar;Perfumes;Perfume Lattafa Mayar;perfume lattafa mayar;lattafa mayar, perfume mayar, perfume árabe mujer, perfume lattafa córdoba;Perfume Lattafa Mayar | Lucas Innovaciones;Perfume Lattafa Mayar, una fragancia árabe para uso personal o para regalar. Retiralo en Villa Santa Rosa o pedilo con envío a todo el país.;<p>El perfume Lattafa Mayar es una fragancia de la marca Lattafa, una opción para quienes buscan perfumes de estilo árabe.</p><ul><li>Marca Lattafa, línea Mayar</li><li>Fragancia de estilo árabe</li><li>Ideal para uso personal</li><li>Buena opción para regalar</li></ul><p>Retiralo en nuestro local de Caseros 924, Villa Santa Rosa, o pedilo con envío a todo el país.</p>;0
8281;Perfume LOVE 001;Perfumes;Perfume Love 001;perfume love 001;love 001 perfume, perfume love, perfume económico, perfume love 001 córdoba;Perfume Love 001 | Lucas Innovaciones;Perfume Love 001, una fragancia para el uso diario o para regalar. Retiralo en Villa Santa Rosa o pedilo con envío a todo el país.;<p>El perfume Love 001 es una fragancia pensada para el uso diario, una opción accesible para sumar a tu colección o regalar.</p><ul><li>Perfume Love 001</li><li>Ideal para uso diario</li><li>Buena opción para regalar</li><li>Consultanos por el formato disponible</li></ul><p>Retiralo en nuestro local de Caseros 924, Villa Santa Rosa, o pedilo con envío a todo el país.</p>;0
8272;Perfume ODYSSEY Bahamas;Perfumes;Perfume Odyssey Bahamas;perfume odyssey bahamas;odyssey bahamas, perfume odyssey, perfume árabe odyssey, perfume odyssey córdoba;Perfume Odyssey Bahamas | Lucas Innovaciones;Perfume Odyssey Bahamas, una fragancia de la línea Odyssey para uso personal o regalo. Retiralo en Villa Santa Rosa o pedilo con envío a todo el país.;<p>El perfume Odyssey Bahamas pertenece a la línea Odyssey, una opción para quienes buscan una fragancia distinta para el día a día.</p><ul><li>Línea Odyssey, versión Bahamas</li><li>Ideal para uso personal</li><li>Buena opción para regalar</li><li>Consultanos por el formato disponible</li></ul><p>Retiralo en nuestro local de Caseros 924, Villa Santa Rosa, o pedilo con envío a todo el país.</p>;0
7824;Perfume ODYSSEY Cande;Perfumes;Perfume Odyssey Cande;perfume odyssey cande;odyssey cande, perfume odyssey, perfume árabe odyssey, perfume odyssey córdoba;Perfume Odyssey Cande | Lucas Innovaciones;Perfume Odyssey Cande, una fragancia de la línea Odyssey para uso personal o regalo. Retiralo en Villa Santa Rosa o pedilo con envío a todo el país.;<p>El perfume Odyssey Cande es parte de la línea Odyssey, una opción para quienes disfrutan de sumar fragancias nuevas.</p><ul><li>Línea Odyssey, versión Cande</li><li>Ideal para uso personal</li><li>Buena opción para regalar</li><li>Consultanos por el formato disponible</li></ul><p>Retiralo en nuestro local de Caseros 924, Villa Santa Rosa, o pedilo con envío a todo el país.</p>;0
8271;Perfume ODYSSEY Homme Withe;Perfumes;Perfume Odyssey Homme White;perfume odyssey homme white;odyssey homme white, perfume odyssey hombre, perfume odyssey blanco, perfume odyssey córdoba;Perfume Odyssey Homme White | Lucas Innovaciones;Perfume Odyssey Homme White, una fragancia masculina de la línea Odyssey. Retiralo en Villa Santa Rosa o pedilo con envío a todo el país.;<p>El perfume Odyssey Homme White es una fragancia masculina de la línea Odyssey, para uso diario o para regalar.</p><ul><li>Marca Odyssey, versión Homme White</li><li>Fragancia masculina</li><li>Buena opción para regalar</li><li>Consultanos por el formato disponible</li></ul><p>Retiralo en nuestro local de Caseros 924, Villa Santa Rosa, o pedilo con envío a todo el país.</p>;0
8273;Perfume ODYSSEY Mandarin Sky;Perfumes;Perfume Odyssey Mandarin Sky;perfume odyssey mandarin sky;odyssey mandarin sky, perfume mandarin sky, perfume odyssey, perfume odyssey córdoba;Perfume Odyssey Mandarin Sky | Lucas Innovaciones;Perfume Odyssey Mandarin Sky, una fragancia de la línea Odyssey para uso personal o regalo. Retiralo en Villa Santa Rosa o pedilo con envío a todo el país.;<p>El perfume Odyssey Mandarin Sky es parte de la línea Odyssey, una alternativa para quienes buscan una fragancia con identidad propia.</p><ul><li>Línea Odyssey, versión Mandarin Sky</li><li>Ideal para uso personal</li><li>Buena opción para regalar</li><li>Consultanos por el formato disponible</li></ul><p>Retiralo en nuestro local de Caseros 924, Villa Santa Rosa, o pedilo con envío a todo el país.</p>;0
6894;Radio FM AM a pilas ICF-961;Radios y Sintonizadores;Radio AM FM a Pilas ICF-961;radio am fm a pilas;radio portátil a pilas, radio icf-961, radio fm am portátil, radio a pilas córdoba;Radio AM FM a Pilas ICF-961 | Lucas Innovaciones;Radio portátil AM/FM a pilas ICF-961 para escuchar tus emisoras sin depender de la luz. Retiralo en Villa Santa Rosa o pedilo con envío a todo el país.;<p>La radio ICF-961 es un equipo portátil AM/FM que funciona a pilas. Sirve para escuchar tus emisoras en casa, el trabajo o cuando se corta la luz.</p><ul><li>Sintonía AM y FM</li><li>Funciona a pilas</li><li>Tamaño portátil</li><li>Modelo ICF-961</li></ul><p>Retiralo en nuestro local de Caseros 924, Villa Santa Rosa, o pedilo con envío a todo el país.</p>;457
6656;Radio portatil de mano SUONO AYV0021;Radios y Sintonizadores;Radio Portátil de Mano Suono AYV0021;radio portátil;radio suono, radio de mano am fm, radio portátil suono ayv0021, radio portátil córdoba;Radio Portátil de Mano Suono AYV0021 | Lucas Innovaciones;Radio portátil de mano Suono AYV0021 para escuchar AM y FM en cualquier lado. Retiralo en Villa Santa Rosa o pedilo con envío a todo el país.;<p>La radio portátil Suono AYV0021 es un equipo de mano para escuchar tus emisoras favoritas en casa, en el trabajo o en la calle.</p><ul><li>Marca Suono, modelo AYV0021</li><li>Sintonía AM/FM</li><li>Formato portátil de mano</li><li>Fácil de llevar a todos lados</li></ul><p>Retiralo en nuestro local de Caseros 924, Villa Santa Rosa, o pedilo con envío a todo el país.</p>;396
6925;Radio vintage con BT YS222BT;Radios y Sintonizadores;Radio Vintage con Bluetooth YS222BT;radio vintage bluetooth;radio retro bluetooth, radio vintage con bluetooth, radio ys222bt, radio vintage córdoba;Radio Vintage con Bluetooth YS222BT | Lucas Innovaciones;Radio vintage con Bluetooth YS222BT, de estilo retro para escuchar música y emisoras. Retiralo en Villa Santa Rosa o pedilo con envío a todo el país.;<p>La radio vintage YS222BT combina estética retro con conexión Bluetooth, para escuchar música desde el celular y sumar un detalle de decoración.</p><ul><li>Modelo YS222BT</li><li>Conexión Bluetooth</li><li>Diseño vintage</li><li>Para escuchar música y radio</li></ul><p>Retiralo en nuestro local de Caseros 924, Villa Santa Rosa, o pedilo con envío a todo el país.</p>;468
6692;Radio Winco DUAL W2005 AM/FM;Radios y Sintonizadores;Radio Winco Dual W2005 AM/FM;radio winco;radio winco am fm, radio winco w2005, radio am fm 4 bandas, radio winco córdoba;Radio Winco Dual W2005 AM/FM | Lucas Innovaciones;Radio Winco W2005 con sintonía dual AM/FM y varias bandas de cobertura. Retiralo en Villa Santa Rosa o pedilo con envío a todo el país.;<p>La radio Winco W2005 ofrece sintonía AM/FM con cobertura en varias bandas, una opción para escuchar tus emisoras en casa o en el taller.</p><ul><li>Marca Winco, modelo Dual W2005</li><li>Sintonía AM/FM</li><li>Cobertura en varias bandas</li><li>Diseño compacto</li></ul><p>Retiralo en nuestro local de Caseros 924, Villa Santa Rosa, o pedilo con envío a todo el país.</p>;481
8187;Receptor Bluetooth usb 5.0;Sin categorizar;Receptor Bluetooth USB 5.0;receptor bluetooth usb;adaptador bluetooth usb, receptor bluetooth 5.0, bluetooth usb para pc, receptor bluetooth córdoba;Receptor Bluetooth USB 5.0 | Lucas Innovaciones;Receptor Bluetooth USB 5.0 para sumar conexión inalámbrica a tus equipos. Retiralo en Villa Santa Rosa o pedilo con envío a todo el país.;<p>Receptor Bluetooth USB con tecnología 5.0, para sumar conexión inalámbrica a tus equipos y dejar de depender de cables.</p><ul><li>Bluetooth 5.0</li><li>Conexión por USB</li><li>Tamaño compacto y fácil de llevar</li><li>Consultanos para qué equipo lo vas a usar y te confirmamos la compatibilidad</li></ul><p>Retiralo gratis en nuestro local de Villa Santa Rosa, Córdoba, o pedilo con envío a todo el país.</p>;0
6947;Sintonizador FM SEISA BT QMK9015;Radios y Sintonizadores;Sintonizador FM Bluetooth Seisa QMK9015;sintonizador fm bluetooth;sintonizador fm seisa, transmisor fm bluetooth, seisa qmk9015, sintonizador fm para auto;Sintonizador FM Bluetooth Seisa QMK9015 | Lucas Innovaciones;Sintonizador FM Bluetooth Seisa QMK9015 para escuchar música y radio en el auto o en casa. Retiralo en Villa Santa Rosa o pedilo con envío a todo el país.;<p>El sintonizador FM Seisa QMK9015 combina radio FM con conexión Bluetooth, para escuchar tus emisoras y tu música desde el celular.</p><ul><li>Marca Seisa, modelo QMK9015</li><li>Conexión Bluetooth</li><li>Sintonía FM</li><li>Diseño compacto</li></ul><p>Retiralo en nuestro local de Caseros 924, Villa Santa Rosa, o pedilo con envío a todo el país.</p>;402
6747;Sintonizador FM SUONO ACC0007 Bt;Radios y Sintonizadores;Sintonizador FM Bluetooth Suono ACC0007;sintonizador fm bluetooth;sintonizador fm suono, transmisor fm bluetooth, suono acc0007, sintonizador fm para auto;Sintonizador FM Bluetooth Suono ACC0007 | Lucas Innovaciones;Sintonizador FM Bluetooth Suono ACC0007 para escuchar la radio y tu música sin cables. Retiralo en Villa Santa Rosa o pedilo con envío a todo el país.;<p>El sintonizador FM Suono ACC0007 suma radio FM y Bluetooth en un equipo pequeño, para usar en el auto, en casa o donde estés.</p><ul><li>Marca Suono, modelo ACC0007</li><li>Conexión Bluetooth</li><li>Sintonía FM</li><li>Diseño compacto</li></ul><p>Retiralo en nuestro local de Caseros 924, Villa Santa Rosa, o pedilo con envío a todo el país.</p>;407
6651;Anillos Ringo p/celu;Accesorios para Celular > Soportes y holders;Anillo Ringo para Celular;anillo para celular;anillo ringo celular, anillo soporte celular, ringo anillo precio, soporte anillo celular;Anillo Ringo para Celular | Lucas Innovaciones;Anillo Ringo para celular: agarre firme para usarlo con una mano y soporte para ver videos. Retiralo en Villa Santa Rosa o pedilo con envío a todo el país.;<p>El anillo Ringo se pega en el celular o en la funda y te da un agarre más firme para usarlo con una sola mano. También sirve como soporte para ver videos.</p><ul><li>Agarre cómodo para usar el celular con una mano</li><li>Funciona como soporte para ver videos</li><li>Se coloca en el celular o en la funda</li><li>Gira para ubicarlo en la posición que prefieras</li></ul><p>Retiralo en nuestro local de Caseros 924, Villa Santa Rosa, o pedilo con envío a todo el país.</p>;474
7018;Come cables formas;Accesorios para Celular > Soportes y holders;Come Cables con Formas para Cargador de Celular;come cables;come cable celular, protector de cable cargador, protector cable celular, accesorio para cable de cargador;Come Cables con Formas para Cargador de Celular;Come cables con formas para decorar y cuidar el cable de carga de tu celular. Retiralo en Villa Santa Rosa o pedilo con envío a todo el país.;<p>El come cables con formas es un accesorio para el cable de carga de tu celular. Suma un toque divertido y ayuda a cuidar el cable del uso diario.</p><ul><li>Accesorio para cable de carga de celular</li><li>Diseño con forma para personalizar el cargador</li><li>Ayuda a proteger el cable del uso diario</li><li>Consultanos por las formas disponibles</li></ul><p>Retiralo en nuestro local de Caseros 924, Villa Santa Rosa, o pedilo con envío a todo el país.</p>;0
6493;Funda comun;Accesorios para Celular > Fundas;Funda Común para Celular;funda para celular;funda celular, funda común celular, funda protectora celular, fundas para celular córdoba;Funda Común para Celular | Lucas Innovaciones;Funda común para celular que protege el equipo de golpes y rayones del día a día. Retirala en Villa Santa Rosa o pedila con envío a todo el país.;<p>La funda común es una forma simple de proteger tu celular de golpes y rayones sin sumarle volumen.</p><ul><li>Protección para el uso cotidiano</li><li>Diseño liviano que no agrega peso</li><li>Pensada para celulares de uso diario</li><li>Consultanos por tu modelo antes de comprarla</li></ul><p>Retirala en nuestro local de Caseros 924, Villa Santa Rosa, o pedila con envío a todo el país.</p>;419
6491;Hidrogel anti espia;Accesorios para Celular > Vidrios templados e hidrogel;Hidrogel Anti Espía para Celular;hidrogel anti espia;protector de pantalla anti espía, hidrogel privacidad, hidrogel celular, protector pantalla privacidad;Hidrogel Anti Espía para Celular | Lucas Innovaciones;Hidrogel anti espía para celular: cuida la pantalla y la privacidad de lo que mirás. Retiralo en Villa Santa Rosa o pedilo con envío a todo el país.;<p>El hidrogel anti espía protege la pantalla de tu celular y reduce que otros vean lo que hacés desde los costados.</p><ul><li>Protege la pantalla de arañazos</li><li>Mejora la privacidad en espacios públicos</li><li>Material flexible tipo hidrogel</li><li>Consultanos por el modelo de tu celular</li></ul><p>Retiralo en nuestro local de Caseros 924, Villa Santa Rosa, o pedilo con envío a todo el país.</p>;418
6488;Hidrogel blue light;Accesorios para Celular > Vidrios templados e hidrogel;Hidrogel Blue Light para Celular;hidrogel blue light;protector pantalla luz azul, hidrogel filtro luz azul, hidrogel celular, hidrogel anti luz azul;Hidrogel Blue Light para Celular | Lucas Innovaciones;Hidrogel blue light para celular: protege la pantalla y filtra la luz azul. Retiralo en Villa Santa Rosa o pedilo con envío a todo el país.;<p>El hidrogel blue light protege la pantalla de tu celular y cuenta con filtro de luz azul para cuidar la vista en el uso diario.</p><ul><li>Filtro de luz azul</li><li>Protege la pantalla de arañazos</li><li>Material flexible tipo hidrogel</li><li>Consultanos por el modelo de tu celular</li></ul><p>Retiralo en nuestro local de Caseros 924, Villa Santa Rosa, o pedilo con envío a todo el país.</p>;415
6487;Hidrogel clear AA;Accesorios para Celular > Vidrios templados e hidrogel;Hidrogel Clear AA para Celular;hidrogel clear aa;hidrogel transparente celular, protector de pantalla hidrogel, hidrogel celular, hidrogel aa;Hidrogel Clear AA para Celular | Lucas Innovaciones;Hidrogel Clear AA para celular, transparente y flexible, para proteger la pantalla. Retiralo en Villa Santa Rosa o pedilo con envío a todo el país.;<p>El hidrogel Clear AA es un protector de pantalla flexible y transparente que acompaña la forma de tu celular.</p><ul><li>Calidad Clear AA, transparente</li><li>Material flexible tipo hidrogel</li><li>Protege la pantalla de arañazos</li><li>Consultanos por el modelo de tu celular</li></ul><p>Retiralo en nuestro local de Caseros 924, Villa Santa Rosa, o pedilo con envío a todo el país.</p>;398
6581;Hidrogel Clear AAA;Accesorios para Celular > Vidrios templados e hidrogel;Hidrogel Clear AAA para Celular;hidrogel clear aaa;hidrogel transparente celular, protector de pantalla hidrogel, hidrogel celular, hidrogel aaa;Hidrogel Clear AAA para Celular | Lucas Innovaciones;Hidrogel Clear AAA para celular: protección flexible y transparente para la pantalla. Retiralo en Villa Santa Rosa o pedilo con envío a todo el país.;<p>El hidrogel Clear AAA es un protector de pantalla transparente y flexible, una alternativa al vidrio templado.</p><ul><li>Calidad Clear AAA, transparente</li><li>Material flexible tipo hidrogel</li><li>Alternativa al vidrio templado</li><li>Consultanos por el modelo de tu celular</li></ul><p>Retiralo en nuestro local de Caseros 924, Villa Santa Rosa, o pedilo con envío a todo el país.</p>;483
6489;Hidrogel matte;Accesorios para Celular > Vidrios templados e hidrogel;Hidrogel Matte para Celular;hidrogel matte;hidrogel mate celular, protector pantalla mate, hidrogel antihuellas, hidrogel celular;Hidrogel Matte para Celular | Lucas Innovaciones;Hidrogel matte para celular: protector de pantalla flexible con terminación mate. Retiralo en Villa Santa Rosa o pedilo con envío a todo el país.;<p>El hidrogel matte protege la pantalla de tu celular con una terminación mate y se adapta a la forma del equipo.</p><ul><li>Terminación mate</li><li>Material flexible tipo hidrogel</li><li>Protege la pantalla de arañazos</li><li>Consultanos por el modelo de tu celular</li></ul><p>Retiralo en nuestro local de Caseros 924, Villa Santa Rosa, o pedilo con envío a todo el país.</p>;404
6486;Hidrogel smartwatch;Accesorios para Celular > Vidrios templados e hidrogel;Hidrogel para Smartwatch;hidrogel smartwatch;protector pantalla smartwatch, hidrogel reloj inteligente, film smartwatch, protector reloj smart;Hidrogel para Smartwatch | Lucas Innovaciones;Hidrogel para smartwatch: protector flexible para la pantalla de tu reloj inteligente. Retiralo en Villa Santa Rosa o pedilo con envío a todo el país.;<p>El hidrogel para smartwatch protege la pantalla de tu reloj inteligente de rayones y se adapta a su forma.</p><ul><li>Protector flexible tipo hidrogel</li><li>Cuida la pantalla de rayones</li><li>Para relojes inteligentes</li><li>Consultanos por el modelo de tu reloj</li></ul><p>Retiralo en nuestro local de Caseros 924, Villa Santa Rosa, o pedilo con envío a todo el país.</p>;442
6490;Hidrogel premium;Accesorios para Celular > Vidrios templados e hidrogel;Hidrogel Premium para Celular;hidrogel premium;hidrogel celular, protector de pantalla hidrogel, hidrogel premium celular, film hidrogel celular;Hidrogel Premium para Celular | Lucas Innovaciones;Hidrogel premium para celular: protector de pantalla flexible, alternativa al vidrio. Retiralo en Villa Santa Rosa o pedilo con envío a todo el país.;<p>El hidrogel premium es un protector flexible que se estira y se adapta a la pantalla de tu celular, sin los quiebres del vidrio.</p><ul><li>Material flexible tipo hidrogel</li><li>Se adapta a la forma de la pantalla</li><li>Alternativa al vidrio templado</li><li>Consultanos por el modelo de tu celular</li></ul><p>Retiralo en nuestro local de Caseros 924, Villa Santa Rosa, o pedilo con envío a todo el país.</p>;452
6652;Lapiz optico pequeño punta goma p/celu;Accesorios para Celular > Soportes y holders;Lápiz Óptico Pequeño con Punta de Goma para Celular;lapiz optico para celular;lápiz táctil celular, lapicera táctil punta goma, lápiz para pantalla táctil, lápiz óptico precio;Lápiz Óptico Pequeño con Punta de Goma para Celular;Lápiz óptico pequeño con punta de goma para escribir y dibujar en el celular. Retiralo en Villa Santa Rosa o pedilo con envío a todo el país.;<p>El lápiz óptico pequeño con punta de goma te permite escribir, dibujar y navegar por la pantalla de tu celular con más precisión que con el dedo.</p><ul><li>Punta de goma para pantallas táctiles</li><li>Tamaño pequeño, fácil de llevar</li><li>Ideal para escribir, dibujar y navegar</li><li>Sirve para celulares y tablets con pantalla táctil</li></ul><p>Retiralo en nuestro local de Caseros 924, Villa Santa Rosa, o pedilo con envío a todo el país.</p>;386
8285;Lápiz Óptico universa;Accesorios para Celular > Soportes y holders;Lápiz Óptico Universal para Celular y Tablet;lapiz optico universal;lápiz táctil universal, lápiz para tablet, lápiz óptico celular, lapicera táctil celular;Lápiz Óptico Universal para Celular y Tablet;Lápiz óptico universal para celular y tablet: más precisión al escribir y dibujar. Retiralo en Villa Santa Rosa o pedilo con envío a todo el país.;<p>El lápiz óptico universal te ayuda a escribir, dibujar y manejar la pantalla táctil de tu celular o tablet con más precisión.</p><ul><li>Uso universal en pantallas táctiles</li><li>Ideal para escribir y dibujar</li><li>Cómodo para navegar y tocar con precisión</li><li>Fácil de llevar en el bolso o la mochila</li></ul><p>Retiralo en nuestro local de Caseros 924, Villa Santa Rosa, o pedilo con envío a todo el país.</p>;0
6513;Nano glass;Accesorios para Celular > Vidrios templados e hidrogel;Nano Glass Protector de Pantalla para Celular;nano glass;nano glass celular, protector pantalla nano, vidrio nano celular, protector de pantalla flexible;Nano Glass Protector de Pantalla para Celular;Nano Glass para celular: protector de pantalla que cuida del uso diario. Retiralo en Villa Santa Rosa o pedilo con envío a todo el país.;<p>El Nano Glass es un protector de pantalla para tu celular que ayuda a cuidarla de golpes y rayones en el día a día.</p><ul><li>Protege la pantalla del uso diario</li><li>Pensado para mantener el tacto de la pantalla</li><li>Colocación simple</li><li>Consultanos por el modelo de tu celular</li></ul><p>Retiralo en nuestro local de Caseros 924, Villa Santa Rosa, o pedilo con envío a todo el país.</p>;424
7986;Palo Selfie SEISA con luces y tripode;Accesorios para Celular > Soportes y holders;Palo Selfie Seisa con Luces y Trípode;palo selfie con tripode;palo selfie con luz, selfie stick seisa, trípode para celular con luz, palo selfie precio;Palo Selfie Seisa con Luces y Trípode | Lucas Innovaciones;Palo selfie Seisa con luces y trípode para fotos, videos y videollamadas con el celular. Retiralo en Villa Santa Rosa o pedilo con envío a todo el país.;<p>El palo selfie Seisa combina luces y trípode para que saques fotos, grabes videos y hagas videollamadas con el celular bien iluminado y estable.</p><ul><li>Incluye luces para mejorar la iluminación</li><li>Funciona también como trípode</li><li>Ideal para selfies, videos y videollamadas</li><li>Útil para contenido de redes sociales</li></ul><p>Retiralo en nuestro local de Caseros 924, Villa Santa Rosa, o pedilo con envío a todo el país.</p>;0
7017;Pop socket corazon;Accesorios para Celular > Soportes y holders;Pop Socket Corazón para Celular;pop socket corazon;popsocket corazón, pop socket celular, agarre para celular corazón, pop socket córdoba;Pop Socket Corazón para Celular | Lucas Innovaciones;Pop socket con forma de corazón para sostener el celular con comodidad y usarlo de soporte. Retiralo en Villa Santa Rosa o pedilo con envío a todo el país.;<p>El pop socket con forma de corazón se pega en el celular o en la funda y te ayuda a sostenerlo mejor. Además, lo usás como soporte para ver videos.</p><ul><li>Diseño con forma de corazón</li><li>Agarre cómodo para usar el celular con una mano</li><li>Funciona como soporte para ver videos</li><li>Se pega en el celular o en la funda</li></ul><p>Retiralo en nuestro local de Caseros 924, Villa Santa Rosa, o pedilo con envío a todo el país.</p>;0
6538;Pop socket diamante;Accesorios para Celular > Soportes y holders;Pop Socket Diamante para Celular;pop socket diamante;popsocket diamante, pop socket celular, agarre para celular diamante, pop socket córdoba;Pop Socket Diamante para Celular | Lucas Innovaciones;Pop socket diamante para sostener el celular con comodidad y usarlo de soporte. Retiralo en Villa Santa Rosa o pedilo con envío a todo el país.;<p>El pop socket diamante se pega en el celular o en la funda y te da un mejor agarre para scrollear, sacar fotos o ver videos.</p><ul><li>Diseño tipo diamante</li><li>Agarre cómodo para usar el celular con una mano</li><li>Funciona como soporte para ver videos</li><li>Se pega en el celular o en la funda</li></ul><p>Retiralo en nuestro local de Caseros 924, Villa Santa Rosa, o pedilo con envío a todo el país.</p>;456
6730;Soporte para celular de escritorio;Accesorios para Celular > Soportes y holders;Soporte de Escritorio para Celular;soporte de escritorio para celular;soporte celular mesa, soporte para celular escritorio, soporte celular videollamadas, soporte celular precio;Soporte de Escritorio para Celular | Lucas Innovaciones;Soporte de escritorio para celular: dejalo a la vista para videos y videollamadas. Retiralo en Villa Santa Rosa o pedilo con envío a todo el país.;<p>Con este soporte de escritorio tenés el celular a mano sin sostenerlo. Sirve para ver videos, hacer videollamadas o simplemente dejarlo a la vista.</p><ul><li>Para uso sobre mesa o escritorio</li><li>Deja las manos libres</li><li>Ideal para videos y videollamadas</li><li>Práctico para casa u oficina</li></ul><p>Retiralo en nuestro local de Caseros 924, Villa Santa Rosa, o pedilo con envío a todo el país.</p>;389
6833;Soporte de mesa desktop LB018;Accesorios para Celular > Soportes y holders;Soporte de Mesa para Celular LB018;soporte de mesa para celular;soporte celular escritorio, soporte lb018, soporte de escritorio celular, soporte para celular precio;Soporte de Mesa para Celular LB018 | Lucas Innovaciones;Soporte de mesa LB018 para dejar el celular a la vista en el escritorio. Retiralo en Villa Santa Rosa o pedilo con envío a todo el país.;<p>El soporte de mesa LB018 deja tu celular a la vista y en el ángulo justo para ver videos, hacer videollamadas o seguir una receta sin ocupar las manos.</p><ul><li>Modelo LB018 para uso de escritorio</li><li>Deja el celular a la vista y a mano</li><li>Ideal para videos y videollamadas</li><li>Práctico para la oficina o el hogar</li></ul><p>Retiralo en nuestro local de Caseros 924, Villa Santa Rosa, o pedilo con envío a todo el país.</p>;399
6748;Soporte Fijo para TV C53 32 - 75'';Accesorios para Celular > Soportes y holders;Soporte Fijo para TV C53 de 32 a 75 Pulgadas;soporte fijo para tv;soporte tv 32 a 75, soporte de pared para tv, soporte tv c53, soporte para televisor córdoba;Soporte Fijo para TV C53 de 32 a 75 Pulgadas;Soporte fijo para TV C53 de 32 a 75 pulgadas para montar tu televisor en la pared. Retiralo en Villa Santa Rosa o pedilo con envío a todo el país.;<p>El soporte fijo C53 sirve para colgar en la pared televisores de 32 a 75 pulgadas y liberar espacio en el mueble.</p><ul><li>Compatible con TV de 32 a 75 pulgadas</li><li>Montaje fijo sobre la pared</li><li>Libera espacio en el mueble</li><li>Modelo C53</li></ul><p>Retiralo en nuestro local de Caseros 924, Villa Santa Rosa, o pedilo con envío a todo el país.</p>;410
6604;Soporte holder movil para celu Big Truck;Accesorios para Celular > Soportes y holders;Soporte Holder Móvil para Celular Big Truck;soporte para celular auto;holder celular auto, soporte celular big truck, soporte para celular para auto, holder big truck;Soporte Holder Móvil para Celular Big Truck;Soporte holder para celular Big Truck: tené el celular a la vista en el auto. Retiralo en Villa Santa Rosa o pedilo con envío a todo el país.;<p>El soporte holder Big Truck mantiene el celular a la vista y seguro mientras manejás, ideal para seguir el mapa o atender llamadas.</p><ul><li>Pensado para uso en el auto</li><li>Mantiene el celular a la vista</li><li>Útil para mapas y llamadas</li><li>Modelo Big Truck</li></ul><p>Retiralo en nuestro local de Caseros 924, Villa Santa Rosa, o pedilo con envío a todo el país.</p>;493
7809;Soporte holder para auto bracket sucker;Accesorios para Celular > Soportes y holders;Soporte Holder para Auto Bracket Sucker con Ventosa;soporte celular auto ventosa;holder auto ventosa, soporte para celular auto, bracket sucker holder, soporte celular parabrisas;Soporte Holder para Auto Bracket Sucker con Ventosa;Soporte holder para auto Bracket Sucker, con ventosa, para el celular a la vista. Retiralo en Villa Santa Rosa o pedilo con envío a todo el país.;<p>El soporte holder Bracket Sucker se fija con ventosa y te deja el celular a la vista en el auto para usar el GPS o atender llamadas.</p><ul><li>Fijación con ventosa</li><li>Pensado para usar en el auto</li><li>Útil para mapas, GPS y llamadas</li><li>Modelo Bracket Sucker</li></ul><p>Retiralo en nuestro local de Caseros 924, Villa Santa Rosa, o pedilo con envío a todo el país.</p>;0
6816;Soporte Holder SEISA brazo largo ventosa;Accesorios para Celular > Fundas;Soporte Holder Seisa para Celular con Brazo Largo y Ventosa;soporte para celular con ventosa;holder celular brazo largo, soporte celular ventosa, soporte seisa celular, holder para celular precio;Soporte Holder Seisa para Celular con Brazo Largo y Ventosa;Soporte holder Seisa con brazo largo y ventosa para tener el celular a la vista. Retiralo en Villa Santa Rosa o pedilo con envío a todo el país.;<p>El soporte holder Seisa con brazo largo y ventosa te deja el celular a la vista y a la altura que prefieras, en el auto o en tu lugar de trabajo.</p><ul><li>Brazo largo para ubicar el celular a tu medida</li><li>Se fija con ventosa sobre superficies lisas</li><li>Ideal para el auto, el escritorio o la cocina</li><li>Útil para mapas, videos y videollamadas</li></ul><p>Retiralo en nuestro local de Caseros 924, Villa Santa Rosa, o pedilo con envío a todo el país.</p>;402
7810;Soporte para auto magnetico Magnetx;Accesorios para Celular > Soportes y holders;Soporte Magnético para Auto Magnetx;soporte magnetico para auto;soporte celular magnético, holder magnético auto, soporte magnetx, soporte para celular auto imán;Soporte Magnético para Auto Magnetx | Lucas Innovaciones;Soporte magnético Magnetx para el auto: sostené el celular a la vista mientras manejás. Retiralo en Villa Santa Rosa o pedilo con envío a todo el país.;<p>El soporte magnético Magnetx sostiene el celular con un imán para que lo tengas a la vista en el auto, a mano para el mapa o las llamadas.</p><ul><li>Sujeción magnética del celular</li><li>Pensado para usar en el auto</li><li>Colocás y sacás el celular fácil</li><li>Modelo Magnetx</li></ul><p>Retiralo en nuestro local de Caseros 924, Villa Santa Rosa, o pedilo con envío a todo el país.</p>;0
7014;Tira correa corta para celu Hands strap;Accesorios para Celular > Soportes y holders;Tira Correa Corta para Celular Hands Strap;correa para celular;correa corta celular, hands strap celular, tira para celular, correa muñeca celular;Tira Correa Corta para Celular Hands Strap;Tira correa corta Hands Strap para llevar el celular en la mano o la muñeca. Retirala en Villa Santa Rosa o pedila con envío a todo el país.;<p>La tira correa corta Hands Strap se coloca en el celular y te permite llevarlo sujeto de la mano o la muñeca, para tenerlo más seguro.</p><ul><li>Formato corto, para la mano o la muñeca</li><li>Se engancha al celular</li><li>Ayuda a que no se te caiga</li><li>Modelo Hands Strap</li></ul><p>Retirala en nuestro local de Caseros 924, Villa Santa Rosa, o pedila con envío a todo el país.</p>;0
7016;Tira correa larga  para celu cordon;Accesorios para Celular > Soportes y holders;Tira Correa Larga con Cordón para Celular;correa larga para celular;cordón para celular, correa celular colgante, tira larga celular, correa para llevar el celular;Tira Correa Larga con Cordón para Celular;Tira correa larga con cordón para llevar el celular colgado y a mano. Retirala en Villa Santa Rosa o pedila con envío a todo el país.;<p>La tira correa larga con cordón te permite llevar el celular colgado, a mano y más seguro cuando salís.</p><ul><li>Formato largo con cordón</li><li>Para llevar el celular colgado</li><li>Se engancha al celular</li><li>Práctica para el día a día</li></ul><p>Retirala en nuestro local de Caseros 924, Villa Santa Rosa, o pedila con envío a todo el país.</p>;0
7015;Tira correa larga para celu Hands strap Diseño;Accesorios para Celular > Soportes y holders;Tira Correa Larga para Celular Hands Strap Diseño;correa larga para celular;correa celular con diseño, hands strap diseño, tira larga celular, cordón para celular con diseño;Tira Correa Larga para Celular Hands Strap Diseño;Tira correa larga Hands Strap con diseño para llevar el celular colgado y a mano. Retirala en Villa Santa Rosa o pedila con envío a todo el país.;<p>La tira correa larga Hands Strap con diseño te permite llevar el celular colgado y a mano, sumando un toque de estilo.</p><ul><li>Formato largo</li><li>Diseño decorativo</li><li>Se engancha al celular</li><li>Modelo Hands Strap</li></ul><p>Retirala en nuestro local de Caseros 924, Villa Santa Rosa, o pedila con envío a todo el país.</p>;0
6485;Vidrio templado 9D | glass 9d;Accesorios para Celular > Vidrios templados e hidrogel;Vidrio Templado 9D para Celular;vidrio templado 9d;glass 9d, vidrio 9d celular, protector pantalla 9d, vidrio templado 9d precio;Vidrio Templado 9D para Celular | Lucas Innovaciones;Vidrio templado 9D para celular: protección de pantalla frente a golpes y rayones. Retiralo en Villa Santa Rosa o pedilo con envío a todo el país.;<p>El vidrio templado 9D protege la pantalla de tu celular de golpes y rayones en el uso de todos los días.</p><ul><li>Protección 9D para la pantalla</li><li>Resistente a golpes y rayones</li><li>Colocación simple</li><li>Consultanos por el modelo de tu celular</li></ul><p>Retiralo en nuestro local de Caseros 924, Villa Santa Rosa, o pedilo con envío a todo el país.</p>;436
6530;Glass vidrio templado de camaras brillo;Accesorios para Celular > Vidrios templados e hidrogel;Vidrio Templado Brillo para Cámaras de Celular;vidrio templado camara brillo;protector de cámara celular, glass cámara brillo, vidrio cámara trasera, protector de lente celular;Vidrio Templado Brillo para Cámaras de Celular;Vidrio templado con brillo para cámaras de celular, protege las lentes de golpes y rayones. Retiralo en Villa Santa Rosa o pedilo con envío a todo el país.;<p>Este vidrio templado con terminación brillosa cuida las lentes de las cámaras de tu celular de golpes y arañazos.</p><ul><li>Terminación brillo</li><li>Protege las lentes de rayones y golpes</li><li>Se coloca sobre las cámaras traseras</li><li>Consultanos por el modelo de tu celular</li></ul><p>Retiralo en nuestro local de Caseros 924, Villa Santa Rosa, o pedilo con envío a todo el país.</p>;362
6529;Glass vidrio templado de camaras;Accesorios para Celular > Vidrios templados e hidrogel;Vidrio Templado para Cámaras de Celular;vidrio templado de camara;protector de cámara celular, glass cámara celular, vidrio cámara trasera, protector de lente celular;Vidrio Templado para Cámaras de Celular | Lucas Innovaciones;Vidrio templado para cámaras de celular que protege las lentes de rayones y golpes. Retiralo en Villa Santa Rosa o pedilo con envío a todo el país.;<p>Este vidrio templado cubre las cámaras traseras de tu celular y las protege de rayaduras, polvo y golpes.</p><ul><li>Protege las lentes de rayones y golpes</li><li>Se coloca sobre las cámaras traseras</li><li>Ayuda a mantener las lentes limpias</li><li>Consultanos por el modelo de tu celular</li></ul><p>Retiralo en nuestro local de Caseros 924, Villa Santa Rosa, o pedilo con envío a todo el país.</p>;368
6484;Vidrio templado | glass;Accesorios para Celular > Vidrios templados e hidrogel;Vidrio Templado para Celular;vidrio templado para celular;glass celular, protector de pantalla vidrio templado, vidrio templado precio, vidrio templado córdoba;Vidrio Templado para Celular | Lucas Innovaciones;Vidrio templado para celular: protección para la pantalla frente a golpes y rayones. Retiralo en Villa Santa Rosa o pedilo con envío a todo el país.;<p>El vidrio templado protege la pantalla de tu celular de golpes y rayones, y se coloca en pocos minutos.</p><ul><li>Protege la pantalla de golpes y rayones</li><li>Colocación simple</li><li>Pantalla visible, casi sin notarlo</li><li>Consultanos por el modelo de tu celular</li></ul><p>Retiralo en nuestro local de Caseros 924, Villa Santa Rosa, o pedilo con envío a todo el país.</p>;377
7684;Auto Estereo fijo AV5721 con BT;Accesorios Vehículo > Estéreos de auto;Auto Estéreo Fijo AV5721 con Bluetooth;estereo para auto bluetooth;radio para auto bluetooth, estéreo av5721, estéreo fijo auto, radio auto bluetooth precio;Auto Estéreo Fijo AV5721 con Bluetooth | Lucas Innovaciones;Auto estéreo fijo AV5721 con Bluetooth para escuchar música y atender llamadas en el auto. Retiralo en Villa Santa Rosa o pedilo con envío a todo el país.;<p>El estéreo fijo AV5721 con Bluetooth te permite escuchar música desde el celular y manejar llamadas en el auto.</p><ul><li>Estéreo fijo para el tablero</li><li>Conectividad Bluetooth</li><li>Para música y llamadas</li><li>Modelo AV5721</li></ul><p>Retiralo en nuestro local de Caseros 924, Villa Santa Rosa, o pedilo con envío a todo el país.</p>;0
6811;Auto Estereo fijo DINAX dxstereo20;Accesorios Vehículo > Estéreos de auto;Auto Estéreo Fijo Dinax DXSTEREO20;estereo para auto;radio para auto dinax, estéreo dinax dxstereo20, estéreo fijo auto, radio auto precio;Auto Estéreo Fijo Dinax DXSTEREO20 | Lucas Innovaciones;Auto estéreo fijo Dinax DXSTEREO20 para mejorar el sonido de tu auto. Retiralo en Villa Santa Rosa o pedilo con envío a todo el país.;<p>El estéreo Dinax DXSTEREO20 se instala fijo en el tablero para mejorar el sonido del auto en cada viaje.</p><ul><li>Estéreo fijo para el tablero</li><li>Marca Dinax</li><li>Modelo DXSTEREO20</li><li>Consultanos por la instalación y compatibilidad</li></ul><p>Retiralo en nuestro local de Caseros 924, Villa Santa Rosa, o pedilo con envío a todo el país.</p>;420
7117;Auto Estereo Android QM7002A 7' c/ camara trasera SEISA;Accesorios Vehículo > Estéreos de auto;Estéreo Android Seisa QM7002A 7 Pulgadas con Cámara;estereo android para auto;radio android auto, estéreo seisa qm7002a, estéreo 7 pulgadas cámara, pantalla android para auto;Estéreo Android Seisa QM7002A 7 Pulgadas con Cámara;Auto estéreo Android Seisa QM7002A de 7 pulgadas con cámara trasera para tu auto. Retiralo en Villa Santa Rosa o pedilo con envío a todo el país.;<p>El estéreo Android Seisa QM7002A tiene pantalla de 7 pulgadas y cámara trasera, para entretenimiento y ayuda al estacionar.</p><ul><li>Sistema Android</li><li>Pantalla de 7 pulgadas</li><li>Incluye cámara trasera</li><li>Modelo QM7002A de Seisa</li></ul><p>Retiralo en nuestro local de Caseros 924, Villa Santa Rosa, o pedilo con envío a todo el país.</p>;0
6738;Estéreo Ecopower EP-7001;Accesorios Vehículo > Estéreos de auto;Estéreo para Auto Ecopower EP-7001 con Bluetooth;estereo ecopower ep-7001;estéreo para auto ecopower, radio auto bluetooth, ecopower ep7001, radio para auto precio;Estéreo para Auto Ecopower EP-7001 con Bluetooth;Estéreo Ecopower EP-7001 con Bluetooth para escuchar música del celular en el auto. Retiralo en Villa Santa Rosa o pedilo con envío a todo el país.;<p>El estéreo Ecopower EP-7001 te permite conectar el celular por Bluetooth y escuchar tu música en cada viaje.</p><ul><li>Conexión Bluetooth con el celular</li><li>Marca Ecopower</li><li>Modelo EP-7001</li><li>Para música y llamadas en el auto</li></ul><p>Retiralo en nuestro local de Caseros 924, Villa Santa Rosa, o pedilo con envío a todo el país.</p>;453
6740;Estéreo Ecopower EP-8740;Accesorios Vehículo > Estéreos de auto;Estéreo para Auto Ecopower EP-8740 con Bluetooth;estereo ecopower ep-8740;estéreo para auto ecopower, radio auto bluetooth, ecopower ep8740, radio para auto precio;Estéreo para Auto Ecopower EP-8740 con Bluetooth;Estéreo Ecopower EP-8740 con Bluetooth para música de calidad y llamadas en el auto. Retiralo en Villa Santa Rosa o pedilo con envío a todo el país.;<p>El estéreo Ecopower EP-8740 se conecta al celular por Bluetooth para que disfrutes de tu música en cada viaje.</p><ul><li>Conexión Bluetooth con el celular</li><li>Marca Ecopower</li><li>Modelo EP-8740</li><li>Para música y llamadas en el auto</li></ul><p>Retiralo en nuestro local de Caseros 924, Villa Santa Rosa, o pedilo con envío a todo el país.</p>;441
7537;Parlante mini K12 c/ 2 microfonos;Accesorios Vehículo > Parlantes de auto;Parlante Mini K12 con 2 Micrófonos;parlante con microfono;parlante karaoke, parlante mini k12, parlante con 2 micrófonos, parlante portátil con micrófono;Parlante Mini K12 con 2 Micrófonos | Lucas Innovaciones;Parlante mini K12 con 2 micrófonos para cantar y animar reuniones. Retiralo en Villa Santa Rosa o pedilo con envío a todo el país.;<p>El parlante mini K12 incluye 2 micrófonos, pensado para cantar, animar reuniones y escuchar música con amigos o en familia.</p><ul><li>Incluye 2 micrófonos</li><li>Tamaño mini, fácil de llevar</li><li>Para karaoke y reuniones</li><li>Modelo K12</li></ul><p>Retiralo en nuestro local de Caseros 924, Villa Santa Rosa, o pedilo con envío a todo el país.</p>;0
6544;Auricular GTC HSG195 Alchemy twins BT;Audio > Auriculares inalámbricos;Auriculares Bluetooth GTC HSG195 Alchemy Twins;auriculares gtc hsg195;auriculares bluetooth gtc, alchemy twins gtc, gtc hsg195, auris bluetooth gtc;Auriculares Bluetooth GTC HSG195 Alchemy Twins;Auriculares Bluetooth GTC HSG195 Alchemy Twins para moverte sin cables. Retiralos en Villa Santa Rosa o pedilos con envío a todo el país.;<p>Los GTC HSG195 Alchemy Twins se conectan por Bluetooth al celular para que te muevas sin cables mientras escuchás música o hablás.</p><ul><li>Conexión Bluetooth</li><li>Marca GTC, modelo HSG195 Alchemy Twins</li><li>Sin cables</li><li>Para música y llamadas</li></ul><p>Retiralos en nuestro local de Caseros 924, Villa Santa Rosa, o pedilos con envío a todo el país.</p>;393
6297;Auricular BT JBL Tune 510;Audio > Auriculares inalámbricos;Auriculares Bluetooth JBL Tune 510;auriculares jbl tune 510;jbl tune 510bt, auriculares bluetooth jbl, auriculares jbl inalámbricos, jbl tune 510 precio;Auriculares Bluetooth JBL Tune 510 | Lucas Innovaciones;Auriculares Bluetooth JBL Tune 510 para escuchar música y atender llamadas sin cables. Retiralos en Villa Santa Rosa o pedilos con envío a todo el país.;<p>Los JBL Tune 510 son auriculares Bluetooth que te dejan escuchar música y atender llamadas sin cables.</p><ul><li>Conexión Bluetooth</li><li>Marca JBL, modelo Tune 510</li><li>Sin cables</li><li>Para música y llamadas</li></ul><p>Retiralos en nuestro local de Caseros 924, Villa Santa Rosa, o pedilos con envío a todo el país.</p>;459
6643;Auricular Kolke KAB633 BT;Audio > Auriculares inalámbricos;Auriculares Bluetooth Kolke KAB633;auriculares kolke kab633;auriculares bluetooth kolke, kolke kab633 bt, auris bluetooth kolke, kolke kab633 precio;Auriculares Bluetooth Kolke KAB633 | Lucas Innovaciones;Auriculares Bluetooth Kolke KAB633 para escuchar música sin cables. Retiralos en Villa Santa Rosa o pedilos con envío a todo el país.;<p>Los Kolke KAB633 se conectan por Bluetooth al celular para que escuches tu música y hables sin cables de por medio.</p><ul><li>Conexión Bluetooth</li><li>Marca Kolke, modelo KAB633</li><li>Sin cables</li><li>Para música y llamadas</li></ul><p>Retiralos en nuestro local de Caseros 924, Villa Santa Rosa, o pedilos con envío a todo el país.</p>;404
6783;Auriculares AIR 39 FLUX Fair39;Audio > Auriculares con cable;Auriculares con Cable AIR 39 FLUX Fair39;auriculares con cable;auriculares air 39 flux, auris fair39, auriculares fair39, auriculares con cable precio;Auriculares con Cable AIR 39 FLUX Fair39;Auriculares con cable AIR 39 FLUX Fair39 para escuchar música y atender llamadas. Retiralos en Villa Santa Rosa o pedilos con envío a todo el país.;<p>Los auriculares AIR 39 FLUX Fair39 tienen cable, para quienes prefieren no depender de baterías.</p><ul><li>Auriculares con cable</li><li>Modelo AIR 39 FLUX Fair39</li><li>Sin batería, sin necesidad de cargarlos</li><li>Para música y llamadas</li></ul><p>Retiralos en nuestro local de Caseros 924, Villa Santa Rosa, o pedilos con envío a todo el país.</p>;385
6292;Auriculares Aló Vibe;Audio > Auriculares con cable;Auriculares con Cable Aló Vibe;auriculares alo vibe;auriculares aló vibe con cable, auris alo vibe, alo vibe auriculares, auriculares con cable;Auriculares con Cable Aló Vibe | Lucas Innovaciones;Auriculares con cable Aló Vibe para música, podcasts y llamadas. Retiralos en Villa Santa Rosa o pedilos con envío a todo el país.;<p>Los auriculares Aló Vibe tienen cable y sirven para escuchar música, podcasts y atender llamadas.</p><ul><li>Auriculares con cable</li><li>Modelo Aló Vibe</li><li>Sin batería, sin necesidad de cargarlos</li><li>Para música, podcasts y llamadas</li></ul><p>Retiralos en nuestro local de Caseros 924, Villa Santa Rosa, o pedilos con envío a todo el país.</p>;411
6282;Auricular c/cable Fox Box Link Pro;Audio > Auriculares con cable;Auriculares con Cable FoxBox Link Pro;auriculares con cable;auriculares foxbox link pro, auris con cable, foxbox link pro, auriculares con cable precio;Auriculares con Cable FoxBox Link Pro | Lucas Innovaciones;Auriculares con cable FoxBox Link Pro para música y llamadas. Retiralos en Villa Santa Rosa o pedilos con envío a todo el país.;<p>Los FoxBox Link Pro son auriculares con cable para escuchar música y atender llamadas sin depender de baterías.</p><ul><li>Auriculares con cable</li><li>Marca FoxBox, modelo Link Pro</li><li>Sin batería, sin necesidad de cargarlos</li><li>Para música y llamadas</li></ul><p>Retiralos en nuestro local de Caseros 924, Villa Santa Rosa, o pedilos con envío a todo el país.</p>;368
6475;Auricular c/cable Fox Box Link Pro tipo C;Audio > Auriculares con cable;Auriculares con Cable FoxBox Link Pro USB-C;auriculares usb c;auriculares tipo c con cable, auris usb-c, foxbox link pro tipo c, auriculares con cable usb-c;Auriculares con Cable FoxBox Link Pro USB-C;Auriculares con cable FoxBox Link Pro con conexión USB-C directa al celular. Retiralos en Villa Santa Rosa o pedilos con envío a todo el país.;<p>Los FoxBox Link Pro USB-C se conectan directo al puerto USB-C de tu celular, sin adaptadores.</p><ul><li>Conexión USB-C</li><li>Auriculares con cable</li><li>Marca FoxBox, modelo Link Pro</li><li>Sin batería, sin necesidad de cargarlos</li></ul><p>Retiralos en nuestro local de Caseros 924, Villa Santa Rosa, o pedilos con envío a todo el país.</p>;578
6518;Auriculares gnr pro 3;Audio > Auriculares con cable;Auriculares con Cable GNR Pro 3;auriculares gnr pro 3;auriculares con cable gnr, auris gnr pro 3, gnr pro 3, auriculares con cable;Auriculares con Cable GNR Pro 3 | Lucas Innovaciones;Auriculares con cable GNR Pro 3 para escuchar música y atender llamadas. Retiralos en Villa Santa Rosa o pedilos con envío a todo el país.;<p>Los auriculares GNR Pro 3 tienen cable y son una opción práctica para el uso diario.</p><ul><li>Auriculares con cable</li><li>Modelo GNR Pro 3</li><li>Sin batería, sin necesidad de cargarlos</li><li>Para música y llamadas</li></ul><p>Retiralos en nuestro local de Caseros 924, Villa Santa Rosa, o pedilos con envío a todo el país.</p>;371
6294;Auriculares sin marca GNR-TWPR3-100;Audio > Auriculares con cable;Auriculares con Cable GNR TWPR3-100;auriculares con cable economicos;auriculares gnr twpr3-100, auris con cable, gnr twpr3, auriculares con cable precio;Auriculares con Cable GNR TWPR3-100 | Lucas Innovaciones;Auriculares con cable GNR TWPR3-100 para escuchar música y atender llamadas. Retiralos en Villa Santa Rosa o pedilos con envío a todo el país.;<p>Los auriculares GNR TWPR3-100 tienen cable y son una opción simple para el uso diario.</p><ul><li>Auriculares con cable</li><li>Modelo GNR TWPR3-100</li><li>Sin batería, sin necesidad de cargarlos</li><li>Para música y llamadas</li></ul><p>Retiralos en nuestro local de Caseros 924, Villa Santa Rosa, o pedilos con envío a todo el país.</p>;372
6283;Auricular c/cable HP DHE-7000;Audio > Auriculares con cable;Auriculares con Cable HP DHE-7000;auriculares hp con cable;auriculares hp dhe-7000, auris hp con cable, hp dhe 7000, auriculares con cable hp precio;Auriculares con Cable HP DHE-7000 | Lucas Innovaciones;Auriculares con cable HP DHE-7000 para música y llamadas. Retiralos en Villa Santa Rosa o pedilos con envío a todo el país.;<p>Los auriculares HP DHE-7000 tienen cable y te permiten escuchar música y atender llamadas sin depender de baterías.</p><ul><li>Auriculares con cable</li><li>Marca HP, modelo DHE-7000</li><li>Sin batería, sin necesidad de cargarlos</li><li>Para música y llamadas</li></ul><p>Retiralos en nuestro local de Caseros 924, Villa Santa Rosa, o pedilos con envío a todo el país.</p>;378
6792;Auricular NETMAK NM Live;Audio > Auriculares con cable;Auriculares con Cable Netmak NM Live;auriculares netmak;auriculares netmak nm live, auris netmak, netmak nm live, auriculares con cable netmak;Auriculares con Cable Netmak NM Live | Lucas Innovaciones;Auriculares con cable Netmak NM Live para disfrutar de tu música favorita. Retiralos en Villa Santa Rosa o pedilos con envío a todo el país.;<p>Los Netmak NM Live son auriculares para escuchar tu música favorita con sonido claro.</p><ul><li>Auriculares con cable</li><li>Marca Netmak, modelo NM Live</li><li>Sin batería, sin necesidad de cargarlos</li><li>Para música y llamadas</li></ul><p>Retiralos en nuestro local de Caseros 924, Villa Santa Rosa, o pedilos con envío a todo el país.</p>;426
6281;Auricular c/cable Netmark UR90;Audio > Auriculares con cable;Auriculares con Cable Netmark UR90;auriculares con cable netmark;auriculares netmark ur90, auris con cable, netmark ur90, auriculares con cable precio;Auriculares con Cable Netmark UR90 | Lucas Innovaciones;Auriculares con cable Netmark UR90 para música y llamadas, sin necesidad de cargarlos. Retiralos en Villa Santa Rosa o pedilos con envío a todo el país.;<p>Los Netmark UR90 son auriculares con cable para escuchar música sin pasar por la carga de baterías.</p><ul><li>Auriculares con cable</li><li>Modelo UR90</li><li>Sin batería, sin necesidad de cargarlos</li><li>Para música y llamadas</li></ul><p>Retiralos en nuestro local de Caseros 924, Villa Santa Rosa, o pedilos con envío a todo el país.</p>;419
6284;Auricular c/cable Noblex;Audio > Auriculares con cable;Auriculares con Cable Noblex;auriculares noblex;auriculares con cable noblex, auris noblex, auriculares noblex precio, auriculares con cable;Auriculares con Cable Noblex | Lucas Innovaciones;Auriculares con cable Noblex para escuchar música y atender llamadas. Retiralos en Villa Santa Rosa o pedilos con envío a todo el país.;<p>Estos auriculares Noblex tienen cable y sirven para escuchar música, podcasts y atender llamadas.</p><ul><li>Auriculares con cable</li><li>Marca Noblex</li><li>Sin batería, sin necesidad de cargarlos</li><li>Para música, podcasts y llamadas</li></ul><p>Retiralos en nuestro local de Caseros 924, Villa Santa Rosa, o pedilos con envío a todo el país.</p>;338
6956;Auricular P47;Audio > Auriculares con cable;Auriculares con Cable P47;auriculares p47;auriculares con cable p47, auris p47, auriculares p47 precio, auriculares con cable;Auriculares con Cable P47 | Lucas Innovaciones;Auriculares con cable P47 para música, podcasts y llamadas. Retiralos en Villa Santa Rosa o pedilos con envío a todo el país.;<p>Los auriculares P47 tienen cable y sirven para escuchar música, podcasts o atender llamadas.</p><ul><li>Auriculares con cable</li><li>Modelo P47</li><li>Sin batería, sin necesidad de cargarlos</li><li>Para música, podcasts y llamadas</li></ul><p>Retiralos en nuestro local de Caseros 924, Villa Santa Rosa, o pedilos con envío a todo el país.</p>;376
6472;Auricular plug Netmak;Audio > Auriculares con cable;Auriculares con Cable Plug Netmak;auriculares plug;auriculares netmak plug, auris con cable netmak, auriculares con plug, auriculares netmak;Auriculares con Cable Plug Netmak | Lucas Innovaciones;Auriculares con cable Plug Netmak para música y podcasts. Retiralos en Villa Santa Rosa o pedilos con envío a todo el país.;<p>Los auriculares Plug de Netmak son un compañero práctico para escuchar música y podcasts.</p><ul><li>Auriculares con cable</li><li>Marca Netmak, línea Plug</li><li>Sin batería, sin necesidad de cargarlos</li><li>Para música y podcasts</li></ul><p>Retiralos en nuestro local de Caseros 924, Villa Santa Rosa, o pedilos con envío a todo el país.</p>;475
6300;Auricular c/cable Sony;Audio > Auriculares con cable;Auriculares con Cable Sony;auriculares sony con cable;auriculares sony, auris sony con cable, auriculares con cable sony precio, auriculares con cable;Auriculares con Cable Sony | Lucas Innovaciones;Auriculares con cable Sony para escuchar música y atender llamadas. Retiralos en Villa Santa Rosa o pedilos con envío a todo el país.;<p>Estos auriculares Sony tienen cable y no dependen de baterías, para escuchar música y atender llamadas.</p><ul><li>Auriculares con cable</li><li>Marca Sony</li><li>Sin batería, sin necesidad de cargarlos</li><li>Para música y llamadas</li></ul><p>Retiralos en nuestro local de Caseros 924, Villa Santa Rosa, o pedilos con envío a todo el país.</p>;454
6293;Auriculares Ultrapods Max;Audio > Auriculares con cable;Auriculares con Cable Ultrapods Max;auriculares ultrapods max;ultrapods max, auris ultrapods, auriculares ultrapods con cable, auriculares con cable;Auriculares con Cable Ultrapods Max | Lucas Innovaciones;Auriculares con cable Ultrapods Max para escuchar música, podcasts y llamadas. Retiralos en Villa Santa Rosa o pedilos con envío a todo el país.;<p>Los auriculares Ultrapods Max tienen cable y sirven para escuchar música, podcasts o atender llamadas.</p><ul><li>Auriculares con cable</li><li>Modelo Ultrapods Max</li><li>Sin batería, sin necesidad de cargarlos</li><li>Para música, podcasts y llamadas</li></ul><p>Retiralos en nuestro local de Caseros 924, Villa Santa Rosa, o pedilos con envío a todo el país.</p>;423
6303;Auricular Wireless Headphones;Audio > Auriculares inalámbricos;Auriculares Inalámbricos Wireless Headphones;auriculares inalambricos;auriculares wireless, auriculares bluetooth, wireless headphones, auris inalámbricos precio;Auriculares Inalámbricos Wireless Headphones;Auriculares inalámbricos Wireless Headphones para escuchar música sin cables. Retiralos en Villa Santa Rosa o pedilos con envío a todo el país.;<p>Los Wireless Headphones son auriculares inalámbricos para escuchar música y atender llamadas con libertad de movimiento, sin cables de por medio.</p><ul><li>Auriculares inalámbricos</li><li>Sin cables</li><li>Modelo Wireless Headphones</li><li>Para música y llamadas</li></ul><p>Retiralos en nuestro local de Caseros 924, Villa Santa Rosa, o pedilos con envío a todo el país.</p>;443
6304;Auricular manos libres Cat Ear;Audio > Auriculares inalámbricos;Auriculares Manos Libres Cat Ear;auriculares cat ear;auriculares orejas de gato, auriculares inalámbricos cat ear, auris cat ear, cat ear manos libres;Auriculares Manos Libres Cat Ear | Lucas Innovaciones;Auriculares manos libres Cat Ear con orejas de gato para música y llamadas. Retiralos en Villa Santa Rosa o pedilos con envío a todo el país.;<p>Los auriculares Cat Ear son manos libres con un diseño de orejas de gato para escuchar música y tomar llamadas.</p><ul><li>Diseño de orejas de gato</li><li>Manos libres para llamadas</li><li>Modelo Cat Ear</li><li>Para música y llamadas</li></ul><p>Retiralos en nuestro local de Caseros 924, Villa Santa Rosa, o pedilos con envío a todo el país.</p>;430
6566;Auriculares Manos libres fox box boost pulse 3,5;Audio > Auriculares inalámbricos;Auriculares Manos Libres FoxBox Boost Pulse;auriculares foxbox boost pulse;manos libres foxbox, auris foxbox boost pulse, foxbox boost pulse 3.5, auriculares manos libres foxbox;Auriculares Manos Libres FoxBox Boost Pulse;Auriculares manos libres FoxBox Boost Pulse para música y llamadas. Retiralos en Villa Santa Rosa o pedilos con envío a todo el país.;<p>Los FoxBox Boost Pulse son auriculares manos libres para escuchar música y atender llamadas desde tu celular.</p><ul><li>Manos libres para llamadas</li><li>Marca FoxBox, modelo Boost Pulse</li><li>Para música y llamadas</li><li>Consultanos por el tipo de conexión</li></ul><p>Retiralos en nuestro local de Caseros 924, Villa Santa Rosa, o pedilos con envío a todo el país.</p>;512
8025;Auriculares manos libres Fox Box HARMONY;Audio > Auriculares inalámbricos;Auriculares Manos Libres FoxBox Harmony;auriculares foxbox harmony;manos libres foxbox, auris foxbox harmony, foxbox harmony, auriculares manos libres foxbox;Auriculares Manos Libres FoxBox Harmony | Lucas Innovaciones;Auriculares manos libres FoxBox Harmony para escuchar música y atender llamadas. Retiralos en Villa Santa Rosa o pedilos con envío a todo el país.;<p>Los FoxBox Harmony son auriculares manos libres para escuchar música y atender llamadas desde tu celular.</p><ul><li>Manos libres para llamadas</li><li>Marca FoxBox, modelo Harmony</li><li>Para música y llamadas</li><li>Consultanos por el tipo de conexión</li></ul><p>Retiralos en nuestro local de Caseros 924, Villa Santa Rosa, o pedilos con envío a todo el país.</p>;534
7803;Auriculares Manos libres Fox box link 2 tipo C;Audio > Auriculares con cable;Auriculares Manos Libres FoxBox Link 2 USB-C;auriculares usb c manos libres;manos libres tipo c, auriculares foxbox link 2, auris usb-c, foxbox link 2 tipo c;Auriculares Manos Libres FoxBox Link 2 USB-C;Auriculares manos libres FoxBox Link 2 con conexión USB-C para el celular. Retiralos en Villa Santa Rosa o pedilos con envío a todo el país.;<p>Los FoxBox Link 2 son auriculares manos libres con conexión USB-C, para conectar directo al celular.</p><ul><li>Conexión USB-C</li><li>Manos libres para llamadas</li><li>Marca FoxBox, modelo Link 2</li><li>Para música y llamadas</li></ul><p>Retiralos en nuestro local de Caseros 924, Villa Santa Rosa, o pedilos con envío a todo el país.</p>;0
6301;Auriculares manos libres JBL in ear C50H;Audio > Auriculares inalámbricos;Auriculares Manos Libres JBL In Ear C50H;auriculares jbl in ear;jbl c50h, auris jbl in ear, manos libres jbl, auriculares jbl c50h;Auriculares Manos Libres JBL In Ear C50H;Auriculares manos libres JBL In Ear C50H para escuchar música y atender llamadas. Retiralos en Villa Santa Rosa o pedilos con envío a todo el país.;<p>Los JBL In Ear C50H son auriculares manos libres con micrófono para escuchar música y atender llamadas.</p><ul><li>Formato in ear</li><li>Manos libres con micrófono</li><li>Marca JBL, modelo C50H</li><li>Para música y llamadas</li></ul><p>Retiralos en nuestro local de Caseros 924, Villa Santa Rosa, o pedilos con envío a todo el país.</p>;384
8213;Auriculares Manos libres KOLKE KAB633;Audio > Auriculares inalámbricos;Auriculares Manos Libres Kolke KAB633;manos libres kolke;auriculares kolke kab633, kolke kab633, auris manos libres kolke, manos libres kolke precio;Auriculares Manos Libres Kolke KAB633 | Lucas Innovaciones;Auriculares manos libres Kolke KAB633 para música y llamadas. Retiralos en Villa Santa Rosa o pedilos con envío a todo el país.;<p>Los Kolke KAB633 son auriculares manos libres para escuchar música y atender llamadas.</p><ul><li>Manos libres para llamadas</li><li>Marca Kolke, modelo KAB633</li><li>Para música y llamadas</li><li>Consultanos por el tipo de conexión</li></ul><p>Retiralos en nuestro local de Caseros 924, Villa Santa Rosa, o pedilos con envío a todo el país.</p>;0
6516;Auriculares Manos libres Malibu M4;Audio > Auriculares inalámbricos;Auriculares Manos Libres Malibu M4;auriculares malibu m4;manos libres malibu, auris malibu m4, malibu m4, auriculares manos libres malibu;Auriculares Manos Libres Malibu M4 | Lucas Innovaciones;Auriculares manos libres Malibu M4 para moverte con libertad. Retiralos en Villa Santa Rosa o pedilos con envío a todo el país.;<p>Los Malibu M4 son auriculares manos libres para escuchar música y atender llamadas con libertad de movimiento.</p><ul><li>Manos libres para llamadas</li><li>Modelo Malibu M4</li><li>Para música y llamadas</li><li>Consultanos por el tipo de conexión</li></ul><p>Retiralos en nuestro local de Caseros 924, Villa Santa Rosa, o pedilos con envío a todo el país.</p>;420
6568;Auriculares Samsung Galaxy Buds 3;Audio > Auriculares con cable;Auriculares Samsung Galaxy Buds 3;samsung galaxy buds 3;auriculares galaxy buds 3, galaxy buds3, auris samsung buds 3, galaxy buds 3 precio;Auriculares Samsung Galaxy Buds 3 | Lucas Innovaciones;Auriculares Samsung Galaxy Buds 3 para escuchar música y atender llamadas. Retiralos en Villa Santa Rosa o pedilos con envío a todo el país.;<p>Los Samsung Galaxy Buds 3 son auriculares pensados para escuchar música y atender llamadas desde tu celular.</p><ul><li>Marca Samsung, línea Galaxy Buds</li><li>Modelo Galaxy Buds 3</li><li>Para música y llamadas</li><li>Consultanos por compatibilidad con tu celular</li></ul><p>Retiralos en nuestro local de Caseros 924, Villa Santa Rosa, o pedilos con envío a todo el país.</p>;577
6537;Auriculares Samsung HS330;Audio > Auriculares con cable;Auriculares Samsung HS330;auriculares samsung hs330;auriculares samsung con cable, samsung hs330, auris samsung hs330, auriculares samsung precio;Auriculares Samsung HS330 | Lucas Innovaciones;Auriculares Samsung HS330 con cable para música, podcasts y llamadas. Retiralos en Villa Santa Rosa o pedilos con envío a todo el país.;<p>Los Samsung HS330 son auriculares con cable para escuchar música, podcasts y atender llamadas.</p><ul><li>Auriculares con cable</li><li>Marca Samsung, modelo HS330</li><li>Sin batería, sin necesidad de cargarlos</li><li>Para música y llamadas</li></ul><p>Retiralos en nuestro local de Caseros 924, Villa Santa Rosa, o pedilos con envío a todo el país.</p>;396
6567;Auriculares Samsung HS330 Tipo C;Audio > Auriculares con cable;Auriculares Samsung HS330 USB-C;auriculares samsung usb c;auriculares samsung tipo c, samsung hs330 usb-c, auris samsung usb-c, auriculares usb c con cable;Auriculares Samsung HS330 USB-C | Lucas Innovaciones;Auriculares Samsung HS330 con cable USB-C que se conectan directo al celular. Retiralos en Villa Santa Rosa o pedilos con envío a todo el país.;<p>Los Samsung HS330 USB-C se conectan directo al puerto USB-C del celular, sin adaptadores, para escuchar música y atender llamadas.</p><ul><li>Conexión USB-C</li><li>Auriculares con cable</li><li>Marca Samsung, modelo HS330</li><li>Sin batería, sin necesidad de cargarlos</li></ul><p>Retiralos en nuestro local de Caseros 924, Villa Santa Rosa, o pedilos con envío a todo el país.</p>;466
6556;Auricular vincha bluetooth negro P9;Audio > Auriculares inalámbricos;Auriculares Vincha Bluetooth Negro P9;auriculares vincha bluetooth;auriculares inalámbricos vincha, auriculares p9, auris vincha bluetooth, auriculares bluetooth negros;Auriculares Vincha Bluetooth Negro P9 | Lucas Innovaciones;Auriculares de vincha Bluetooth P9 en color negro para escuchar música sin cables. Retiralos en Villa Santa Rosa o pedilos con envío a todo el país.;<p>Los auriculares de vincha P9 se conectan por Bluetooth y son una opción cómoda para escuchar música sin cables.</p><ul><li>Formato vincha</li><li>Conexión Bluetooth</li><li>Color negro, modelo P9</li><li>Para música y llamadas</li></ul><p>Retiralos en nuestro local de Caseros 924, Villa Santa Rosa, o pedilos con envío a todo el país.</p>;346
6928;Estabilizador de movimiento soporte;Audio > Accesorios;Estabilizador de Movimiento Soporte para Micrófono;soporte para microfono;estabilizador micrófono, soporte antivibración micrófono, accesorio para micrófono, soporte micrófono mesa;Estabilizador de Movimiento Soporte para Micrófono;Estabilizador de movimiento con soporte para micrófono, para grabar con menos vibraciones. Retiralo en Villa Santa Rosa o pedilo con envío a todo el país.;<p>Este estabilizador de movimiento con soporte ayuda a reducir vibraciones al grabar con micrófono, para podcasts, streams y contenido.</p><ul><li>Ayuda a reducir vibraciones</li><li>Pensado para grabar audio</li><li>Útil para podcasts y streams</li><li>Consultanos por compatibilidad con tu micrófono</li></ul><p>Retiralo en nuestro local de Caseros 924, Villa Santa Rosa, o pedilo con envío a todo el país.</p>;434
6323;Micrófono Aloe AM-188;Audio > Micrófonos;Micrófono Aloe AM-188;microfono aloe am-188;micrófono aloe, aloe am188, micrófono para celular, micrófono am-188;Micrófono Aloe AM-188 | Lucas Innovaciones;Micrófono Aloe AM-188 para que te escuchen bien en videos, streams y grabaciones. Retiralo en Villa Santa Rosa o pedilo con envío a todo el país.;<p>El micrófono Aloe AM-188 mejora la calidad de audio para que te escuchen bien en videos, streams y grabaciones.</p><ul><li>Marca Aloe, modelo AM-188</li><li>Mejora el audio de tus grabaciones</li><li>Ideal para videos y streams</li><li>Consultanos por compatibilidad con tu equipo</li></ul><p>Retiralo en nuestro local de Caseros 924, Villa Santa Rosa, o pedilo con envío a todo el país.</p>;394
6480;Micrófono Aole AM-188;Audio > Micrófonos;Micrófono Aloe AM-188 para Streaming y Podcast;microfono para streaming;micrófono aloe am-188, micrófono podcast, micrófono gamer, aloe am188;Micrófono Aloe AM-188 para Streaming y Podcast;Micrófono Aloe AM-188 para streaming, podcast y gaming con audio más limpio. Retiralo en Villa Santa Rosa o pedilo con envío a todo el país.;<p>El micrófono Aloe AM-188 sirve para streaming, podcast o gaming, con un audio más limpio en tus grabaciones.</p><ul><li>Marca Aloe, modelo AM-188</li><li>Para streaming, podcast y gaming</li><li>Mejora el audio de tus grabaciones</li><li>Consultanos por compatibilidad con tu equipo</li></ul><p>Retiralo en nuestro local de Caseros 924, Villa Santa Rosa, o pedilo con envío a todo el país.</p>;366
7233;Microfono corbatero doble K9 tipo c;Audio > Micrófonos;Micrófono Corbatero Doble K9 USB-C;microfono corbatero usb c;microfono corbatero doble, microfono lavalier tipo c, microfono para celular usb c, microfono corbatero k9;Micrófono Corbatero Doble K9 USB-C | Lucas Innovaciones;Micrófono corbatero doble K9 con conexión USB-C para grabar videos y entrevistas con las manos libres. Retiralo en Villa Santa Rosa o pedilo con envío.;<p>El micrófono corbatero doble K9 se conecta por USB-C y te deja grabar con las manos libres. Sirve para videos, entrevistas y contenido para redes desde el celular.</p><ul><li>Modelo K9 en formato doble</li><li>Conexión USB-C directa</li><li>Se engancha en la ropa</li><li>Ideal para videos, entrevistas y clases</li></ul><p>Retiralo en nuestro local de Caseros 924, Villa Santa Rosa, o pedilo con envío a todo el país.</p>;0
7232;Microfono corbatero doble tipo c/ estuche;Audio > Micrófonos;Micrófono Corbatero Doble USB-C con Estuche;microfono corbatero doble tipo c;microfono lavalier doble, microfono corbatero con estuche, microfono para celular usb c, microfono corbatero precio;Micrófono Corbatero Doble USB-C con Estuche;Micrófono corbatero doble con conexión USB-C y estuche para grabar entrevistas, videos y contenido con el celular. Pedilo con envío a todo el país.;<p>Micrófono corbatero doble con conexión tipo C que viene con estuche para guardarlo y llevarlo a todos lados. Pensado para grabar audio con el celular sin sostener nada en la mano.</p><ul><li>Formato doble con dos micrófonos</li><li>Conexión USB-C</li><li>Incluye estuche de guardado</li><li>Ideal para entrevistas, videos y streaming</li></ul><p>Retiralo en nuestro local de Caseros 924, Villa Santa Rosa, o pedilo con envío a todo el país.</p>;0
6750;Microfono corbatero K8 tipo c;Audio > Micrófonos;Micrófono Corbatero K8 USB-C;microfono corbatero k8;microfono corbatero usb c, microfono lavalier celular, microfono k8 tipo c, microfono para grabar videos;Micrófono Corbatero K8 USB-C | Lucas Innovaciones;Micrófono corbatero K8 con conexión USB-C para grabar videos, hacer presentaciones o streamear con las manos libres. Pedilo con envío a todo el país.;<p>El micrófono corbatero K8 se enchufa al puerto USB-C de tu dispositivo y te da libertad de movimiento mientras grabás. Útil para presentaciones, videos y transmisiones.</p><ul><li>Conexión USB-C directa al dispositivo</li><li>Diseño compacto que se engancha en la ropa</li><li>Pensado para grabar contenido y hacer presentaciones</li><li>Modelo K8</li></ul><p>Retiralo en nuestro local de Caseros 924, Villa Santa Rosa, o pedilo con envío a todo el país.</p>;453
6697;Microfono corbatero noganet ng-mi35s 3,5 x2;Audio > Micrófonos;Micrófono Corbatero Noganet NG-MI35S 3,5 mm x2;microfono corbatero noganet;microfono corbatero 3.5 mm, microfono lavalier doble, noganet ng-mi35s, microfono corbatero para celular;Micrófono Corbatero Noganet NG-MI35S 3,5 mm x2;Micrófono corbatero Noganet NG-MI35S con conector de 3,5 mm para presentaciones, clases y grabación de contenido. Pedilo con envío a todo el país.;<p>Micrófono corbatero Noganet NG-MI35S con conector de 3,5 mm, en versión x2. Te libera las manos para presentaciones, clases o grabación de contenido.</p><ul><li>Marca Noganet, modelo NG-MI35S</li><li>Conector de 3,5 mm</li><li>Versión x2</li><li>Diseño compacto para engancharlo en la ropa</li></ul><p>Retiralo en nuestro local de Caseros 924, Villa Santa Rosa, o pedilo con envío a todo el país.</p>;467
6704;Microfono Netmak NM-MC7 dinamico;Audio > Micrófonos;Micrófono Dinámico Netmak NM-MC7;microfono dinamico;microfono netmak nm-mc7, microfono dinamico precio, microfono con cable, microfono para voces;Micrófono Dinámico Netmak NM-MC7 | Lucas Innovaciones;Micrófono dinámico Netmak NM-MC7 para voces, presentaciones y grabación. Retiralo en Villa Santa Rosa o pedilo con envío a todo el país.;<p>El Netmak NM-MC7 es un micrófono dinámico para captar voces sin complicaciones. Se usa para cantar, hablar en público o grabar.</p><ul><li>Marca Netmak, modelo NM-MC7</li><li>Tipo dinámico</li><li>Útil para voces e instrumentos</li><li>Pensado para uso diario</li></ul><p>Retiralo en nuestro local de Caseros 924, Villa Santa Rosa, o pedilo con envío a todo el país.</p>;438
6638;Microfono inalámbrico Ciclos UHF834;Audio > Micrófonos;Micrófono Inalámbrico Ciclos UHF834;microfono inalambrico uhf;microfono inalambrico ciclos, ciclos uhf834, microfono uhf precio, microfono inalambrico para eventos;Micrófono Inalámbrico Ciclos UHF834 | Lucas Innovaciones;Micrófono inalámbrico Ciclos UHF834 con tecnología UHF para eventos, presentaciones y uso en vivo sin cables. Pedilo con envío a todo el país.;<p>El micrófono inalámbrico Ciclos UHF834 trabaja con tecnología UHF y te saca los cables de encima. Una opción para presentaciones, eventos y uso en vivo.</p><ul><li>Marca Ciclos, modelo UHF834</li><li>Tecnología UHF</li><li>Receptor incluido para sincronizar</li><li>Ideal para eventos, presentaciones y streaming</li></ul><p>Retiralo en nuestro local de Caseros 924, Villa Santa Rosa, o pedilo con envío a todo el país.</p>;413
6872;Microfono inalambrico NETMAK x2 Nm mc18;Audio > Micrófonos;Micrófono Inalámbrico Netmak NM-MC18 x2;microfono inalambrico netmak;microfonos inalambricos x2, netmak nm-mc18, microfono inalambrico para karaoke, set de 2 microfonos inalambricos;Micrófono Inalámbrico Netmak NM-MC18 x2 | Lucas Innovaciones;Set de 2 micrófonos inalámbricos Netmak NM-MC18 para karaoke, eventos y presentaciones sin cables. Retiralo en Villa Santa Rosa o pedilo con envío.;<p>Set de dos micrófonos inalámbricos Netmak NM-MC18. Sirve para eventos, presentaciones, karaoke o cualquier momento en que necesites moverte sin cables.</p><ul><li>Marca Netmak, modelo NM-MC18</li><li>Set de 2 micrófonos</li><li>Uso inalámbrico para moverte libremente</li><li>Ideal para karaoke, fiestas y presentaciones</li></ul><p>Retiralo en nuestro local de Caseros 924, Villa Santa Rosa, o pedilo con envío a todo el país.</p>;477
6326;Micrófono SKP UHF-300D;Audio > Micrófonos;Micrófono SKP UHF-300D;microfono skp uhf;skp uhf-300d, microfono inalambrico uhf, microfono uhf profesional, microfono skp precio;Micrófono SKP UHF-300D | Lucas Innovaciones;Micrófono SKP UHF-300D con tecnología UHF para eventos, presentaciones y transmisiones. Retiralo en Villa Santa Rosa o pedilo con envío a todo el país.;<p>El micrófono SKP UHF-300D trabaja con tecnología UHF, una opción pensada para eventos, presentaciones y transmisiones donde conviene no depender de un cable.</p><ul><li>Marca SKP, modelo UHF-300D</li><li>Tecnología UHF</li><li>Ideal para eventos, presentaciones y transmisiones</li><li>Consultanos por el detalle del equipo</li></ul><p>Retiralo en nuestro local de Caseros 924, Villa Santa Rosa, o pedilo con envío a todo el país.</p>;660
6324;Microfono Suono MPSN-M;Audio > Micrófonos;Micrófono Suono MPSN-M;microfono suono;suono mpsn-m, microfono para grabar, microfono para streaming, microfono suono precio;Micrófono Suono MPSN-M | Lucas Innovaciones;Micrófono Suono MPSN-M para grabar voz, hacer streaming o podcast desde tu casa. Retiralo en Villa Santa Rosa o pedilo con envío a todo el país.;<p>El Suono MPSN-M es un micrófono pensado para grabar voz y armar tu espacio de contenido, ya sea para streaming, podcast o videos.</p><ul><li>Marca Suono, modelo MPSN-M</li><li>Ideal para streaming y podcast</li><li>Sirve para grabar voz en casa</li><li>Consultanos por el detalle del modelo</li></ul><p>Retiralo en nuestro local de Caseros 924, Villa Santa Rosa, o pedilo con envío a todo el país.</p>;375
6586;Parlante Netmak barra de sonido 2'';Audio > Parlantes de mesa y PC;"Parlante Barra de Sonido Netmak 2""";barra de sonido para pc;barra de sonido netmak, parlante barra de sonido, barra de sonido usb, barra de sonido para monitor;"Parlante Barra de Sonido Netmak 2"" | Lucas Innovaciones";Barra de sonido Netmak con parlantes de 2 pulgadas para mejorar el audio de tu PC, notebook o TV chico. Retiralo en Villa Santa Rosa o pedilo con envío.;"<p>Barra de sonido Netmak con parlantes de 2 pulgadas, compacta para ubicar frente al monitor o la tele chica. Mejora el audio de tu escritorio sin ocupar lugar.</p><ul><li>Marca Netmak</li><li>Parlantes de 2""</li><li>Formato barra, ideal para escritorio</li><li>Pensada para PC, notebook o TV chico</li></ul><p>Retiralo en nuestro local de Caseros 924, Villa Santa Rosa, o pedilo con envío a todo el país.</p>";450
6620;JBL Flip 6;Audio > Parlantes portátiles;Parlante Bluetooth JBL Flip 6;jbl flip 6;parlante jbl flip 6, parlante bluetooth jbl, jbl flip 6 precio, parlante portatil jbl;Parlante Bluetooth JBL Flip 6 | Lucas Innovaciones;Parlante Bluetooth portátil JBL Flip 6, resistente al agua IPX7, para llevar la música a cualquier lado. Retiralo en Villa Santa Rosa o pedilo con envío.;<p>El JBL Flip 6 es un parlante Bluetooth portátil para llevar la música a cualquier lado. Entra en la mochila y se conecta al celular sin cables.</p><ul><li>Conexión Bluetooth</li><li>Resistencia al agua IPX7</li><li>Batería de hasta 12 horas</li><li>Formato portátil</li></ul><p>Retiralo en nuestro local de Caseros 924, Villa Santa Rosa, o pedilo con envío a todo el país.</p>;383
6275;JBL GO 4;Audio > Parlantes portátiles;Parlante Bluetooth JBL Go 4;jbl go 4;parlante jbl go 4, parlante bluetooth jbl, jbl go 4 precio, parlante portatil jbl chico;Parlante Bluetooth JBL Go 4 | Lucas Innovaciones;Parlante Bluetooth JBL Go 4, compacto y resistente al agua y al polvo, para escuchar música donde quieras. Retiralo en Villa Santa Rosa o pedilo con envío.;<p>El JBL Go 4 es un parlante Bluetooth ultra compacto para escuchar música en la plaza, en el viaje o en casa.</p><ul><li>Conexión Bluetooth</li><li>Tamaño compacto y liviano</li><li>Hasta 10 horas de reproducción</li><li>Resistente al agua y al polvo</li></ul><p>Retiralo en nuestro local de Caseros 924, Villa Santa Rosa, o pedilo con envío a todo el país.</p>;412
6274;JBL Go Essential;Audio > Parlantes portátiles;Parlante Bluetooth JBL Go Essential;jbl go essential;parlante jbl go essential, parlante bluetooth chico, jbl go essential precio, parlante portatil jbl;Parlante Bluetooth JBL Go Essential | Lucas Innovaciones;Parlante Bluetooth JBL Go Essential, compacto y resistente al agua, ideal para escuchar música en cualquier lugar. Pedilo con envío a todo el país.;<p>El JBL Go Essential es un parlante Bluetooth de bolsillo, ideal para tener música a mano en cualquier salida.</p><ul><li>Conexión Bluetooth</li><li>Tamaño compacto</li><li>Hasta 10 horas de batería</li><li>Diseño resistente al agua</li></ul><p>Retiralo en nuestro local de Caseros 924, Villa Santa Rosa, o pedilo con envío a todo el país.</p>;361
6609;Parlante Kolke KPM 448 Alley;Audio > Parlantes portátiles;Parlante Bluetooth Kolke KPM 448 Alley;parlante kolke kpm 448;kolke alley, parlante bluetooth kolke, parlante kolke precio, parlante portatil bluetooth;Parlante Bluetooth Kolke KPM 448 Alley | Lucas Innovaciones;Parlante portátil Kolke KPM 448 Alley con Bluetooth, ideal para juntadas, viajes y escuchar música en casa. Pedilo con envío a todo el país.;<p>El Kolke KPM 448 Alley es un parlante portátil con Bluetooth, práctico para juntadas, viajes o para escuchar música en tu cuarto.</p><ul><li>Marca Kolke, modelo KPM 448 Alley</li><li>Conexión Bluetooth</li><li>Diseño compacto y portátil</li><li>Ideal para juntadas y viajes</li></ul><p>Retiralo en nuestro local de Caseros 924, Villa Santa Rosa, o pedilo con envío a todo el país.</p>;465
7238;Parlante Genius SPHF180;Audio > Parlantes profesionales;Parlante Genius SP-HF180;parlante genius sp-hf180;genius sp-hf180, parlantes genius para pc, parlante genius precio, parlantes de escritorio genius;Parlante Genius SP-HF180 | Lucas Innovaciones;Parlante Genius SP-HF180 para sumar buen sonido a tu PC o escritorio. Retiralo en Villa Santa Rosa o pedilo con envío a todo el país.;<p>El Genius SP-HF180 es un parlante de la línea Genius pensado para sumar sonido a tu escritorio o a tus equipos de audio.</p><ul><li>Marca Genius, modelo SP-HF180</li><li>Ideal para PC y escritorio</li><li>Consultanos por conexiones y detalles</li><li>Fácil de usar</li></ul><p>Retiralo en nuestro local de Caseros 924, Villa Santa Rosa, o pedilo con envío a todo el país.</p>;0
6330;Parlante inalámbrico ALO;Audio > Parlantes portátiles;Parlante Inalámbrico ALO;parlante inalambrico alo;parlante bluetooth alo, parlante portatil economico, parlante alo precio, parlante bluetooth chico;Parlante Inalámbrico ALO | Lucas Innovaciones;Parlante inalámbrico ALO con Bluetooth para escuchar música sin cables en cualquier lugar. Retiralo en Villa Santa Rosa o pedilo con envío a todo el país.;<p>Parlante inalámbrico ALO para escuchar tu música sin cables y llevarla a donde vayas. Se vincula con el celular por Bluetooth.</p><ul><li>Marca ALO</li><li>Conexión Bluetooth</li><li>Formato portátil y compacto</li><li>Ideal para la mochila, la plaza o el patio</li></ul><p>Retiralo en nuestro local de Caseros 924, Villa Santa Rosa, o pedilo con envío a todo el país.</p>;449
6523;Parlante inalambrico ALO Play negro;Audio > Parlantes portátiles;Parlante Inalámbrico ALO Play Negro;parlante alo play;parlante inalambrico alo play, parlante bluetooth alo, parlante portatil negro, alo play precio;Parlante Inalámbrico ALO Play Negro | Lucas Innovaciones;Parlante inalámbrico ALO Play negro con Bluetooth para escuchar música en casa o en viaje. Retiralo en Villa Santa Rosa o pedilo con envío a todo el país.;<p>El parlante inalámbrico ALO Play, en color negro, se conecta por Bluetooth a tu celular o computadora para escuchar música sin cables.</p><ul><li>Marca ALO, modelo Play</li><li>Color negro</li><li>Conexión Bluetooth</li><li>Formato portátil para viajes y salidas</li></ul><p>Retiralo en nuestro local de Caseros 924, Villa Santa Rosa, o pedilo con envío a todo el país.</p>;477
6331;Parlante inalámbrico CubeBox;Audio > Parlantes profesionales;Parlante Inalámbrico CubeBox;parlante inalambrico cubebox;parlante cubebox, parlante bluetooth cubebox, parlante cubebox precio, parlante bluetooth para reuniones;Parlante Inalámbrico CubeBox | Lucas Innovaciones;Parlante inalámbrico CubeBox con Bluetooth para escuchar música en casa o en reuniones. Retiralo en Villa Santa Rosa o pedilo con envío a todo el país.;<p>El parlante inalámbrico CubeBox se conecta por Bluetooth y se adapta a reuniones, el escritorio o la cocina.</p><ul><li>Modelo CubeBox</li><li>Conexión inalámbrica</li><li>Formato compacto</li><li>Uso en casa o reuniones</li></ul><p>Retiralo en nuestro local de Caseros 924, Villa Santa Rosa, o pedilo con envío a todo el país.</p>;403
6336;"Parlante inalámbrico 8"" Oryx SP-1949-2";Audio > Parlantes profesionales;"Parlante Inalámbrico Oryx SP-1949-2 8""";parlante oryx 8 pulgadas;oryx sp-1949-2, parlante bluetooth 8 pulgadas, parlante inalambrico oryx, parlante oryx precio;"Parlante Inalámbrico Oryx SP-1949-2 8"" | Lucas Innovaciones";Parlante inalámbrico Oryx SP-1949-2 con woofer de 8 pulgadas para reuniones, patios y salones. Retiralo en Villa Santa Rosa o pedilo con envío.;"<p>Parlante inalámbrico Oryx SP-1949-2 con woofer de 8 pulgadas y conexión Bluetooth, para dar sonido a reuniones, patios o salones.</p><ul><li>Marca Oryx, modelo SP-1949-2</li><li>Woofer de 8""</li><li>Conexión inalámbrica Bluetooth</li><li>Ideal para patios y reuniones</li></ul><p>Retiralo en nuestro local de Caseros 924, Villa Santa Rosa, o pedilo con envío a todo el país.</p>";496
6287;JBL Party light beam Luces;Audio > Parlantes portátiles;Parlante JBL Party Light Beam con Luces;jbl party light beam;parlante jbl con luces, jbl partylight beam, parlante bluetooth con luces led, parlante jbl para fiestas;Parlante JBL Party Light Beam con Luces | Lucas Innovaciones;Parlante JBL Party Light Beam con luces LED que acompañan la música, ideal para fiestas y juntadas. Retiralo en Villa Santa Rosa o pedilo con envío.;<p>El JBL Party Light Beam combina sonido JBL con un show de luces que acompaña la música. Pensado para juntadas, fiestas y reuniones.</p><ul><li>Marca JBL</li><li>Luces LED sincronizadas con la música</li><li>Formato portátil</li><li>Ideal para fiestas y juntadas</li></ul><p>Retiralo en nuestro local de Caseros 924, Villa Santa Rosa, o pedilo con envío a todo el país.</p>;640
7989;Parlante KOLKE KPM687 BowBox 3'';Audio > Parlantes portátiles;"Parlante Kolke KPM687 BowBox 3""";parlante kolke bowbox;kolke kpm687, parlante portatil kolke, parlante 3 pulgadas, parlante bowbox precio;"Parlante Kolke KPM687 BowBox 3"" | Lucas Innovaciones";Parlante portátil Kolke KPM687 BowBox de 3 pulgadas para escuchar música en casa o de paseo. Retiralo en Villa Santa Rosa o pedilo con envío.;"<p>El Kolke KPM687 BowBox es un parlante portátil con parlantes de 3 pulgadas, pensado para escuchar música en casa o llevarlo de paseo.</p><ul><li>Marca Kolke, modelo KPM687 BowBox</li><li>Parlante de 3""</li><li>Formato portátil</li><li>Ideal para juntadas y uso diario</li></ul><p>Retiralo en nuestro local de Caseros 924, Villa Santa Rosa, o pedilo con envío a todo el país.</p>";0
6779;Parlante NETMAK NM MUV RGB 5w BR;Audio > Parlantes portátiles;Parlante Netmak NM MUV RGB 5 W;parlante netmak rgb;netmak nm muv, parlante con luces rgb, parlante portatil 5w, parlante bluetooth chico con luces;Parlante Netmak NM MUV RGB 5 W | Lucas Innovaciones;Parlante portátil Netmak NM MUV de 5 W con luces RGB, compacto y fácil de llevar a todos lados. Retiralo en Villa Santa Rosa o pedilo con envío.;<p>Parlante portátil Netmak NM MUV con luces RGB que acompañan la música. Es chico, liviano y fácil de llevar.</p><ul><li>Marca Netmak, modelo NM MUV</li><li>Potencia de 5 W</li><li>Luces RGB</li><li>Formato compacto para llevar a todos lados</li></ul><p>Retiralo en nuestro local de Caseros 924, Villa Santa Rosa, o pedilo con envío a todo el país.</p>;359
6334;"Parlante Oryx Boston 12""";Audio > Parlantes profesionales;"Parlante Oryx Boston 12""";parlante oryx boston 12;"oryx boston, parlante 12 pulgadas, parlante profesional 12"", parlante oryx precio";"Parlante Oryx Boston 12"" | Lucas Innovaciones";Parlante profesional Oryx Boston con woofer de 12 pulgadas para eventos, locales y salones. Retiralo en Villa Santa Rosa o pedilo con envío a todo el país.;"<p>El Oryx Boston es un parlante profesional con woofer de 12 pulgadas para dar potencia de sonido a eventos, locales y salones.</p><ul><li>Marca Oryx, modelo Boston</li><li>Woofer de 12""</li><li>Uso profesional</li><li>Ideal para eventos y locales</li></ul><p>Retiralo en nuestro local de Caseros 924, Villa Santa Rosa, o pedilo con envío a todo el país.</p>";439
6332;"Parlante Oryx OR 1234-SA 12""";Audio > Parlantes profesionales;"Parlante Oryx OR 1234-SA 12""";parlante oryx 12 pulgadas;"oryx or 1234-sa, parlante profesional 12"", parlante con xlr, parlante oryx precio";"Parlante Oryx OR 1234-SA 12"" | Lucas Innovaciones";Parlante profesional Oryx OR 1234-SA con woofer de 12 pulgadas y conexiones XLR y RCA para eventos. Retiralo en Villa Santa Rosa o pedilo con envío.;"<p>El Oryx OR 1234-SA es un parlante profesional con woofer de 12 pulgadas, pensado para eventos, locales y presentaciones en vivo.</p><ul><li>Marca Oryx, modelo OR 1234-SA</li><li>Woofer de 12""</li><li>Conexiones XLR, RCA y auxiliar</li><li>Ideal para eventos y presentaciones</li></ul><p>Retiralo en nuestro local de Caseros 924, Villa Santa Rosa, o pedilo con envío a todo el país.</p>";486
6348;Parlante pc GTC;Audio > Parlantes de mesa y PC;Parlante para PC GTC;parlante pc;parlantes para computadora, parlante gtc, parlante de escritorio, parlante para notebook;Parlante para PC GTC | Lucas Innovaciones;Parlante GTC para PC y notebook, ideal para escuchar música y videos en tu escritorio. Retiralo en Villa Santa Rosa o pedilo con envío a todo el país.;<p>Parlante GTC para PC, pensado para tener música y sonido en tu escritorio mientras trabajás, estudiás o jugás.</p><ul><li>Marca GTC</li><li>Formato de escritorio</li><li>Uso con PC o notebook</li><li>Consultanos por conexiones y detalles</li></ul><p>Retiralo en nuestro local de Caseros 924, Villa Santa Rosa, o pedilo con envío a todo el país.</p>;408
6687;Parlante stormberg force;Audio > Parlantes portátiles;Parlante Stromberg Force;parlante stromberg force;stromberg force, parlante bluetooth stromberg, parlante stromberg precio, parlante portatil potente;Parlante Stromberg Force | Lucas Innovaciones;Parlante portátil Stromberg Force para reuniones, salidas y música en casa. Retiralo en Villa Santa Rosa o pedilo con envío a todo el país.;<p>El Stromberg Force es un parlante portátil pensado para reuniones, salidas o para tener música en casa sin cables.</p><ul><li>Marca Stromberg, modelo Force</li><li>Formato portátil</li><li>Ideal para reuniones y salidas</li><li>Consultanos por el detalle del equipo</li></ul><p>Retiralo en nuestro local de Caseros 924, Villa Santa Rosa, o pedilo con envío a todo el país.</p>;424
7346;Parlantes redondos 6'' 200w  Mundo JW;Audio > Parlantes profesionales;"Parlantes Redondos 6"" 200 W Mundo JW";parlantes redondos 6 pulgadas;parlantes 6 pulgadas 200w, parlantes redondos 200w, parlantes mundo jw, parlantes para sonido;"Parlantes Redondos 6"" 200 W Mundo JW | Lucas Innovaciones";Parlantes redondos de 6 pulgadas y 200 W Mundo JW para armar o renovar tu equipo de sonido. Retiralo en Villa Santa Rosa o pedilo con envío a todo el país.;<p>Parlantes redondos de 6 pulgadas y 200 W de la marca Mundo JW, para armar o renovar equipos de sonido.</p><ul><li>Medida de 6 pulgadas</li><li>Potencia de 200 W</li><li>Formato redondo</li><li>Marca Mundo JW</li></ul><p>Retiralo en nuestro local de Caseros 924, Villa Santa Rosa, o pedilo con envío a todo el país.</p>;0
6785;Pie tripode microfono VAPEX MC 120;Audio > Accesorios;Pie Trípode para Micrófono Vapex MC 120;pie para microfono;trípode para micrófono, pie de micrófono vapex, vapex mc 120, soporte micrófono trípode;Pie Trípode para Micrófono Vapex MC 120 | Lucas Innovaciones;Pie trípode para micrófono Vapex MC 120, ajustable en altura, para grabar y transmitir. Retiralo en Villa Santa Rosa o pedilo con envío a todo el país.;<p>El pie trípode Vapex MC 120 sostiene el micrófono con estabilidad y se ajusta en altura, ideal para grabar o hacer transmisiones.</p><ul><li>Trípode de pie para micrófono</li><li>Ajustable en altura</li><li>Marca Vapex, modelo MC 120</li><li>Ideal para grabar y transmitir</li></ul><p>Retiralo en nuestro local de Caseros 924, Villa Santa Rosa, o pedilo con envío a todo el país.</p>;527
6572;Pie tripode soporte parlante económico;Audio > Parlantes portátiles;Pie Trípode para Parlante;pie para parlante;tripode para parlante, soporte de parlante, pie tripode parlante, soporte para parlante portatil;Pie Trípode para Parlante | Lucas Innovaciones;Pie trípode para parlante, ideal para ubicar tu equipo a buena altura en eventos y salones. Retiralo en Villa Santa Rosa o pedilo con envío a todo el país.;<p>Pie trípode para parlante, con el que ubicás tu equipo a una mejor altura para que se escuche bien en todo el ambiente.</p><ul><li>Estructura tipo trípode</li><li>Pensado para soportar parlantes</li><li>Práctico para eventos y salones</li><li>Fácil de armar y guardar</li></ul><p>Retiralo en nuestro local de Caseros 924, Villa Santa Rosa, o pedilo con envío a todo el país.</p>;398
6866;Adaptador internacional;Cables y Adaptadores > Adaptadores y conversores;Adaptador de Enchufe Internacional;adaptador de enchufe internacional;adaptador universal para viaje, adaptador de enchufe para viajar, adaptador internacional precio, adaptador enchufe universal;Adaptador de Enchufe Internacional | Lucas Innovaciones;Adaptador de enchufe internacional para viajar y cargar tus dispositivos en cualquier país. Retiralo en Villa Santa Rosa o pedilo con envío a todo el país.;<p>Adaptador de enchufe internacional para viajar y poder cargar tus dispositivos en el exterior sin vueltas.</p><ul><li>Compatible con enchufes de distintos países</li><li>Soporta hasta 10 A</li><li>Compacto, entra en la mochila</li><li>Ideal para viajes</li></ul><p>Retiralo en nuestro local de Caseros 924, Villa Santa Rosa, o pedilo con envío a todo el país.</p>;344
6803;Conversor Adaptador display port a HDMI Netmak NM C102;Cables y Adaptadores > Adaptadores y conversores;Adaptador DisplayPort a HDMI Netmak NM-C102;adaptador displayport a hdmi;conversor display port a hdmi, netmak nm-c102, adaptador dp a hdmi, cable displayport hdmi;Adaptador DisplayPort a HDMI Netmak NM-C102;Adaptador Netmak NM-C102 de DisplayPort a HDMI para conectar tu PC o notebook a monitores y TV. Retiralo en Villa Santa Rosa o pedilo con envío.;<p>Adaptador Netmak NM-C102 para conectar una notebook o PC con salida DisplayPort a un monitor o TV con HDMI.</p><ul><li>Marca Netmak, modelo NM-C102</li><li>DisplayPort macho a HDMI hembra</li><li>Compatible con resoluciones hasta 4K</li><li>Plug and play</li></ul><p>Retiralo en nuestro local de Caseros 924, Villa Santa Rosa, o pedilo con envío a todo el país.</p>;369
6938;Conversor Adaptador display port a HDMI Noganet;Cables y Adaptadores > Adaptadores y conversores;Adaptador DisplayPort a HDMI Noganet;adaptador display port a hdmi;conversor displayport a hdmi, adaptador dp a hdmi noganet, cable displayport hdmi, conversor dp hdmi precio;Adaptador DisplayPort a HDMI Noganet | Lucas Innovaciones;Adaptador Noganet de DisplayPort a HDMI para conectar tu PC o notebook a monitores y TV. Retiralo en Villa Santa Rosa o pedilo con envío a todo el país.;<p>Adaptador Noganet de DisplayPort a HDMI para llevar la imagen de tu PC o notebook a un monitor o TV con entrada HDMI.</p><ul><li>Marca Noganet</li><li>DisplayPort a HDMI</li><li>Para monitores, TV y proyectores con HDMI</li><li>Uso plug and play</li></ul><p>Retiralo en nuestro local de Caseros 924, Villa Santa Rosa, o pedilo con envío a todo el país.</p>;461
6634;Adaptador Jack 3,5 a ligthning;Cables y Adaptadores > Adaptadores y conversores;Adaptador Jack 3,5 mm a Lightning;adaptador jack 3.5 a lightning;adaptador auriculares iphone, adaptador lightning a jack, adaptador lightning a 3.5, adaptador de auriculares para iphone;Adaptador Jack 3,5 mm a Lightning | Lucas Innovaciones;Adaptador de jack 3,5 mm a Lightning para usar auriculares con cable en tu iPhone. Retiralo en Villa Santa Rosa o pedilo con envío a todo el país.;<p>Adaptador de jack 3,5 mm a Lightning para usar tus auriculares con cable en iPhone con conector Lightning.</p><ul><li>Jack 3,5 mm a Lightning</li><li>Para iPhone con puerto Lightning</li><li>Tamaño compacto</li><li>Ideal para auriculares con cable</li></ul><p>Retiralo en nuestro local de Caseros 924, Villa Santa Rosa, o pedilo con envío a todo el país.</p>;409
6463;Fuente jack a lightning;Cables y Adaptadores > Cables de carga;Adaptador Jack 3,5 mm a Lightning;adaptador jack a lightning;adaptador auriculares iphone, jack 3.5 a lightning, adaptador lightning córdoba;Adaptador Jack 3,5 mm a Lightning | Lucas Innovaciones;Adaptador de jack 3,5 mm a Lightning para usar tus auriculares con cable en un iPhone. Retiralo en Villa Santa Rosa o pedilo con envío a todo el país.;<p>Adaptador que convierte la entrada Lightning del iPhone en un jack de 3,5 mm, para seguir usando tus auriculares con cable. Una buena opción para tener de repuesto o llevar en la mochila, y cargar tus equipos donde estés.</p><ul><li>Entrada de jack 3,5 mm</li><li>Conector Lightning</li><li>Para iPhone modernos sin jack</li></ul><p>Retiralo en nuestro local de Caseros 924, Villa Santa Rosa, o pedilo con envío a todo el país.</p>;336
6636;Adaptador Jack 3,5 a tipo C;Cables y Adaptadores > Adaptadores y conversores;Adaptador Jack 3,5 mm a USB-C Motorola;adaptador jack 3.5 a tipo c;adaptador auriculares usb c, adaptador motorola jack, adaptador tipo c a 3.5, adaptador auriculares celular;Adaptador Jack 3,5 mm a USB-C Motorola | Lucas Innovaciones;Adaptador de jack 3,5 mm a USB-C para usar auriculares con cable en tu celular Motorola. Retiralo en Villa Santa Rosa o pedilo con envío a todo el país.;<p>Adaptador de jack 3,5 mm a USB-C para conectar auriculares con cable a celulares con puerto tipo C, como los Motorola.</p><ul><li>Jack 3,5 mm a USB-C</li><li>Pensado para Motorola con puerto tipo C</li><li>Tamaño compacto</li><li>Ideal para auriculares con cable</li></ul><p>Retiralo en nuestro local de Caseros 924, Villa Santa Rosa, o pedilo con envío a todo el país.</p>;427
6462;Fuente jack a tipo c Motorola;Cables y Adaptadores > Cables de carga;Adaptador Jack 3,5 mm a USB-C Motorola;adaptador jack a tipo c motorola;adaptador jack a usb c, adaptador auriculares motorola, jack 3.5 a tipo c;Adaptador Jack 3,5 mm a USB-C Motorola | Lucas Innovaciones;Adaptador Motorola de jack 3,5 mm a USB-C para usar auriculares con cable. Retiralo en Villa Santa Rosa o pedilo con envío a todo el país.;<p>Adaptador de Motorola de jack 3,5 mm a USB-C, para celulares que no traen entrada de auriculares. Una buena opción para tener de repuesto o llevar en la mochila, y cargar tus equipos donde estés.</p><ul><li>Marca Motorola</li><li>Jack 3,5 mm a USB-C</li><li>Útil en celulares sin jack</li></ul><p>Retiralo en nuestro local de Caseros 924, Villa Santa Rosa, o pedilo con envío a todo el país.</p>;396
6635;Adaptador Jack 3,5 a tipo C iphone;Cables y Adaptadores > Adaptadores y conversores;Adaptador Jack 3,5 mm a USB-C para iPhone;adaptador jack 3.5 a usb c iphone;adaptador auriculares iphone 15, adaptador usb c a jack, adaptador tipo c a 3.5 mm, adaptador apple jack;Adaptador Jack 3,5 mm a USB-C para iPhone;Adaptador de jack 3,5 mm a USB-C para usar auriculares con cable en iPhone con puerto USB-C. Retiralo en Villa Santa Rosa o pedilo con envío.;<p>Adaptador de jack 3,5 mm a USB-C para conectar auriculares con cable a iPhone con puerto USB-C.</p><ul><li>Jack 3,5 mm a USB-C</li><li>Para iPhone con puerto USB-C</li><li>Tamaño compacto</li><li>Ideal para auriculares con cable</li></ul><p>Retiralo en nuestro local de Caseros 924, Villa Santa Rosa, o pedilo con envío a todo el país.</p>;385
6562;Adaptador Netmak NMc104 usb tipo c macho a usb hembra;Cables y Adaptadores > Adaptadores y conversores;Adaptador Netmak NMC104 USB-C Macho a USB Hembra;adaptador usb c a usb;adaptador otg usb c, netmak nmc104, adaptador tipo c a usb hembra, adaptador usb c para pendrive;Adaptador Netmak NMC104 USB-C Macho a USB Hembra;Adaptador Netmak NMC104 de USB-C macho a USB hembra para conectar pendrives y accesorios. Retiralo en Villa Santa Rosa o pedilo con envío a todo el país.;<p>Adaptador Netmak NMC104 que convierte un puerto USB-C en una entrada USB para conectar pendrives, mouses y otros accesorios.</p><ul><li>Marca Netmak, modelo NMC104</li><li>USB-C macho a USB hembra</li><li>Para celulares, tablets y notebooks con USB-C</li><li>Tamaño compacto</li></ul><p>Retiralo en nuestro local de Caseros 924, Villa Santa Rosa, o pedilo con envío a todo el país.</p>;459
7683;Adaptador OTG Usb C macho a usb A hembra;Cables y Adaptadores > Adaptadores y conversores;Adaptador OTG USB-C Macho a USB-A Hembra;adaptador otg usb c;otg tipo c a usb, adaptador usb c a usb a, adaptador otg para celular, adaptador otg netmak;Adaptador OTG USB-C Macho a USB-A Hembra;Adaptador OTG de USB-C macho a USB-A hembra para conectar pendrives y accesorios al celular. Retiralo en Villa Santa Rosa o pedilo con envío.;<p>Adaptador OTG de USB-C macho a USB-A hembra para conectar pendrives, mouses y teclados a tu celular, tablet o notebook.</p><ul><li>USB-C macho a USB-A hembra</li><li>Función OTG</li><li>Para celulares, tablets y notebooks con USB-C</li><li>Tamaño compacto</li></ul><p>Retiralo en nuestro local de Caseros 924, Villa Santa Rosa, o pedilo con envío a todo el país.</p>;477
6552;Adaptador USB hembra a RJ45 red;Cables y Adaptadores > Adaptadores y conversores;Adaptador USB Hembra a RJ45 Red;adaptador usb a rj45;adaptador usb hembra a red, adaptador de red usb, adaptador ethernet usb, adaptador rj45 precio;Adaptador USB Hembra a RJ45 Red | Lucas Innovaciones;Adaptador de USB hembra a RJ45 para conexión de red. Consultanos por compatibilidad. Retiralo en Villa Santa Rosa o pedilo con envío a todo el país.;<p>Adaptador de USB hembra a RJ45 para conectar un cable de red. Consultanos por compatibilidad antes de elegirlo.</p><ul><li>USB hembra a RJ45</li><li>Pensado para conexión de red</li><li>Tamaño compacto</li><li>Consultanos por compatibilidad</li></ul><p>Retiralo en nuestro local de Caseros 924, Villa Santa Rosa, o pedilo con envío a todo el país.</p>;424
6496;Cable 3 en 1 magnet 1mt;Cables y Adaptadores > Cables de carga;Cable 3 en 1 Magnético 1 m;cable 3 en 1 magnetico;cable magnetico 3 en 1, cable de carga magnetico, cable 3 en 1 1 metro, cable magnetico para celular;Cable 3 en 1 Magnético 1 m | Lucas Innovaciones;Cable 3 en 1 magnético de 1 m con conectores intercambiables para cargar celulares y tablets. Retiralo en Villa Santa Rosa o pedilo con envío.;<p>Cable de carga 3 en 1 con conectores magnéticos intercambiables y 1 m de largo, para cargar distintos dispositivos con un solo cable.</p><ul><li>Tres conectores magnéticos</li><li>Largo de 1 m</li><li>Conexión magnética</li><li>Ideal para celulares y tablets</li></ul><p>Retiralo en nuestro local de Caseros 924, Villa Santa Rosa, o pedilo con envío a todo el país.</p>;410
6957;Cable 4 en 1 USB C USB lightning;Cables y Adaptadores > Cables de carga;Cable 4 en 1 USB-C y Lightning;cable 4 en 1 usb c lightning;cable 4 en 1, cable de carga multiple, cable usb c y lightning, cable de carga universal;Cable 4 en 1 USB-C y Lightning | Lucas Innovaciones;Cable 4 en 1 con USB-C y Lightning para cargar celulares y tablets con un solo cable. Retiralo en Villa Santa Rosa o pedilo con envío a todo el país.;<p>Cable de carga 4 en 1 con conectores USB-C, Lightning y otros, para cargar celulares y tablets con un solo cable.</p><ul><li>Conectores USB-C y Lightning</li><li>Cuatro usos en un cable</li><li>Pensado para el uso diario</li><li>Cómodo para viajes y la mochila</li></ul><p>Retiralo en nuestro local de Caseros 924, Villa Santa Rosa, o pedilo con envío a todo el país.</p>;423
6524;Cable ALO Line 15W USB a Tipo C;Cables y Adaptadores > Cables de carga;Cable ALO Line 15 W USB a USB-C;cable usb a tipo c;cable alo usb c, cable de carga tipo c, cable alo line, cable usb c 15w;Cable ALO Line 15 W USB a USB-C | Lucas Innovaciones;Cable ALO Line de USB a USB-C de 15 W para cargar celulares y tablets. Retiralo en Villa Santa Rosa o pedilo con envío a todo el país.;<p>Cable ALO Line de USB a USB-C con 15 W de potencia, para cargar celulares y tablets.</p><ul><li>Marca ALO, modelo Line</li><li>Potencia de 15 W</li><li>Conectores USB a USB-C</li><li>Uso diario</li></ul><p>Retiralo en nuestro local de Caseros 924, Villa Santa Rosa, o pedilo con envío a todo el país.</p>;420
6542;Cable Auxiliar 3.5 3m;Cables y Adaptadores > Cables de audio;Cable Auxiliar 3,5 mm 3 m;cable auxiliar 3.5 mm;cable aux 3 metros, cable auxiliar 3m, cable jack 3.5, cable de audio 3.5 mm;Cable Auxiliar 3,5 mm 3 m | Lucas Innovaciones;Cable auxiliar de 3,5 mm y 3 m para conectar tu celular a parlantes, auriculares o al equipo del auto. Retiralo en Villa Santa Rosa o pedilo con envío.;<p>Cable auxiliar de 3,5 mm y 3 m para conectar el celular o el reproductor a parlantes, auriculares o el equipo del auto.</p><ul><li>Conector de 3,5 mm</li><li>Largo de 3 m</li><li>Compatible con dispositivos con entrada auxiliar</li><li>Uso diario</li></ul><p>Retiralo en nuestro local de Caseros 924, Villa Santa Rosa, o pedilo con envío a todo el país.</p>;451
6519;Cable auxiliar jack 3.5 COMUN;Cables y Adaptadores > Cables de audio;Cable Auxiliar Jack 3,5 mm Común;cable auxiliar jack 3.5;cable aux comun, cable de audio 3.5 mm, cable jack a jack, cable auxiliar precio;Cable Auxiliar Jack 3,5 mm Común | Lucas Innovaciones;Cable auxiliar jack de 3,5 mm para conectar celulares, tablets y PC a parlantes y equipos de audio. Retiralo en Villa Santa Rosa o pedilo con envío.;<p>Cable auxiliar jack de 3,5 mm estándar, para conectar celulares, tablets o computadoras a parlantes y equipos de audio.</p><ul><li>Conector jack 3,5 mm</li><li>Modelo común, de uso general</li><li>Para celulares, tablets y PC</li><li>Fácil de usar</li></ul><p>Retiralo en nuestro local de Caseros 924, Villa Santa Rosa, o pedilo con envío a todo el país.</p>;417
6473;Cable auxiliar jack 3.5 Fox Box;Cables y Adaptadores > Cables de audio;Cable Auxiliar Jack 3,5 mm FoxBox;cable auxiliar foxbox;cable aux foxbox, cable jack 3.5 mm, cable de audio estereo, cable auxiliar precio;Cable Auxiliar Jack 3,5 mm FoxBox | Lucas Innovaciones;Cable auxiliar FoxBox de jack 3,5 mm estéreo para conectar tu celular o PC a parlantes y equipos de audio. Retiralo en Villa Santa Rosa o pedilo con envío.;<p>Cable auxiliar FoxBox con jack de 3,5 mm estéreo en ambos extremos, para conectar auriculares o parlantes a celulares, tablets o PC.</p><ul><li>Marca FoxBox</li><li>Jack de 3,5 mm estéreo en ambos extremos</li><li>Para dispositivos con entrada auxiliar</li><li>Uso diario</li></ul><p>Retiralo en nuestro local de Caseros 924, Villa Santa Rosa, o pedilo con envío a todo el país.</p>;416
6742;Cable Auxiliar VAPEX 3,5 a 3,5 3m;Cables y Adaptadores > Cables de audio;Cable Auxiliar Vapex 3,5 mm a 3,5 mm 3 m;cable auxiliar 3 metros;cable aux vapex, cable 3.5 a 3.5 mm, cable de audio 3 m, cable auxiliar largo;Cable Auxiliar Vapex 3,5 mm a 3,5 mm 3 m;Cable auxiliar Vapex de 3,5 mm a 3,5 mm y 3 m para conectar tu celular a parlantes o al auto. Retiralo en Villa Santa Rosa o pedilo con envío.;<p>Cable auxiliar Vapex de 3,5 mm macho a macho y 3 m de largo, ideal para conectar tu celular a parlantes o al equipo del auto.</p><ul><li>Marca Vapex</li><li>Conectores de 3,5 mm macho a macho</li><li>Largo de 3 m</li><li>Para parlantes, auriculares y equipos de audio</li></ul><p>Retiralo en nuestro local de Caseros 924, Villa Santa Rosa, o pedilo con envío a todo el país.</p>;433
6768;Cable AV 3 RCA a 3 RCA 3 colores;Cables y Adaptadores > Cables de audio;Cable AV 3 RCA a 3 RCA;cable 3 rca a 3 rca;cable av rca, cable rca rojo blanco amarillo, cable de audio y video rca, cable rca 3 colores;Cable AV 3 RCA a 3 RCA | Lucas Innovaciones;Cable AV de 3 RCA a 3 RCA para conectar consolas, reproductores y TV con entradas RCA. Retiralo en Villa Santa Rosa o pedilo con envío a todo el país.;<p>Cable AV de 3 RCA a 3 RCA para conectar equipos de audio y video, como consolas, reproductores y televisores con entradas RCA.</p><ul><li>Tres conectores RCA: rojo, blanco y amarillo</li><li>Transmite audio y video</li><li>Para equipos con entrada RCA</li><li>Fácil de conectar</li></ul><p>Retiralo en nuestro local de Caseros 924, Villa Santa Rosa, o pedilo con envío a todo el país.</p>;446
6557;Cable alimentacion generico interlook 220 cpu;Cables y Adaptadores > Cables de carga;Cable de Alimentación 220 V para CPU;cable de alimentacion 220v;cable de poder cpu, cable interlock, cable de corriente para pc, cable de alimentacion monitor;Cable de Alimentación 220 V para CPU | Lucas Innovaciones;Cable de alimentación de 220 V para CPU y monitores, con conector tipo interlock. Retiralo en Villa Santa Rosa o pedilo con envío a todo el país.;<p>Cable de alimentación de 220 V para CPU y monitores, con conector estándar tipo interlock.</p><ul><li>Alimentación de 220 V</li><li>Conector tipo interlock</li><li>Para CPU y monitores</li><li>Uso general</li></ul><p>Retiralo en nuestro local de Caseros 924, Villa Santa Rosa, o pedilo con envío a todo el país.</p>;460
8218;Cable de alimentación STARLINK 5m DC a DC;Cables y Adaptadores > Cables de carga;Cable de Alimentación Starlink 5 m DC a DC;cable de alimentacion starlink;cable starlink 5 metros, cable dc starlink, cable de energia starlink, cable starlink dc a dc;Cable de Alimentación Starlink 5 m DC a DC;Cable de alimentación DC a DC de 5 m para equipos Starlink. Consultanos por compatibilidad. Retiralo en Villa Santa Rosa o pedilo con envío a todo el país.;<p>Cable de alimentación DC a DC de 5 m para equipos Starlink.</p><ul><li>Largo de 5 m</li><li>DC a DC</li><li>Pensado para Starlink</li><li>Consultanos por compatibilidad con tu modelo</li></ul><p>Retiralo en nuestro local de Caseros 924, Villa Santa Rosa, o pedilo con envío a todo el país.</p>;0
6788;Cable Linea CICLOS 6,5 a 6,5 15m;Cables y Adaptadores > Cables de audio;Cable de Línea Ciclos 6,5 mm a 6,5 mm 15 m;cable de linea 6.5 15 metros;cable plug 6.5 ciclos, cable para instrumento 15 m, cable de audio 6,5 mm, cable ciclos precio;Cable de Línea Ciclos 6,5 mm a 6,5 mm 15 m;Cable de línea Ciclos de 6,5 mm a 6,5 mm y 15 m para conectar instrumentos y equipos de audio. Retiralo en Villa Santa Rosa o pedilo con envío.;<p>Cable de línea Ciclos de 6,5 mm a 6,5 mm y 15 m, para conectar instrumentos y equipos de audio a distancia.</p><ul><li>Marca Ciclos</li><li>Conectores de 6,5 mm</li><li>Largo de 15 m</li><li>Ideal para escenarios, ensayos y estudios</li></ul><p>Retiralo en nuestro local de Caseros 924, Villa Santa Rosa, o pedilo con envío a todo el país.</p>;532
6929;Cable Linea VAPEX 6,5 a 6,5 6m;Cables y Adaptadores > Cables de audio;Cable de Línea Vapex 6,5 mm a 6,5 mm 6 m;cable de linea 6.5 6 metros;cable plug 6.5 vapex, cable para guitarra 6 m, cable de audio 6,5 mm, cable vapex precio;Cable de Línea Vapex 6,5 mm a 6,5 mm 6 m;Cable de línea Vapex de 6,5 mm a 6,5 mm y 6 m para conectar instrumentos y amplificadores. Retiralo en Villa Santa Rosa o pedilo con envío a todo el país.;<p>Cable de línea Vapex de 6,5 mm a 6,5 mm y 6 m, para conectar instrumentos, amplificadores y equipos de audio.</p><ul><li>Marca Vapex</li><li>Conectores de 6,5 mm macho</li><li>Largo de 6 m</li><li>Ideal para ensayos y presentaciones</li></ul><p>Retiralo en nuestro local de Caseros 924, Villa Santa Rosa, o pedilo con envío a todo el país.</p>;430
6900;Cable microfono Vapex Canon a 6,5 9m;Cables y Adaptadores > Cables de audio;Cable de Micrófono Vapex Canon a 6,5 mm 9 m;cable de microfono canon a plug;cable canon a 6.5, cable xlr a plug 9 metros, cable microfono vapex, cable de microfono 9 m;Cable de Micrófono Vapex Canon a 6,5 mm 9 m;Cable de micrófono Vapex de Canon a 6,5 mm y 9 m para micrófonos y equipos de sonido. Retiralo en Villa Santa Rosa o pedilo con envío a todo el país.;<p>Cable de micrófono Vapex de 9 m, con conector Canon (XLR) en un extremo y plug de 6,5 mm en el otro.</p><ul><li>Marca Vapex</li><li>Canon (XLR) a 6,5 mm</li><li>Largo de 9 m</li><li>Para micrófonos, consolas y equipos de sonido</li></ul><p>Retiralo en nuestro local de Caseros 924, Villa Santa Rosa, o pedilo con envío a todo el país.</p>;403
6744;Cable microfono vapex Canon a Canon 6m;Cables y Adaptadores > Cables de audio;Cable de Micrófono Vapex Canon a Canon 6 m;cable de microfono canon a canon;cable xlr 6 metros, cable canon canon vapex, cable de microfono 6 m, cable xlr macho hembra;Cable de Micrófono Vapex Canon a Canon 6 m;Cable de micrófono Vapex Canon a Canon de 6 m para estudios, eventos y presentaciones en vivo. Retiralo en Villa Santa Rosa o pedilo con envío.;<p>Cable de micrófono Vapex de 6 m con conectores Canon (XLR) en ambos extremos, para estudios, eventos y presentaciones en vivo.</p><ul><li>Marca Vapex</li><li>Conectores Canon (XLR)</li><li>Largo de 6 m</li><li>Para micrófonos y equipos de audio</li></ul><p>Retiralo en nuestro local de Caseros 924, Villa Santa Rosa, o pedilo con envío a todo el país.</p>;444
6611;Cable de red 20m;Cables y Adaptadores > Cables de red;Cable de Red 20 m;cable de red 20 metros;cable ethernet 20m, cable de red rj45 20 metros, cable de red córdoba;Cable de Red 20 m | Lucas Innovaciones;Cable de red de 20 metros para conectar tu PC, router o equipo a la distancia. Retiralo en Villa Santa Rosa o pedilo con envío a todo el país.;<p>Cable de red de 20 metros para conectar tu PC, router o dispositivo de red cuando la distancia es un problema. Una solución simple para armar o ampliar tu red en casa, la oficina o el comercio sin depender del Wi-Fi.</p><ul><li>Largo de 20 metros</li><li>Para conectar PC, router y otros equipos de red</li><li>Ideal para llevar internet por cable a otro ambiente</li></ul><p>Retiralo en nuestro local de Caseros 924, Villa Santa Rosa, o pedilo con envío a todo el país.</p>;480
6610;Cable de Red 30m CAT 5e;Cables y Adaptadores > Cables de red;Cable de Red 30 m CAT 5e;cable de red 30 metros cat 5e;cable ethernet 30m, cable cat5e 30 metros, cable de red 30m;Cable de Red 30 m CAT 5e | Lucas Innovaciones;Cable de red CAT 5e de 30 metros para conectar router, módem o switch. Retiralo en Villa Santa Rosa o pedilo con envío a todo el país.;<p>Cable de red CAT 5e de 30 metros para conectar tu router, módem o switch a cualquier rincón de la casa u oficina. Una solución simple para armar o ampliar tu red en casa, la oficina o el comercio sin depender del Wi-Fi.</p><ul><li>Categoría CAT 5e</li><li>Largo de 30 metros</li><li>Para router, módem, switch y PC</li></ul><p>Retiralo en nuestro local de Caseros 924, Villa Santa Rosa, o pedilo con envío a todo el país.</p>;407
6626;Cable de red 5m;Cables y Adaptadores > Cables de red;Cable de Red 5 m;cable de red 5 metros;cable ethernet 5m, cable de red rj45 5 metros, cable de red córdoba;Cable de Red 5 m | Lucas Innovaciones;Cable de red de 5 metros para llevar internet a otra habitación o conectar tu PC. Retiralo en Villa Santa Rosa o pedilo con envío a todo el país.;<p>Cable de red de 5 metros para conectar tus dispositivos. Ideal si el router queda lejos o querés llevar internet a otra habitación. Una solución simple para armar o ampliar tu red en casa, la oficina o el comercio sin depender del Wi-Fi.</p><ul><li>Largo de 5 metros</li><li>Para PC, router y otros equipos de red</li><li>Conexión por cable</li></ul><p>Retiralo en nuestro local de Caseros 924, Villa Santa Rosa, o pedilo con envío a todo el país.</p>;357
6914;Cable derivador RCA 2 Hembra 1 Macho;Cables y Adaptadores > Cables de audio;Cable Derivador RCA 2 Hembra a 1 Macho;cable derivador rca;cable y rca, derivador rca 2 hembra 1 macho, cable divisor rca, adaptador rca y;Cable Derivador RCA 2 Hembra a 1 Macho | Lucas Innovaciones;Cable derivador RCA de 2 hembra a 1 macho para enviar una señal de audio a dos equipos a la vez. Retiralo en Villa Santa Rosa o pedilo con envío.;<p>Cable derivador RCA con 2 conectores hembra y 1 macho, útil para enviar una señal de audio a dos equipos al mismo tiempo.</p><ul><li>Dos conectores RCA hembra</li><li>Un conector RCA macho</li><li>Para equipos de audio con salida RCA</li><li>Fácil de usar</li></ul><p>Retiralo en nuestro local de Caseros 924, Villa Santa Rosa, o pedilo con envío a todo el país.</p>;472
6498;Cable tipo-c a tipo-c Dinax;Cables y Adaptadores > Cables de carga;Cable Dinax USB-C a USB-C;cable dinax tipo c a tipo c;cable usb c dinax, cable tipo c a tipo c, cable dinax córdoba;Cable Dinax USB-C a USB-C | Lucas Innovaciones;Cable Dinax USB-C a USB-C para cargar y conectar tus dispositivos. Retiralo en Villa Santa Rosa o pedilo con envío a todo el país.;<p>Cable tipo C a tipo C de Dinax para cargar y conectar tus dispositivos sin complicaciones. Una buena opción para tener de repuesto o llevar en la mochila, y cargar tus equipos donde estés.</p><ul><li>Marca Dinax</li><li>Conectores USB-C en ambos extremos</li><li>Para celulares, tablets y otros equipos con USB-C</li></ul><p>Retiralo en nuestro local de Caseros 924, Villa Santa Rosa, o pedilo con envío a todo el país.</p>;384
6593;Cable Netmak Display port 1,5m;Cables y Adaptadores > Cables HDMI y video;Cable DisplayPort Netmak 1,5 m;cable displayport 1.5m;cable display port netmak, cable dp 1,5 metros, cable displayport para monitor;Cable DisplayPort Netmak 1,5 m | Lucas Innovaciones;Cable DisplayPort Netmak de 1,5 metros para conectar tu PC a monitor o proyector. Retiralo en Villa Santa Rosa o pedilo con envío a todo el país.;<p>Cable DisplayPort de Netmak para conectarte directo a tu monitor, proyector o pantalla sin perder calidad de imagen. Una buena opción para armar tu equipo de entretenimiento o de trabajo en casa, la oficina o el negocio.</p><ul><li>Marca Netmak</li><li>Conector DisplayPort</li><li>Largo de 1,5 metros</li></ul><p>Retiralo en nuestro local de Caseros 924, Villa Santa Rosa, o pedilo con envío a todo el país.</p>;503
8188;Cable Noganet Display port 2m;Cables y Adaptadores > Cables HDMI y video;Cable DisplayPort Noganet 2 m;cable displayport 2 metros;cable display port noganet, cable dp 2m, cable displayport para monitor;Cable DisplayPort Noganet 2 m | Lucas Innovaciones;Cable DisplayPort Noganet de 2 metros para conectar tu PC a un monitor. Retiralo en Villa Santa Rosa o pedilo con envío a todo el país.;<p>Cable DisplayPort de Noganet de 2 metros para conectar tu PC o notebook a un monitor. Una buena opción para armar tu equipo de entretenimiento o de trabajo en casa, la oficina o el negocio.</p><ul><li>Marca Noganet</li><li>Conector DisplayPort</li><li>Largo de 2 metros</li></ul><p>Retiralo en nuestro local de Caseros 924, Villa Santa Rosa, o pedilo con envío a todo el país.</p>;0
6521;Cable Fox Box 60W Loop;Cables y Adaptadores > Cables de carga;Cable FoxBox Loop 60 W;cable foxbox 60w;cable fox box loop, cable de carga 60w, cable usb c 60w, cable foxbox precio;Cable FoxBox Loop 60 W | Lucas Innovaciones;Cable FoxBox Loop de 60 W para cargar celulares, tablets y notebooks compatibles. Retiralo en Villa Santa Rosa o pedilo con envío a todo el país.;<p>Cable FoxBox Loop de 60 W para cargar celulares, tablets y notebooks con un diseño que se enrolla y no se enreda.</p><ul><li>Marca FoxBox, modelo Loop</li><li>Potencia de 60 W</li><li>Diseño que se enrolla</li><li>Para celulares, tablets y notebooks compatibles</li></ul><p>Retiralo en nuestro local de Caseros 924, Villa Santa Rosa, o pedilo con envío a todo el país.</p>;412
6847;Cable Fox Box Prism Lightning 1,25m;Cables y Adaptadores > Cables de carga;Cable FoxBox Prism Lightning 1,25 m;cable lightning foxbox;cable lightning 1.25 m, cable fox box prism, cable para iphone, cable lightning reforzado;Cable FoxBox Prism Lightning 1,25 m | Lucas Innovaciones;Cable FoxBox Prism Lightning de 1,25 m para cargar tu iPhone o iPad. Retiralo en Villa Santa Rosa o pedilo con envío a todo el país.;<p>Cable FoxBox Prism con conector Lightning y 1,25 m de largo, para cargar iPhone y iPad.</p><ul><li>Marca FoxBox, modelo Prism</li><li>Conector Lightning</li><li>Largo de 1,25 m</li><li>Refuerzos en los conectores</li></ul><p>Retiralo en nuestro local de Caseros 924, Villa Santa Rosa, o pedilo con envío a todo el país.</p>;368
6532;Cable Foxconn 1M Apple;Cables y Adaptadores > Cables de carga;Cable Foxconn Apple 1 m;cable foxconn apple 1 metro;cable de carga apple, cable foxconn, cable para iphone 1 m, cable apple precio;Cable Foxconn Apple 1 m | Lucas Innovaciones;Cable de carga Foxconn para Apple de 1 m. Consultanos por compatibilidad con tu modelo. Retiralo en Villa Santa Rosa o pedilo con envío a todo el país.;<p>Cable de carga Foxconn para dispositivos Apple, de 1 m de largo.</p><ul><li>Marca Foxconn, para Apple</li><li>Largo de 1 m</li><li>Para carga y uso diario</li><li>Consultanos por compatibilidad con tu modelo</li></ul><p>Retiralo en nuestro local de Caseros 924, Villa Santa Rosa, o pedilo con envío a todo el país.</p>;448
6517;Cable HDMI 1,5m;Cables y Adaptadores > Cables HDMI y video;Cable HDMI 1,5 m;cable hdmi 1.5m;cable hdmi 1,5 metros, cable hdmi para tv, cable hdmi córdoba;Cable HDMI 1,5 m | Lucas Innovaciones;Cable HDMI de 1,5 metros para conectar tu TV, monitor o consola. Retiralo en Villa Santa Rosa o pedilo con envío a todo el país.;<p>Cable HDMI de 1,5 metros para conectar tus dispositivos, con el largo justo para ordenar tu espacio. Una buena opción para armar tu equipo de entretenimiento o de trabajo en casa, la oficina o el negocio.</p><ul><li>Largo de 1,5 metros</li><li>Transmite video y audio</li><li>Para TV, monitor, consola y más</li></ul><p>Retiralo en nuestro local de Caseros 924, Villa Santa Rosa, o pedilo con envío a todo el país.</p>;438
6769;Cable HDMI 10m mallado;Cables y Adaptadores > Cables HDMI y video;Cable HDMI 10 m Mallado;cable hdmi 10 metros;cable hdmi mallado, cable hdmi 10m, cable hdmi largo córdoba;Cable HDMI 10 m Mallado | Lucas Innovaciones;Cable HDMI mallado de 10 metros para conectar TV, monitor o proyector a distancia. Retiralo en Villa Santa Rosa o pedilo con envío a todo el país.;<p>Cable HDMI de 10 metros para conectar tu TV, monitor o proyector desde cualquier rincón de la habitación. Su malla ayuda a proteger la señal. Una buena opción para armar tu equipo de entretenimiento o de trabajo en casa, la oficina o el negocio.</p><ul><li>Largo de 10 metros</li><li>Con malla protectora</li><li>Para TV, monitor y proyector</li></ul><p>Retiralo en nuestro local de Caseros 924, Villa Santa Rosa, o pedilo con envío a todo el país.</p>;485
6770;Cable HDMI 20m mallado;Cables y Adaptadores > Cables HDMI y video;Cable HDMI 20 m Mallado;cable hdmi 20 metros;cable hdmi mallado, cable hdmi 20m, cable hdmi largo para proyector;Cable HDMI 20 m Mallado | Lucas Innovaciones;Cable HDMI mallado de 20 metros para instalar pantalla o proyector a distancia. Retiralo en Villa Santa Rosa o pedilo con envío a todo el país.;<p>Cable HDMI de 20 metros para instalar tu pantalla o proyector donde quieras. Su malla ayuda a proteger la señal. Una buena opción para armar tu equipo de entretenimiento o de trabajo en casa, la oficina o el negocio.</p><ul><li>Largo de 20 metros</li><li>Con malla protectora</li><li>Para TV, monitor y proyector</li></ul><p>Retiralo en nuestro local de Caseros 924, Villa Santa Rosa, o pedilo con envío a todo el país.</p>;423
6875;Cable HDMI 3 en 1 sm c7820;Cables y Adaptadores > Cables HDMI y video;Cable HDMI 3 en 1 SM C7820;cable hdmi 3 en 1;cable hdmi multiple, cable 3 en 1 hdmi sm c7820, cable hdmi córdoba;Cable HDMI 3 en 1 SM C7820 | Lucas Innovaciones;Cable HDMI 3 en 1 modelo SM C7820 para conectar varios dispositivos. Retiralo en Villa Santa Rosa o pedilo con envío a todo el país.;<p>Cable HDMI 3 en 1, modelo SM C7820, pensado para conectar distintos dispositivos con un solo cable y no andar con uno para cada equipo. Una buena opción para armar tu equipo de entretenimiento o de trabajo en casa, la oficina o el negocio.</p><ul><li>Modelo SM C7820</li><li>Formato 3 en 1</li><li>Para conectar varios equipos</li></ul><p>Consultá la compatibilidad en nuestro local de Villa Santa Rosa o pedilo con envío a todo el país.</p>;488
6812;Cable HDMI 30m;Cables y Adaptadores > Cables HDMI y video;Cable HDMI 30 m;cable hdmi 30 metros;cable hdmi 30m, cable hdmi largo, cable hdmi mallado 30 metros;Cable HDMI 30 m | Lucas Innovaciones;Cable HDMI de 30 metros para llevar la señal de video y audio a gran distancia. Retiralo en Villa Santa Rosa o pedilo con envío a todo el país.;<p>Cable HDMI de 30 metros para llevar la señal lejos. Su malla ayuda a proteger contra interferencias. Una buena opción para armar tu equipo de entretenimiento o de trabajo en casa, la oficina o el negocio.</p><ul><li>Largo de 30 metros</li><li>Con malla contra interferencias</li><li>Para TV, monitor y proyector</li></ul><p>Retiralo en nuestro local de Caseros 924, Villa Santa Rosa, o pedilo con envío a todo el país.</p>;471
6771;Cable HDMI KOLKE 1,5m;Cables y Adaptadores > Cables HDMI y video;Cable HDMI Kolke 1,5 m;cable hdmi kolke 1.5m;cable hdmi kolke, cable hdmi 1,5 metros, cable hdmi para tv;Cable HDMI Kolke 1,5 m | Lucas Innovaciones;Cable HDMI Kolke de 1,5 metros para pasar video y audio entre tus dispositivos. Retiralo en Villa Santa Rosa o pedilo con envío a todo el país.;<p>Cable HDMI de Kolke para pasar video y audio de un dispositivo a otro. Tiene 1,5 metros para acomodarlo donde lo necesites. Una buena opción para armar tu equipo de entretenimiento o de trabajo en casa, la oficina o el negocio.</p><ul><li>Marca Kolke</li><li>Largo de 1,5 metros</li><li>Transmite video y audio</li></ul><p>Retiralo en nuestro local de Caseros 924, Villa Santa Rosa, o pedilo con envío a todo el país.</p>;358
6543;Cable HDMI noganet 20m bolsa;Cables y Adaptadores > Cables HDMI y video;Cable HDMI Noganet 20 m;cable hdmi noganet 20m;cable hdmi 20 metros, cable hdmi noga, cable hdmi largo;Cable HDMI Noganet 20 m | Lucas Innovaciones;Cable HDMI Noganet de 20 metros para conectar reproductor, consola o decodificador a la TV. Retiralo en Villa Santa Rosa o pedilo con envío a todo el país.;<p>Cable HDMI Noganet de 20 metros para conectar tu reproductor, consola o decodificador a la TV cuando la pantalla queda lejos. Una buena opción para armar tu equipo de entretenimiento o de trabajo en casa, la oficina o el negocio.</p><ul><li>Marca Noganet</li><li>Largo de 20 metros</li><li>Presentación en bolsa</li></ul><p>Retiralo en nuestro local de Caseros 924, Villa Santa Rosa, o pedilo con envío a todo el país.</p>;420
6514;Cable HDMI Premium 3M;Cables y Adaptadores > Cables HDMI y video;Cable HDMI Premium 3 m 4K;cable hdmi 3 metros 4k;cable hdmi premium, cable hdmi 4k, cable hdmi 3m;Cable HDMI Premium 3 m 4K | Lucas Innovaciones;Cable HDMI Premium de 3 metros con video 4K para series, películas y juegos. Retiralo en Villa Santa Rosa o pedilo con envío a todo el país.;<p>Cable HDMI Premium de 3 metros con video 4K y audio limpio, ideal para series, películas o juegos. Una buena opción para armar tu equipo de entretenimiento o de trabajo en casa, la oficina o el negocio.</p><ul><li>Largo de 3 metros</li><li>Video 4K</li><li>Versión Premium</li></ul><p>Retiralo en nuestro local de Caseros 924, Villa Santa Rosa, o pedilo con envío a todo el país.</p>;478
6594;Cable Vapex Hdmi 1.8m;Cables y Adaptadores > Cables HDMI y video;Cable HDMI Vapex 1,8 m;cable hdmi vapex 1.8m;cable hdmi 1,8 metros, cable hdmi vapex, cable hdmi para tv;Cable HDMI Vapex 1,8 m | Lucas Innovaciones;Cable HDMI Vapex de 1,8 metros para conectar tu TV o monitor. Retiralo en Villa Santa Rosa o pedilo con envío a todo el país.;<p>Cable HDMI de Vapex para conectar tu dispositivo a la TV o al monitor con una transmisión de video limpia y estable. Una buena opción para armar tu equipo de entretenimiento o de trabajo en casa, la oficina o el negocio.</p><ul><li>Marca Vapex</li><li>Largo de 1,8 metros</li><li>Transmite video y audio</li></ul><p>Retiralo en nuestro local de Caseros 924, Villa Santa Rosa, o pedilo con envío a todo el país.</p>;482
6590;Cable HDMI VAPEX 5m;Cables y Adaptadores > Cables HDMI y video;Cable HDMI Vapex 5 m;cable hdmi vapex 5m;cable hdmi 5 metros, cable hdmi vapex, cable hdmi para monitor;Cable HDMI Vapex 5 m | Lucas Innovaciones;Cable HDMI Vapex de 5 metros para conectar monitores, equipos de audio o instrumentos. Retiralo en Villa Santa Rosa o pedilo con envío a todo el país.;<p>Cable HDMI Vapex de 5 metros para conectar monitores y equipos de audio con una señal de calidad. Una buena opción para armar tu equipo de entretenimiento o de trabajo en casa, la oficina o el negocio.</p><ul><li>Marca Vapex</li><li>Largo de 5 metros</li><li>Para monitores y equipos de audio</li></ul><p>Retiralo en nuestro local de Caseros 924, Villa Santa Rosa, o pedilo con envío a todo el país.</p>;452
8282;Cable iphone USB A a lightning ECONOMICO;Cables y Adaptadores > Cables de carga;Cable iPhone USB-A a Lightning Económico;cable lightning economico;cable usb a lightning, cable para iphone, cable lightning córdoba;Cable iPhone USB-A a Lightning Económico;Cable USB-A a Lightning económico para cargar y conectar tu iPhone. Retiralo en Villa Santa Rosa o pedilo con envío a todo el país.;<p>Cable USB-A a Lightning pensado para cargar tu iPhone con un cargador o puerto USB común. Una opción simple y accesible para el día a día. Una buena opción para tener de repuesto o llevar en la mochila, y cargar tus equipos donde estés.</p><ul><li>Conector USB-A de un lado y Lightning del otro</li><li>Para cargar tu iPhone</li><li>Ideal como cable de repuesto para la casa, el auto o la oficina</li></ul><p>Retiralo en nuestro local de Caseros 924, Villa Santa Rosa, o pedilo con envío a todo el país.</p>;0
8455;Cable iphone usb tipo c a lightning Eco;Cables y Adaptadores > Cables de carga;Cable iPhone USB-C a Lightning Eco;cable usb c a lightning;cable tipo c a lightning, cable iphone tipo c, cable lightning económico;Cable iPhone USB-C a Lightning Eco | Lucas Innovaciones;Cable USB-C a Lightning versión Eco para cargar tu iPhone. Retiralo en Villa Santa Rosa o pedilo con envío a todo el país.;<p>Cable USB-C a Lightning en versión Eco, para cargar tu iPhone desde un cargador con salida USB-C. Una alternativa accesible para tener de repuesto. Una buena opción para tener de repuesto o llevar en la mochila, y cargar tus equipos donde estés.</p><ul><li>Conector USB-C de un lado y Lightning del otro</li><li>Para conectar tu iPhone a cargadores con salida USB-C</li><li>Versión Eco, ideal para uso cotidiano</li></ul><p>Retiralo en nuestro local de Caseros 924, Villa Santa Rosa, o pedilo con envío a todo el país.</p>;0
8456;Cable iphone usb tipo c a lightning Premium;Cables y Adaptadores > Cables de carga;Cable iPhone USB-C a Lightning Premium;cable usb c a lightning premium;cable tipo c a lightning, cable iphone usb c, cable lightning premium córdoba;Cable iPhone USB-C a Lightning Premium | Lucas Innovaciones;Cable USB-C a Lightning versión Premium para cargar tu iPhone. Retiralo en Villa Santa Rosa o pedilo con envío a todo el país.;<p>Cable USB-C a Lightning en versión Premium, para cargar tu iPhone desde un cargador con salida USB-C. Una buena opción para tener de repuesto o llevar en la mochila, y cargar tus equipos donde estés.</p><ul><li>Conector USB-C de un lado y Lightning del otro</li><li>Para conectar tu iPhone a cargadores con salida USB-C</li><li>Versión Premium, pensada para un uso diario</li></ul><p>Retiralo en nuestro local de Caseros 924, Villa Santa Rosa, o pedilo con envío a todo el país.</p>;0
6862;Cable KOLKE tipo C a tipo C KCC8708;Cables y Adaptadores > Cables de carga;Cable Kolke USB-C a USB-C KCC8708;cable kolke tipo c a tipo c;cable usb c kolke, kolke kcc8708, cable tipo c a tipo c precio;Cable Kolke USB-C a USB-C KCC8708 | Lucas Innovaciones;Cable Kolke USB-C a USB-C KCC8708 para cargar y sincronizar celulares y tablets. Retiralo en Villa Santa Rosa o pedilo con envío a todo el país.;<p>Cable USB-C a USB-C de Kolke, modelo KCC8708, para cargar y sincronizar tus dispositivos. Funciona con laptops, tablets, celulares y todo lo que use este conector. Una buena opción para tener de repuesto o llevar en la mochila, y cargar tus equipos donde estés.</p><ul><li>Marca Kolke, modelo KCC8708</li><li>USB-C en ambos extremos</li><li>Sirve para cargar y sincronizar datos</li><li>Compatible con equipos que usen conector USB-C</li></ul><p>Retiralo en nuestro local de Caseros 924, Villa Santa Rosa, o pedilo con envío a todo el país.</p>;359
6970;Cable USB TRV iphone lightning;Cables y Adaptadores > Cables de carga;Cable Lightning para iPhone Apple TRV;cable lightning iphone;cable iphone apple, cable lightning trv, cable para iphone córdoba;Cable Lightning para iPhone Apple TRV | Lucas Innovaciones;Cable Lightning para cargar tu iPhone con velocidad de carga constante. Retiralo en Villa Santa Rosa o pedilo con envío a todo el país.;<p>Cable Lightning para cargar tu iPhone, pensado para durar y mantener una velocidad de carga constante. Una buena opción para tener de repuesto o llevar en la mochila, y cargar tus equipos donde estés.</p><ul><li>Conector Lightning</li><li>Para cargar tu iPhone</li><li>Modelo TRV</li></ul><p>Retiralo en nuestro local de Caseros 924, Villa Santa Rosa, o pedilo con envío a todo el país.</p>;387
6688;Cable Miciro USB Fox Box led;Cables y Adaptadores > Cables de carga;Cable Micro USB FoxBox con LED;cable micro usb con led;cable foxbox micro usb, cable v8 con luz led, cable micro usb córdoba;Cable Micro USB FoxBox con LED | Lucas Innovaciones;Cable Micro USB FoxBox con LED integrado para cargar tu celular. Retiralo en Villa Santa Rosa o pedilo con envío a todo el país.;<p>Cable Micro USB de FoxBox con LED integrado, pensado para cargar tu celular sin complicaciones. Una buena opción para tener de repuesto o llevar en la mochila, y cargar tus equipos donde estés.</p><ul><li>Conector Micro USB</li><li>Con LED integrado</li><li>Marca FoxBox</li><li>Para celulares y accesorios con entrada Micro USB</li></ul><p>Retiralo en nuestro local de Caseros 924, Villa Santa Rosa, o pedilo con envío a todo el país.</p>;573
7994;Cable usb Micro 20w Fox Box round;Cables y Adaptadores > Cables de carga;Cable Micro USB FoxBox Round 20 W;cable micro usb foxbox 20w;cable foxbox round micro usb, cable v8 20w, cable micro usb foxbox;Cable Micro USB FoxBox Round 20 W | Lucas Innovaciones;Cable Micro USB FoxBox Round de 20 W para cargar tu celular. Retiralo en Villa Santa Rosa o pedilo con envío a todo el país.;<p>Cable Micro USB de FoxBox, modelo Round, de 20 W para cargar tus dispositivos con conector Micro USB. Una buena opción para tener de repuesto o llevar en la mochila, y cargar tus equipos donde estés.</p><ul><li>Marca FoxBox, modelo Round</li><li>Conector Micro USB</li><li>Potencia de 20 W</li></ul><p>Retiralo en nuestro local de Caseros 924, Villa Santa Rosa, o pedilo con envío a todo el país.</p>;0
6973;Cable USB v3 mini 1,5m Vapex;Cables y Adaptadores > Cables de carga;Cable Mini USB 3.0 Vapex 1,5 m;cable mini usb 3.0 vapex;cable usb 3.0 mini, cable vapex mini usb, cable mini usb 1,5 metros;Cable Mini USB 3.0 Vapex 1,5 m | Lucas Innovaciones;Cable Vapex Mini USB 3.0 de 1,5 metros para conectar tus dispositivos. Retiralo en Villa Santa Rosa o pedilo con envío a todo el país.;<p>Cable Vapex USB 3.0 con conector mini de 1,5 metros, para conectar tus dispositivos con la distancia justa. Una buena opción para tener de repuesto o llevar en la mochila, y cargar tus equipos donde estés.</p><ul><li>Marca Vapex</li><li>USB 3.0 con conector mini</li><li>Largo de 1,5 metros</li></ul><p>Retiralo en nuestro local de Caseros 924, Villa Santa Rosa, o pedilo con envío a todo el país.</p>;443
6464;Cable mini usb a usb 1.5m;Cables y Adaptadores > Cables de carga;Cable Mini USB a USB 1,5 m;cable mini usb a usb 1.5m;cable mini usb, cable mini usb 1,5 metros, cable mini usb córdoba;Cable Mini USB a USB 1,5 m | Lucas Innovaciones;Cable Mini USB a USB de 1,5 metros para conectar y cargar tus dispositivos. Retiralo en Villa Santa Rosa o pedilo con envío a todo el país.;<p>Cable de 1,5 metros con conector Mini USB para conectar y cargar tus dispositivos. El largo te da libertad para moverte mientras cargás. Una buena opción para tener de repuesto o llevar en la mochila, y cargar tus equipos donde estés.</p><ul><li>Conector Mini USB a USB</li><li>Largo de 1,5 metros</li><li>Para dispositivos con entrada Mini USB</li></ul><p>Retiralo en nuestro local de Caseros 924, Villa Santa Rosa, o pedilo con envío a todo el país.</p>;428
6525;Cable Noganet 3.5 plug a 2 RCA 1.8M;Cables y Adaptadores > Cables de audio;Cable Noganet 3,5 mm Plug a 2 RCA 1,8 m;cable 3.5 a 2 rca;cable plug a rca, cable auxiliar a rca, cable noganet rca, cable 3.5 mm a rca 1.8 m;Cable Noganet 3,5 mm Plug a 2 RCA 1,8 m | Lucas Innovaciones;Cable Noganet de plug 3,5 mm a 2 RCA y 1,8 m para pasar audio a parlantes y amplificadores. Retiralo en Villa Santa Rosa o pedilo con envío a todo el país.;<p>Cable Noganet de 1,8 m con plug de 3,5 mm de un lado y dos conectores RCA del otro, para pasar audio del celular o la PC a equipos con entradas RCA.</p><ul><li>Marca Noganet</li><li>Plug de 3,5 mm a 2 RCA (rojo y blanco)</li><li>Largo de 1,8 m</li><li>Para parlantes, amplificadores y equipos de audio</li></ul><p>Retiralo en nuestro local de Caseros 924, Villa Santa Rosa, o pedilo con envío a todo el país.</p>;427
7988;Cable Optico audio 1,5m;Cables y Adaptadores > Cables de audio;Cable Óptico de Audio 1,5 m;cable optico de audio;cable optico 1.5 metros, cable toslink, cable de audio digital optico, cable optico para tv;Cable Óptico de Audio 1,5 m | Lucas Innovaciones;Cable óptico de audio de 1,5 m para conectar tu TV o equipo con una barra de sonido. Retiralo en Villa Santa Rosa o pedilo con envío a todo el país.;<p>Cable óptico de audio de 1,5 m para conectar equipos con salida óptica, como televisores, barras de sonido y equipos de audio.</p><ul><li>Cable de fibra óptica de audio</li><li>Largo de 1,5 m</li><li>Para TV, barras de sonido y equipos con salida óptica</li><li>Fácil de conectar</li></ul><p>Retiralo en nuestro local de Caseros 924, Villa Santa Rosa, o pedilo con envío a todo el país.</p>;0
7237;Cable Philips tipo C;Cables y Adaptadores > Cables de carga;Cable Philips USB-C;cable philips tipo c;cable usb c philips, cable tipo c philips precio, cable philips córdoba;Cable Philips USB-C | Lucas Innovaciones;Cable Philips con conector USB-C para cargar tu celular, tablet u otros equipos. Retiralo en Villa Santa Rosa o pedilo con envío a todo el país.;<p>Cable Philips con conector USB-C, pensado para cargar celulares, tablets y otros dispositivos que usen ese puerto. Una buena opción para tener de repuesto o llevar en la mochila, y cargar tus equipos donde estés.</p><ul><li>Marca Philips</li><li>Conector USB-C</li><li>Para uso diario en casa, oficina o auto</li></ul><p>Retiralo en nuestro local de Caseros 924, Villa Santa Rosa, o pedilo con envío a todo el país.</p>;0
6466;Cable RCA a plug;Cables y Adaptadores > Cables de audio;Cable RCA a Plug;cable rca a plug;cable rca a 3.5, cable rca a jack, cable de audio rca, cable rca plug precio;Cable RCA a Plug | Lucas Innovaciones;Cable RCA a plug de 3,5 mm para conectar equipos de sonido y dispositivos portátiles. Retiralo en Villa Santa Rosa o pedilo con envío a todo el país.;<p>Cable RCA a plug de 3,5 mm estéreo, para conectar equipos de audio y dispositivos portátiles.</p><ul><li>RCA macho a plug de 3,5 mm estéreo</li><li>Para amplificadores y equipos de sonido</li><li>Para dispositivos portátiles</li><li>Fácil de usar</li></ul><p>Retiralo en nuestro local de Caseros 924, Villa Santa Rosa, o pedilo con envío a todo el país.</p>;427
6916;Cable RCA Mercury 5m;Cables y Adaptadores > Cables de audio;Cable RCA Mercury 5 m;cable rca 5 metros;cable rca mercury, cable de audio rca 5 m, cable rca largo, cable rca estereo;Cable RCA Mercury 5 m | Lucas Innovaciones;Cable RCA Mercury de 5 m con conectores dobles para conectar tus equipos de audio. Retiralo en Villa Santa Rosa o pedilo con envío a todo el país.;<p>Cable RCA Mercury de 5 m para conectar equipos de audio con la distancia que necesitás.</p><ul><li>Marca Mercury</li><li>Largo de 5 m</li><li>Conectores RCA dobles (L/R)</li><li>Para amplificadores y equipos de audio</li></ul><p>Retiralo en nuestro local de Caseros 924, Villa Santa Rosa, o pedilo con envío a todo el país.</p>;450
6531;Cable Samsung Tipo C a Tipo C;Cables y Adaptadores > Cables de carga;Cable Samsung USB-C a USB-C;cable samsung tipo c a tipo c;cable usb c samsung, cable samsung galaxy tipo c, cable tipo c a tipo c samsung precio;Cable Samsung USB-C a USB-C | Lucas Innovaciones;Cable Samsung USB-C a USB-C para cargar y transferir datos de tu Galaxy. Retiralo en Villa Santa Rosa o pedilo con envío a todo el país.;<p>Cable USB-C a USB-C de Samsung para cargar y transferir datos. Pensado para tu celular o tablet Samsung. Una buena opción para tener de repuesto o llevar en la mochila, y cargar tus equipos donde estés.</p><ul><li>Marca Samsung</li><li>USB-C en ambos extremos</li><li>Sirve para cargar y transferir datos</li><li>Para equipos Samsung y otros con USB-C</li></ul><p>Retiralo en nuestro local de Caseros 924, Villa Santa Rosa, o pedilo con envío a todo el país.</p>;339
6503;Cable usb a Lightning 1mt;Cables y Adaptadores > Cables de carga;Cable USB a Lightning 1 m;cable usb a lightning 1 metro;cable lightning 1m, cable iphone 1 metro, cable usb lightning córdoba;Cable USB a Lightning 1 m | Lucas Innovaciones;Cable USB a Lightning de 1 metro para cargar tu iPhone, iPad o AirPods. Retiralo en Villa Santa Rosa o pedilo con envío a todo el país.;<p>Cable USB a Lightning de 1 metro para cargar tu iPhone, iPad o AirPods. Un largo práctico para cualquier lugar. Una buena opción para tener de repuesto o llevar en la mochila, y cargar tus equipos donde estés.</p><ul><li>Conector USB-A a Lightning</li><li>Largo de 1 metro</li><li>Para iPhone, iPad y AirPods</li></ul><p>Retiralo en nuestro local de Caseros 924, Villa Santa Rosa, o pedilo con envío a todo el país.</p>;477
6551;Cable usb a Lightning 2m;Cables y Adaptadores > Cables de carga;Cable USB a Lightning 2 m;cable usb a lightning 2 metros;cable lightning 2m, cable iphone 2 metros, cable lightning largo;Cable USB a Lightning 2 m | Lucas Innovaciones;Cable USB a Lightning de 2 metros para cargar tus dispositivos Apple desde lejos. Retiralo en Villa Santa Rosa o pedilo con envío a todo el país.;<p>Cable de 2 metros para cargar y sincronizar tus dispositivos Apple sin quedar pegado a la pared. Ideal para usar en la cama o el sillón. Una buena opción para tener de repuesto o llevar en la mochila, y cargar tus equipos donde estés.</p><ul><li>Conector USB-A a Lightning</li><li>Largo de 2 metros</li><li>Para cargar y sincronizar dispositivos Apple</li></ul><p>Retiralo en nuestro local de Caseros 924, Villa Santa Rosa, o pedilo con envío a todo el país.</p>;363
6483;Cable usb a micro usb XAEA 1mt;Cables y Adaptadores > Cables de carga;Cable USB a Micro USB XAEA 1 m;cable usb a micro usb 1m;cable v8 xaea, cable micro usb 1 metro, cable micro usb córdoba;Cable USB a Micro USB XAEA 1 m | Lucas Innovaciones;Cable XAEA de USB a Micro USB de 1 metro para cargar tu celular. Retiralo en Villa Santa Rosa o pedilo con envío a todo el país.;<p>Cable XAEA de USB a Micro USB para cargar tu celular. Práctico para dejar en la mochila, el trabajo o la casa. Una buena opción para tener de repuesto o llevar en la mochila, y cargar tus equipos donde estés.</p><ul><li>Marca XAEA</li><li>Conectores USB a Micro USB</li><li>Largo de 1 metro</li></ul><p>Retiralo en nuestro local de Caseros 924, Villa Santa Rosa, o pedilo con envío a todo el país.</p>;367
6465;Cable usb a plug Nisuta;Cables y Adaptadores > Cables de carga;Cable USB a Plug Nisuta;cable usb a plug nisuta;cable usb a plug, cable nisuta usb, cable usb plug córdoba;Cable USB a Plug Nisuta | Lucas Innovaciones;Cable Nisuta USB a plug para alimentar y cargar equipos desde un puerto USB. Retiralo en Villa Santa Rosa o pedilo con envío a todo el país.;<p>Cable Nisuta con conexión USB estándar a plug, para alimentar o cargar equipos sin andar buscando adaptadores raros. Una buena opción para tener de repuesto o llevar en la mochila, y cargar tus equipos donde estés.</p><ul><li>Marca Nisuta</li><li>Conexión USB estándar a plug</li><li>Útil como cable de repuesto</li></ul><p>Consultá las medidas del plug en nuestro local de Villa Santa Rosa o pedilo con envío a todo el país.</p>;326
6497;Cable usb a tipo-c (caja negra);Cables y Adaptadores > Cables de carga;Cable USB a USB-C;cable usb a tipo c;cable usb a usb c, cable tipo c para celular, cable usb c córdoba;Cable USB a USB-C | Lucas Innovaciones;Cable USB a USB-C para cargar y conectar tu celular o tablet. Retiralo en Villa Santa Rosa o pedilo con envío a todo el país.;<p>Cable con USB-A de un lado y USB-C del otro, para cargar y conectar la mayoría de los celulares modernos. Una buena opción para tener de repuesto o llevar en la mochila, y cargar tus equipos donde estés.</p><ul><li>Conector USB-A a USB-C</li><li>Compatible con celulares y tablets con puerto USB-C</li><li>Viene en caja negra</li></ul><p>Retiralo en nuestro local de Caseros 924, Villa Santa Rosa, o pedilo con envío a todo el país.</p>;451
6663;Cable USB lightning 3.1a Aló flash;Cables y Adaptadores > Cables de carga;Cable USB Lightning 3.1 A Aló Flash;cable lightning 3.1a;cable aló flash, cable iphone carga rápida, cable lightning 3.1 amperes;Cable USB Lightning 3.1 A Aló Flash | Lucas Innovaciones;Cable Lightning Aló Flash de 3.1 A para cargar tu iPhone más rápido. Retiralo en Villa Santa Rosa o pedilo con envío a todo el país.;<p>Cable Lightning Aló Flash de 3.1 A para cargar tu iPhone con más velocidad. Una buena opción para tener de repuesto o llevar en la mochila, y cargar tus equipos donde estés.</p><ul><li>Corriente de 3.1 A</li><li>Conector Lightning para iPhone</li><li>Modelo Aló Flash</li></ul><p>Retiralo en nuestro local de Caseros 924, Villa Santa Rosa, o pedilo con envío a todo el país.</p>;316
8219;Cable usb mini 1,8m;Cables y Adaptadores > Cables de carga;Cable USB Mini 1,8 m;cable usb mini 1.8m;cable mini usb, cable mini usb 1,8 metros, cable mini usb córdoba;Cable USB Mini 1,8 m | Lucas Innovaciones;Cable USB Mini de 1,8 metros para conectar y cargar tus equipos. Retiralo en Villa Santa Rosa o pedilo con envío a todo el país.;<p>Cable con conector Mini USB de 1,8 metros para conectar y cargar dispositivos con esa entrada. Una buena opción para tener de repuesto o llevar en la mochila, y cargar tus equipos donde estés.</p><ul><li>Conector Mini USB</li><li>Largo de 1,8 metros</li><li>Para equipos con entrada Mini USB</li></ul><p>Retiralo en nuestro local de Caseros 924, Villa Santa Rosa, o pedilo con envío a todo el país.</p>;0
8458;Cable USB para impresora 1.8m;Cables y Adaptadores > Adaptadores y conversores;Cable USB para Impresora 1,8 m;cable usb para impresora;cable de impresora 1.8 m, cable usb impresora, cable usb a b, cable impresora precio;Cable USB para Impresora 1,8 m | Lucas Innovaciones;Cable USB de 1,8 m para conectar tu impresora a la PC o notebook. Retiralo en Villa Santa Rosa o pedilo con envío a todo el país.;<p>Cable USB de 1,8 m para conectar tu impresora a la PC o notebook.</p><ul><li>Largo de 1,8 m</li><li>Para conectar impresoras por USB</li><li>Útil en casa, oficina o local</li><li>Fácil de usar</li></ul><p>Retiralo en nuestro local de Caseros 924, Villa Santa Rosa, o pedilo con envío a todo el país.</p>;0
7236;Cable USB para impresora 10m;Cables y Adaptadores > Adaptadores y conversores;Cable USB para Impresora 10 m;cable usb para impresora 10 metros;cable de impresora 10 m, cable usb largo, cable usb impresora, cable impresora precio;Cable USB para Impresora 10 m | Lucas Innovaciones;Cable USB de 10 m para conectar tu impresora cuando la PC queda lejos. Retiralo en Villa Santa Rosa o pedilo con envío a todo el país.;<p>Cable USB de 10 m para conectar tu impresora cuando la PC queda lejos. Ideal para oficinas y locales.</p><ul><li>Largo de 10 m</li><li>Para conectar impresoras por USB</li><li>Útil para oficinas y locales</li><li>Fácil de usar</li></ul><p>Retiralo en nuestro local de Caseros 924, Villa Santa Rosa, o pedilo con envío a todo el país.</p>;0
7307;Cable usb tipo C;Cables y Adaptadores > Cables de carga;Cable USB-C;cable usb tipo c;cable tipo c, cable usb c para celular, cable usb c córdoba;Cable USB-C | Lucas Innovaciones;Cable USB tipo C para cargar y conectar celulares y tablets. Retiralo en Villa Santa Rosa o pedilo con envío a todo el país.;<p>Cable USB tipo C para cargar y conectar tu celular, tablet y otros equipos con ese puerto. Una buena opción para tener de repuesto o llevar en la mochila, y cargar tus equipos donde estés.</p><ul><li>Conector USB tipo C</li><li>Para uso diario en casa, oficina o auto</li><li>Compatible con equipos con puerto USB-C</li></ul><p>Retiralo en nuestro local de Caseros 924, Villa Santa Rosa, o pedilo con envío a todo el país.</p>;0
6661;Cable iPhone USB C a USB C Original 60w;Cables y Adaptadores > Cables de carga;Cable USB-C a USB-C Apple 60 W para iPhone;cable usb c a usb c apple 60w;cable iphone 15 usb c, cable apple usb-c original, cable usb c 60w precio;Cable USB-C a USB-C Apple 60 W para iPhone;Cable Apple USB-C a USB-C de 60 W para iPhone 15, iPad y MacBook. Retiralo en Villa Santa Rosa o pedilo con envío a todo el país.;<p>Cable USB-C a USB-C de Apple para cargar y transferir datos. Es compatible con iPhone 15, iPad y MacBook. Una buena opción para tener de repuesto o llevar en la mochila, y cargar tus equipos donde estés.</p><ul><li>Conectores USB-C en ambos extremos</li><li>Potencia de hasta 60 W</li><li>Compatible con iPhone 15, iPad y MacBook</li><li>Sirve para cargar y transferir datos</li></ul><p>Retiralo en nuestro local de Caseros 924, Villa Santa Rosa, o pedilo con envío a todo el país.</p>;461
6689;Cable LCD display Fox Box pixel TC a TC 100w;Cables y Adaptadores > Cables de carga;Cable USB-C a USB-C FoxBox Pixel 100 W con Display LCD;cable usb c con display;cable fox box pixel, cable tipo c 100w, cable usb c con pantalla lcd;Cable USB-C a USB-C FoxBox Pixel 100 W con Display LCD;Cable FoxBox Pixel USB-C a USB-C de 100 W con display LCD que muestra la potencia. Retiralo en Villa Santa Rosa o pedilo con envío a todo el país.;<p>Cable USB-C a USB-C de FoxBox con display LCD integrado, que te muestra la energía que está pasando mientras cargás. Una buena opción para tener de repuesto o llevar en la mochila, y cargar tus equipos donde estés.</p><ul><li>Modelo FoxBox Pixel con display LCD integrado</li><li>Muestra datos de la carga, como voltaje y amperaje</li><li>Conectores USB-C en ambos extremos</li><li>Potencia de hasta 100 W</li></ul><p>Retiralo en nuestro local de Caseros 924, Villa Santa Rosa, o pedilo con envío a todo el país.</p>;558
7805;Cable iphone usb tipo c a tipo c;Cables y Adaptadores > Cables de carga;Cable USB-C a USB-C para iPhone;cable usb c a usb c iphone;cable tipo c a tipo c, cable iphone 15 usb c, cable usb c a usb c córdoba;Cable USB-C a USB-C para iPhone | Lucas Innovaciones;Cable USB-C a USB-C para cargar tu iPhone, iPad u otros equipos con ese conector. Retiralo en Villa Santa Rosa o pedilo con envío a todo el país.;<p>Cable con conector USB-C en ambos extremos, útil para cargar equipos que usan ese puerto, como los iPhone de última generación. Una buena opción para tener de repuesto o llevar en la mochila, y cargar tus equipos donde estés.</p><ul><li>USB-C en los dos extremos</li><li>Para cargar celulares, tablets y otros equipos con USB-C</li><li>Práctico para tener en casa, el auto o la mochila</li></ul><p>Retiralo en nuestro local de Caseros 924, Villa Santa Rosa, o pedilo con envío a todo el país.</p>;0
6865;Cable usb tipo c a tipo c Premium apple;Cables y Adaptadores > Cables de carga;Cable USB-C a USB-C Premium Apple;cable usb c a usb c apple;cable apple tipo c, cable usb c premium, cable usb c a usb c iphone;Cable USB-C a USB-C Premium Apple | Lucas Innovaciones;Cable Premium USB-C a USB-C de Apple para una carga rápida y conexión estable. Retiralo en Villa Santa Rosa o pedilo con envío a todo el país.;<p>Cable USB-C a USB-C de Apple para cargar y conectar tus dispositivos compatibles con una conexión estable. Una buena opción para tener de repuesto o llevar en la mochila, y cargar tus equipos donde estés.</p><ul><li>Marca Apple</li><li>Conectores USB-C en ambos extremos</li><li>Pensado para carga rápida en equipos compatibles</li></ul><p>Retiralo en nuestro local de Caseros 924, Villa Santa Rosa, o pedilo con envío a todo el país.</p>;483
7359;Cable usb tipo C Fox box Axon 20w;Cables y Adaptadores > Cables de carga;Cable USB-C FoxBox Axon 20 W;cable usb tipo c foxbox axon 20w;cable foxbox axon, cable tipo c 20w, cable usb c foxbox;Cable USB-C FoxBox Axon 20 W | Lucas Innovaciones;Cable USB-C FoxBox Axon de 20 W para cargar tu celular o tablet. Retiralo en Villa Santa Rosa o pedilo con envío a todo el país.;<p>Cable USB tipo C de FoxBox, modelo Axon, de 20 W para cargar celulares, tablets y otros equipos con USB-C. Una buena opción para tener de repuesto o llevar en la mochila, y cargar tus equipos donde estés.</p><ul><li>Marca FoxBox, modelo Axon</li><li>Conector USB-C</li><li>Potencia de 20 W</li></ul><p>Retiralo en nuestro local de Caseros 924, Villa Santa Rosa, o pedilo con envío a todo el país.</p>;0
6918;Cable usb tipo C 20w Fox Box round;Cables y Adaptadores > Cables de carga;Cable USB-C FoxBox Round 20 W;cable usb tipo c 20w foxbox;cable foxbox round tipo c, cable tipo c 20w, cable foxbox córdoba;Cable USB-C FoxBox Round 20 W | Lucas Innovaciones;Cable USB-C FoxBox Round de 20 W para cargar tu celular en menos tiempo. Retiralo en Villa Santa Rosa o pedilo con envío a todo el país.;<p>Cable USB tipo C de FoxBox, modelo Round, de 20 W para cargar tu celular sin complicaciones. Una buena opción para tener de repuesto o llevar en la mochila, y cargar tus equipos donde estés.</p><ul><li>Marca FoxBox, modelo Round</li><li>Conector USB-C</li><li>Potencia de 20 W</li><li>Diseño round</li></ul><p>Retiralo en nuestro local de Caseros 924, Villa Santa Rosa, o pedilo con envío a todo el país.</p>;364
6906;Cable USB c  KOLKE 3A;Cables y Adaptadores > Cables de carga;Cable USB-C Kolke 3 A;cable usb c kolke 3a;cable kolke tipo c, cable usb c 3 amperes, cable tipo c carga rápida;Cable USB-C Kolke 3 A | Lucas Innovaciones;Cable Kolke USB-C de 3 A para una carga rápida y estable de tus dispositivos. Retiralo en Villa Santa Rosa o pedilo con envío a todo el país.;<p>Cable USB-C de Kolke de 3 A, pensado para cargas rápidas y estables en dispositivos compatibles. Una buena opción para tener de repuesto o llevar en la mochila, y cargar tus equipos donde estés.</p><ul><li>Marca Kolke</li><li>Conector USB-C</li><li>Corriente de 3 A</li><li>Para cargar equipos compatibles con carga rápida</li></ul><p>Retiralo en nuestro local de Caseros 924, Villa Santa Rosa, o pedilo con envío a todo el país.</p>;391
7119;Cable VGA 1,5m;Cables y Adaptadores > Cables HDMI y video;Cable VGA 1,5 m;cable vga 1.5m;cable vga para monitor, cable vga 1,5 metros, cable vga córdoba;Cable VGA 1,5 m | Lucas Innovaciones;Cable VGA de 1,5 metros para conectar tu PC a un monitor o proyector. Retiralo en Villa Santa Rosa o pedilo con envío a todo el país.;<p>Cable VGA de 1,5 metros para conectar una PC o notebook a un monitor o proyector con entrada VGA. Una buena opción para armar tu equipo de entretenimiento o de trabajo en casa, la oficina o el negocio.</p><ul><li>Conector VGA</li><li>Largo de 1,5 metros</li><li>Para monitores y proyectores con entrada VGA</li></ul><p>Retiralo en nuestro local de Caseros 924, Villa Santa Rosa, o pedilo con envío a todo el país.</p>;0
7120;Cable VGA 5m Netmak;Cables y Adaptadores > Cables HDMI y video;Cable VGA Netmak 5 m;cable vga 5 metros;cable vga netmak, cable vga para proyector, cable vga 5m;Cable VGA Netmak 5 m | Lucas Innovaciones;Cable VGA Netmak de 5 metros para conectar tu PC a un monitor o proyector. Retiralo en Villa Santa Rosa o pedilo con envío a todo el país.;<p>Cable VGA de Netmak de 5 metros para conectar una PC o notebook a un monitor o proyector con entrada VGA. Una buena opción para armar tu equipo de entretenimiento o de trabajo en casa, la oficina o el negocio.</p><ul><li>Marca Netmak</li><li>Conector VGA</li><li>Largo de 5 metros</li></ul><p>Retiralo en nuestro local de Caseros 924, Villa Santa Rosa, o pedilo con envío a todo el país.</p>;0
6874;Caja Externa para HDD Carry Disk NOGANET 2.0;Cables y Adaptadores > Adaptadores y conversores;Caja Externa para HDD Noganet Carry Disk 2.0;caja externa para disco duro;carry disk noganet, caja para hdd externo, case disco duro usb, caja externa hdd 2.5;Caja Externa para HDD Noganet Carry Disk 2.0;Caja externa Noganet Carry Disk 2.0 para usar un disco duro como unidad portátil. Retiralo en Villa Santa Rosa o pedilo con envío a todo el país.;<p>Caja externa Noganet Carry Disk 2.0 para convertir un disco duro en una unidad portátil. Sirve para llevar tus archivos y respaldos a todos lados.</p><ul><li>Marca Noganet, modelo Carry Disk 2.0</li><li>Para discos duros HDD</li><li>Diseño compacto</li><li>Ideal para respaldos y transporte</li></ul><p>Retiralo en nuestro local de Caseros 924, Villa Santa Rosa, o pedilo con envío a todo el país.</p>;391
7685;Conversor convertidor adaptador HDMI a RCA;Cables y Adaptadores > Adaptadores y conversores;Conversor HDMI a RCA;conversor hdmi a rca;adaptador hdmi a rca, convertidor hdmi a av, conversor hdmi a 3 rca, adaptador hdmi rca precio;Conversor HDMI a RCA | Lucas Innovaciones;Conversor de HDMI a RCA para conectar equipos modernos a televisores con entrada RCA. Retiralo en Villa Santa Rosa o pedilo con envío a todo el país.;<p>Conversor de HDMI a RCA para conectar equipos con salida HDMI a televisores o pantallas con entradas RCA.</p><ul><li>Convierte HDMI a RCA</li><li>Para TV con entrada RCA</li><li>Tamaño compacto</li><li>Útil con equipos antiguos</li></ul><p>Retiralo en nuestro local de Caseros 924, Villa Santa Rosa, o pedilo con envío a todo el país.</p>;0
6810;Convertidor conversor VGA a HDMI;Cables y Adaptadores > Adaptadores y conversores;Conversor VGA a HDMI;conversor vga a hdmi;adaptador vga a hdmi, convertidor vga hdmi, adaptador vga hdmi precio, conversor de vga a hdmi;Conversor VGA a HDMI | Lucas Innovaciones;Conversor de VGA a HDMI para conectar equipos con salida VGA a monitores y TV con HDMI. Retiralo en Villa Santa Rosa o pedilo con envío a todo el país.;<p>Conversor de VGA a HDMI para llevar la señal de una PC con salida VGA a monitores o TV con entrada HDMI.</p><ul><li>Convierte VGA a HDMI</li><li>Para entradas HDMI estándar</li><li>Instalación plug and play</li><li>Útil para equipos viejos</li></ul><p>Retiralo en nuestro local de Caseros 924, Villa Santa Rosa, o pedilo con envío a todo el país.</p>;491
6807;Ficha Plug 6,5 estereo metal plateada premium vapex;Cables y Adaptadores > Cables de audio;Ficha Plug 6,5 mm Estéreo Metálica Vapex;ficha plug 6.5 estereo;ficha plug metalica, conector plug 6.5 vapex, ficha 6,5 mm estereo, ficha para cable de audio;Ficha Plug 6,5 mm Estéreo Metálica Vapex;Ficha plug estéreo de 6,5 mm metálica plateada Vapex para armar o reparar cables de audio. Retiralo en Villa Santa Rosa o pedilo con envío a todo el país.;<p>Ficha plug estéreo de 6,5 mm con cuerpo metálico plateado Vapex, para armar o reparar cables de audio.</p><ul><li>Marca Vapex</li><li>Plug estéreo de 6,5 mm</li><li>Cuerpo metálico plateado</li><li>Para armar o reparar cables</li></ul><p>Retiralo en nuestro local de Caseros 924, Villa Santa Rosa, o pedilo con envío a todo el país.</p>;405
6930;Ficha Speakon macho CAPEX;Cables y Adaptadores > Adaptadores y conversores;Ficha Speakon Macho Capex;ficha speakon macho;conector speakon, ficha speakon capex, speakon macho precio, ficha para cable de parlante;Ficha Speakon Macho Capex | Lucas Innovaciones;Ficha Speakon macho Capex para armar o reparar cables de parlantes y equipos de sonido. Retiralo en Villa Santa Rosa o pedilo con envío a todo el país.;<p>Ficha Speakon macho Capex para armar o reparar cables de parlantes y equipos de sonido.</p><ul><li>Marca Capex</li><li>Conector Speakon macho</li><li>Para armar o reparar cables</li><li>Uso en sonido y eventos</li></ul><p>Retiralo en nuestro local de Caseros 924, Villa Santa Rosa, o pedilo con envío a todo el país.</p>;443
6690;HUB GTC adaptador 5 en 1 HUG 017 tipo c;Cables y Adaptadores > Adaptadores y conversores;Hub GTC 5 en 1 USB-C HUG 017;hub usb c 5 en 1;adaptador usb c multipuerto, hub gtc hug 017, hub tipo c, hub usb c precio;Hub GTC 5 en 1 USB-C HUG 017 | Lucas Innovaciones;Hub GTC HUG 017 de 5 en 1 con conexión USB-C para sumar puertos a tu notebook o tablet. Retiralo en Villa Santa Rosa o pedilo con envío a todo el país.;<p>Hub GTC HUG 017 de 5 en 1 con conexión USB-C, para sumar puertos a tu notebook, tablet o celular.</p><ul><li>Marca GTC, modelo HUG 017</li><li>5 puertos en un solo adaptador</li><li>Conexión USB-C</li><li>Para equipos con puerto USB-C</li></ul><p>Retiralo en nuestro local de Caseros 924, Villa Santa Rosa, o pedilo con envío a todo el país.</p>;363
7347;Kit de cables 1500w 8Gauge Maverick;Cables y Adaptadores > Cables de audio;Kit de Cables 1500 W 8 Gauge Maverick;kit de cables para audio;kit de cables maverick, kit de cables 1500w, kit de cables 8 gauge, kit de instalacion de audio;Kit de Cables 1500 W 8 Gauge Maverick | Lucas Innovaciones;Kit de cables Maverick de 1500 W y 8 Gauge para instalaciones de audio. Retiralo en Villa Santa Rosa o pedilo con envío a todo el país.;<p>Kit de cables Maverick de 1500 W y 8 Gauge para instalaciones de audio.</p><ul><li>Marca Maverick</li><li>Potencia de 1500 W</li><li>Calibre 8 Gauge</li><li>Consultanos por el contenido del kit</li></ul><p>Retiralo en nuestro local de Caseros 924, Villa Santa Rosa, o pedilo con envío a todo el país.</p>;0
6754;Parlante KOLKE party Cube;Cables y Adaptadores > Adaptadores y conversores;Parlante Kolke Party Cube;parlante kolke party cube;kolke party cube, parlante party, parlante kolke grande, parlante para fiestas;Parlante Kolke Party Cube | Lucas Innovaciones;Parlante Kolke Party Cube pensado para fiestas y reuniones, con música para toda la juntada. Consultanos por el detalle del equipo.;<p>El Kolke Party Cube es un parlante pensado para fiestas y reuniones.</p><ul><li>Marca Kolke, modelo Party Cube</li><li>Pensado para fiestas y reuniones</li><li>Consultanos por el detalle del equipo</li><li>Fácil de usar</li></ul><p>Retiralo en nuestro local de Caseros 924, Villa Santa Rosa, o pedilo con envío a todo el país.</p>;400
8457;Sintonizador FM Netmak NMCAR38;Cables y Adaptadores > Cables de audio;Sintonizador FM Netmak NMCAR38;sintonizador fm netmak;netmak nmcar38, sintonizador fm, transmisor fm netmak, netmak nmcar38 precio;Sintonizador FM Netmak NMCAR38 | Lucas Innovaciones;Sintonizador FM Netmak NMCAR38. Consultanos por funciones y compatibilidad. Retiralo en Villa Santa Rosa o pedilo con envío a todo el país.;<p>Sintonizador FM Netmak NMCAR38. Consultanos por sus funciones y compatibilidad antes de elegirlo.</p><ul><li>Marca Netmak, modelo NMCAR38</li><li>Sintonizador FM</li><li>Consultanos por funciones y compatibilidad</li><li>Fácil de usar</li></ul><p>Retiralo en nuestro local de Caseros 924, Villa Santa Rosa, o pedilo con envío a todo el país.</p>;0
6889;Cargador Apple Battery pack 10.000;Cargadores y Baterías > Cargadores de pared;Batería Portátil Apple 10.000 mAh;power bank apple 10000 mah;battery pack apple, batería portátil iphone, cargador portátil magsafe;Batería Portátil Apple 10.000 mAh | Lucas Innovaciones;Battery pack de Apple de 10.000 mAh para cargar tu iPhone cuando estás afuera. Retiralo en Villa Santa Rosa o pedilo con envío a todo el país.;<p>Battery pack de Apple de 10.000 mAh para cargar tu iPhone cuando estás afuera y sacarte del apuro. Una opción práctica para tener en casa, en la oficina o para llevar en la mochila cuando salís.</p><ul><li>Marca Apple</li><li>Capacidad de 10.000 mAh</li><li>Carga con MagSafe</li></ul><p>Retiralo en nuestro local de Caseros 924, Villa Santa Rosa, o pedilo con envío a todo el país.</p>;400
7806;Cargador Aló Pocket 15w USB A a tipo c;Cargadores y Baterías > Cargadores de pared;Cargador Aló Pocket 15 W USB-A a USB-C;cargador aló pocket 15w;cargador 15w usb c, cargador de pared aló, cargador con cable tipo c;Cargador Aló Pocket 15 W USB-A a USB-C | Lucas Innovaciones;Cargador de pared Aló Pocket de 15 W con cable USB-A a USB-C. Retiralo en Villa Santa Rosa o pedilo con envío a todo el país.;<p>Cargador de pared Aló Pocket de 15 W, compacto y práctico para llevar encima. Con cable de USB-A a USB-C. Una opción práctica para tener en casa, en la oficina o para llevar en la mochila cuando salís.</p><ul><li>Marca Aló, modelo Pocket</li><li>Potencia de 15 W</li><li>Cable USB-A a USB-C</li></ul><p>Retiralo en nuestro local de Caseros 924, Villa Santa Rosa, o pedilo con envío a todo el país.</p>;380
6699;Cargador ALO Pocket 15W tipo C (S/Cable);Cargadores y Baterías > Cargadores de pared;Cargador Aló Pocket 15 W USB-C sin Cable;cargador 15w tipo c;cargador aló pocket, cargador usb c 15w, cargador de pared compacto;Cargador Aló Pocket 15 W USB-C sin Cable;Cargador de pared Aló Pocket de 15 W con salida USB-C, sin cable. Retiralo en Villa Santa Rosa o pedilo con envío a todo el país.;<p>Cargador de pared Aló Pocket de 15 W, compacto y práctico para llevar al viaje, la facultad o el bolsillo. Se vende sin cable. Una opción práctica para tener en casa, en la oficina o para llevar en la mochila cuando salís.</p><ul><li>Marca Aló, modelo Pocket</li><li>Potencia de 15 W</li><li>Salida USB-C</li><li>No incluye cable</li></ul><p>Retiralo en nuestro local de Caseros 924, Villa Santa Rosa, o pedilo con envío a todo el país.</p>;362
6457;Cargador de auto 12V Generico;Cargadores y Baterías > Cargadores de auto;Cargador de Auto 12 V Genérico;cargador de auto 12v;cargador para auto usb, cargador vehicular celular, cargador de auto córdoba;Cargador de Auto 12 V Genérico | Lucas Innovaciones;Cargador de auto de 12 V para cargar tu celular o tablet mientras manejás. Retiralo en Villa Santa Rosa o pedilo con envío a todo el país.;<p>Cargador vehicular de 12 V para cargar tu celular, tablet o cualquier dispositivo USB mientras viajás. Una buena opción para tener siempre a mano en el auto y llegar con el celular cargado a cualquier destino.</p><ul><li>Se conecta al encendedor del auto, 12 V</li><li>Para celulares, tablets y dispositivos USB</li><li>Práctico para viajes y trayectos largos</li></ul><p>Retiralo en nuestro local de Caseros 924, Villa Santa Rosa, o pedilo con envío a todo el país.</p>;433
7437;Cargador de auto 12V Genérico micro usb;Cargadores y Baterías > Cargadores de auto;Cargador de Auto 12 V Micro USB Ringo;cargador de auto micro usb;cargador auto ringo, cargador vehicular micro usb, cargador de auto quick charge;Cargador de Auto 12 V Micro USB Ringo | Lucas Innovaciones;Cargador de auto Ringo 12 V con Micro USB y Quick Charge para tu celular. Retiralo en Villa Santa Rosa o pedilo con envío a todo el país.;<p>Cargador de auto de 12 V, Ringo, con cable Micro USB. La tecnología Quick Charge acelera la carga mientras estás en el auto. Una buena opción para tener siempre a mano en el auto y llegar con el celular cargado a cualquier destino.</p><ul><li>Marca Ringo</li><li>Entrada de 12 V</li><li>Conector Micro USB</li><li>Tecnología Quick Charge</li></ul><p>Retiralo en nuestro local de Caseros 924, Villa Santa Rosa, o pedilo con envío a todo el país.</p>;433
6458;Cargador vehiculo c/cable 3 salidas;Cargadores y Baterías > Cargadores de auto;Cargador de Auto con Cable y 3 Salidas;cargador de auto 3 salidas;cargador vehicular 3 usb, cargador de auto con cable, cargador auto multiple;Cargador de Auto con Cable y 3 Salidas | Lucas Innovaciones;Cargador de auto con cable y 3 salidas para cargar hasta 3 equipos a la vez. Retiralo en Villa Santa Rosa o pedilo con envío a todo el país.;<p>Cargador vehicular que se conecta al encendedor y permite cargar hasta 3 equipos al mismo tiempo mientras viajás. Una buena opción para tener siempre a mano en el auto y llegar con el celular cargado a cualquier destino.</p><ul><li>3 salidas para cargar a la vez</li><li>Incluye cable</li><li>Se conecta al encendedor del auto</li></ul><p>Retiralo en nuestro local de Caseros 924, Villa Santa Rosa, o pedilo con envío a todo el país.</p>;448
7992;Cargador de auto 12v Ringo 30w;Cargadores y Baterías > Cargadores de auto;Cargador de Auto Ringo 12 V 30 W;cargador de auto 30w;cargador auto ringo, cargador vehicular 30w, cargador de auto rápido;Cargador de Auto Ringo 12 V 30 W | Lucas Innovaciones;Cargador de auto Ringo de 30 W para cargar tus dispositivos mientras manejás. Retiralo en Villa Santa Rosa o pedilo con envío a todo el país.;<p>Cargador vehicular Ringo de 30 W para cargar tus dispositivos en el auto. Una buena opción para tener siempre a mano en el auto y llegar con el celular cargado a cualquier destino.</p><ul><li>Marca Ringo</li><li>Entrada de 12 V</li><li>Potencia de 30 W</li></ul><p>Retiralo en nuestro local de Caseros 924, Villa Santa Rosa, o pedilo con envío a todo el país.</p>;0
7441;Cargador de auto Voltjet 12v 38w;Cargadores y Baterías > Cargadores de auto;Cargador de Auto Voltjet 12 V 38 W;cargador de auto 38w;cargador auto voltjet, cargador vehicular quick charge, cargador de auto rápido;Cargador de Auto Voltjet 12 V 38 W | Lucas Innovaciones;Cargador de auto Voltjet 12 V de 38 W con Quick Charge para tu celular. Retiralo en Villa Santa Rosa o pedilo con envío a todo el país.;<p>Cargador de auto Voltjet de 38 W. La tecnología Quick Charge acelera la carga de tu celular mientras estás en el auto. Una buena opción para tener siempre a mano en el auto y llegar con el celular cargado a cualquier destino.</p><ul><li>Marca Voltjet</li><li>Entrada de 12 V</li><li>Potencia de 38 W</li><li>Tecnología Quick Charge</li></ul><p>Retiralo en nuestro local de Caseros 924, Villa Santa Rosa, o pedilo con envío a todo el país.</p>;435
7680;Cargador de pilas grandes 3,7v;Cargadores y Baterías > Cargadores de pared;Cargador de Pilas Grandes 3,7 V;cargador de pilas 3.7v;cargador de baterías 3,7v, cargador pilas recargables, cargador de pilas córdoba;Cargador de Pilas Grandes 3,7 V | Lucas Innovaciones;Cargador de pilas grandes de 3,7 V para recargar tus baterías. Retiralo en Villa Santa Rosa o pedilo con envío a todo el país.;<p>Cargador para pilas grandes de 3,7 V, pensado para recargar tus baterías y reutilizarlas. Una opción práctica para tener en casa, en la oficina o para llevar en la mochila cuando salís.</p><ul><li>Para pilas de 3,7 V</li><li>Recarga baterías recargables</li><li>Útil para equipos que usen este tipo de pilas</li></ul><p>Consultá qué pilas admite en nuestro local de Villa Santa Rosa o pedilo con envío a todo el país.</p>;0
6618;Cargador Dinax micro usb 3.0;Cargadores y Baterías > Cargadores de pared;Cargador Dinax Micro USB 3.0;cargador micro usb dinax;cargador dinax, cargador v8 celular, cargador micro usb córdoba;Cargador Dinax Micro USB 3.0 | Lucas Innovaciones;Cargador Dinax con Micro USB 3.0 para celulares, tablets y otros equipos. Retiralo en Villa Santa Rosa o pedilo con envío a todo el país.;<p>Cargador Dinax con conector Micro USB, para cargar celulares, tablets y otros dispositivos que usen esa entrada. Una opción práctica para tener en casa, en la oficina o para llevar en la mochila cuando salís.</p><ul><li>Marca Dinax</li><li>Conector Micro USB 3.0</li><li>Para celulares y tablets con Micro USB</li></ul><p>Retiralo en nuestro local de Caseros 924, Villa Santa Rosa, o pedilo con envío a todo el país.</p>;371
6920;Cargador fox box MEGA 30w C/ cable Lightning;Cargadores y Baterías > Cargadores de pared;Cargador FoxBox Mega 30 W con Cable Lightning;cargador iphone 30w;cargador foxbox mega, cargador con cable lightning, cargador 30w iphone;Cargador FoxBox Mega 30 W con Cable Lightning;Cargador FoxBox Mega de 30 W con cable Lightning para cargar tu iPhone más rápido. Retiralo en Villa Santa Rosa o pedilo con envío a todo el país.;<p>Cargador FoxBox Mega de 30 W con cable Lightning incluido, ideal para cargar smartphones y tablets compatibles. Una opción práctica para tener en casa, en la oficina o para llevar en la mochila cuando salís.</p><ul><li>Marca FoxBox, modelo Mega</li><li>Potencia de 30 W</li><li>Incluye cable Lightning</li></ul><p>Retiralo en nuestro local de Caseros 924, Villa Santa Rosa, o pedilo con envío a todo el país.</p>;363
6958;Cargador Fox Box MEGA 30w C/ cable Tipo C magnetico;Cargadores y Baterías > Cargadores de pared;Cargador FoxBox Mega 30 W con Cable USB-C Magnético;cargador 30w cable magnetico;cargador foxbox mega tipo c, cargador usb c 30w, cargador con cable magnético;Cargador FoxBox Mega 30 W con Cable USB-C Magnético;Cargador FoxBox Mega de 30 W con cable USB-C magnético para cargar tu celular. Retiralo en Villa Santa Rosa o pedilo con envío a todo el país.;<p>Cargador FoxBox Mega de 30 W con cable magnético tipo C que se conecta sin complicaciones. Una opción práctica para tener en casa, en la oficina o para llevar en la mochila cuando salís.</p><ul><li>Marca FoxBox, modelo Mega</li><li>Potencia de 30 W</li><li>Cable USB-C magnético incluido</li></ul><p>Retiralo en nuestro local de Caseros 924, Villa Santa Rosa, o pedilo con envío a todo el país.</p>;393
7323;Cargador IBEK Micro usb v8 3.8a;Cargadores y Baterías > Cargadores de pared;Cargador IBEK Micro USB V8 3.8 A;cargador micro usb 3.8a;cargador ibek v8, cargador micro usb ibek, cargador celular v8;Cargador IBEK Micro USB V8 3.8 A | Lucas Innovaciones;Cargador IBEK con Micro USB V8 de 3.8 A para cargar tu celular. Retiralo en Villa Santa Rosa o pedilo con envío a todo el país.;<p>Cargador IBEK de 3.8 A con conector Micro USB V8 para cargar celulares y otros equipos compatibles. Una opción práctica para tener en casa, en la oficina o para llevar en la mochila cuando salís.</p><ul><li>Marca IBEK</li><li>Conector Micro USB V8</li><li>Corriente de 3.8 A</li></ul><p>Retiralo en nuestro local de Caseros 924, Villa Santa Rosa, o pedilo con envío a todo el país.</p>;0
7230;Cargador IBEK tipo C 4.8A;Cargadores y Baterías > Cargadores de pared;Cargador IBEK USB-C 4.8 A;cargador tipo c 4.8a;cargador ibek tipo c, cargador usb c 4.8 amperes, cargador celular usb c;Cargador IBEK USB-C 4.8 A | Lucas Innovaciones;Cargador IBEK con USB-C de 4.8 A para cargar tu celular o tablet. Retiralo en Villa Santa Rosa o pedilo con envío a todo el país.;<p>Cargador IBEK de 4.8 A con conector USB tipo C para cargar celulares y tablets compatibles. Una opción práctica para tener en casa, en la oficina o para llevar en la mochila cuando salís.</p><ul><li>Marca IBEK</li><li>Conector USB tipo C</li><li>Corriente de 4.8 A</li></ul><p>Retiralo en nuestro local de Caseros 924, Villa Santa Rosa, o pedilo con envío a todo el país.</p>;0
6858;Cargador IBEK tipo C a tipo C 5.8A;Cargadores y Baterías > Cargadores de pared;Cargador IBEK USB-C a USB-C 5.8 A;cargador tipo c a tipo c 5.8a;cargador ibek 5.8a, cargador usb c ibek, cargador celular carga rápida;Cargador IBEK USB-C a USB-C 5.8 A | Lucas Innovaciones;Cargador IBEK USB-C a USB-C de 5.8 A para una carga rápida y estable. Retiralo en Villa Santa Rosa o pedilo con envío a todo el país.;<p>Cargador IBEK de tipo C a tipo C, de 5.8 A, para una carga rápida y estable en dispositivos compatibles. Una opción práctica para tener en casa, en la oficina o para llevar en la mochila cuando salís.</p><ul><li>Marca IBEK</li><li>Conexión USB-C a USB-C</li><li>Corriente de 5.8 A</li></ul><p>Retiralo en nuestro local de Caseros 924, Villa Santa Rosa, o pedilo con envío a todo el país.</p>;437
6863;Cargador inalámbrico Magsafe AAA;Cargadores y Baterías > Power banks;Cargador Inalámbrico MagSafe;cargador magsafe;cargador inalámbrico iphone, cargador magsafe iphone, cargador inalámbrico magnético, cargador magsafe córdoba;Cargador Inalámbrico MagSafe | Lucas Innovaciones;Cargador inalámbrico MagSafe para cargar tu iPhone sin cables y con acople magnético. Retiralo en Villa Santa Rosa o pedilo con envío a todo el país.;<p>Cargador inalámbrico estilo MagSafe para iPhone. Se acopla de forma magnética al teléfono y lo carga sin necesidad de enchufar un cable al equipo.</p><ul><li>Carga inalámbrica</li><li>Acople magnético estilo MagSafe</li><li>Pensado para iPhone</li><li>Ideal para la mesa de luz o el escritorio</li></ul><p>Llevalo hoy: retiralo en nuestro local de Caseros 924, Villa Santa Rosa, o pedilo con envío a todo el país.</p>;389
6533;Fuente Iphone 20W Tipo C Economica;Cargadores y Baterías > Cargadores de pared;Cargador iPhone 20 W USB-C Económico;cargador iphone 20w;fuente iphone 20w, cargador usb c iphone, cargador iphone económico;Cargador iPhone 20 W USB-C Económico | Lucas Innovaciones;Cargador económico de 20 W con salida USB-C para cargar tu iPhone rápido. Retiralo en Villa Santa Rosa o pedilo con envío a todo el país.;<p>Cargador compacto de 20 W con salida USB-C, pensado para cargar tu iPhone con rapidez en su versión económica. Una opción práctica para tener en casa, en la oficina o para llevar en la mochila cuando salís.</p><ul><li>Potencia de 20 W</li><li>Salida USB-C</li><li>Para iPhone compatibles con carga rápida</li></ul><p>Retiralo en nuestro local de Caseros 924, Villa Santa Rosa, o pedilo con envío a todo el país.</p>;477
8363;Fuente iphone 20w tipo C original Cruzada;Cargadores y Baterías > Cargadores de pared;Cargador iPhone 20 W USB-C Original Cruzada;cargador iphone 20w original;fuente iphone 20w tipo c, cargador apple 20w, cargador iphone usb c;Cargador iPhone 20 W USB-C Original Cruzada;Cargador de 20 W con salida USB-C para cargar tu iPhone, versión Original Cruzada. Retiralo en Villa Santa Rosa o pedilo con envío a todo el país.;<p>Cargador de 20 W con salida USB-C para iPhone, en versión Original Cruzada. Una opción práctica para tener en casa, en la oficina o para llevar en la mochila cuando salís.</p><ul><li>Potencia de 20 W</li><li>Salida USB-C</li><li>Para iPhone compatibles con carga rápida</li></ul><p>Retiralo en nuestro local de Caseros 924, Villa Santa Rosa, o pedilo con envío a todo el país.</p>;41
6960;Cargador Turbo power MOTOROLA 125w;Cargadores y Baterías > Cargadores de pared;Cargador Motorola Turbo Power 125 W;cargador motorola 125w;cargador turbo power motorola, cargador motorola turbo, cargador 125w celular;Cargador Motorola Turbo Power 125 W | Lucas Innovaciones;Cargador Motorola Turbo Power de 125 W para cargar tu teléfono en poco tiempo. Retiralo en Villa Santa Rosa o pedilo con envío a todo el país.;<p>Cargador Motorola Turbo Power de 125 W, pensado para cargar tu teléfono en el menor tiempo posible. Una opción práctica para tener en casa, en la oficina o para llevar en la mochila cuando salís.</p><ul><li>Marca Motorola, línea Turbo Power</li><li>Potencia de 125 W</li><li>Para teléfonos compatibles con carga rápida</li></ul><p>Retiralo en nuestro local de Caseros 924, Villa Santa Rosa, o pedilo con envío a todo el país.</p>;392
6843;Cargador NETMAK NMCP28 QC 20w;Cargadores y Baterías > Cargadores de pared;Cargador Netmak NMCP28 Quick Charge 20 W;cargador netmak nmcp28;cargador quick charge 20w, cargador netmak 20w, cargador rápido celular;Cargador Netmak NMCP28 Quick Charge 20 W;Cargador Netmak NMCP28 de 20 W con Quick Charge para cargar tu celular más rápido. Retiralo en Villa Santa Rosa o pedilo con envío a todo el país.;<p>Cargador Netmak NMCP28 con tecnología Quick Charge de 20 W, para cargar tu celular más rápido que con un cargador común. Una opción práctica para tener en casa, en la oficina o para llevar en la mochila cuando salís.</p><ul><li>Marca Netmak, modelo NMCP28</li><li>Potencia de 20 W</li><li>Tecnología Quick Charge</li></ul><p>Retiralo en nuestro local de Caseros 924, Villa Santa Rosa, o pedilo con envío a todo el país.</p>;409
6950;Cargador NETMAK NMCP5 25w tipo C sin cable;Cargadores y Baterías > Cargadores de pared;Cargador Netmak NMCP5 25 W USB-C sin Cable;cargador netmak 25w tipo c;cargador netmak nmcp5, cargador usb c 25w, cargador samsung 25w;Cargador Netmak NMCP5 25 W USB-C sin Cable;Cargador Netmak NMCP5 de 25 W con salida USB-C, sin cable. Retiralo en Villa Santa Rosa o pedilo con envío a todo el país.;<p>Cargador Netmak NMCP5 de 25 W, compacto, que entra en cualquier bolsillo. Funciona con dispositivos que usen USB-C. Una opción práctica para tener en casa, en la oficina o para llevar en la mochila cuando salís.</p><ul><li>Marca Netmak, modelo NMCP5</li><li>Potencia de 25 W</li><li>Salida USB-C</li><li>No incluye cable</li></ul><p>Retiralo en nuestro local de Caseros 924, Villa Santa Rosa, o pedilo con envío a todo el país.</p>;381
6599;Cargador Notebook DELL TC 65w;Cargadores y Baterías > Cargadores para notebooks;Cargador para Notebook Dell TC 65 W;cargador notebook dell 65w;cargador dell 65w, fuente notebook dell, cargador dell tipo c, cargador notebook dell córdoba;Cargador para Notebook Dell TC 65 W | Lucas Innovaciones;Cargador de 65 W para notebook Dell, para mantener tu equipo siempre listo. Retiralo en Villa Santa Rosa o pedilo con envío a todo el país.;<p>Cargador de 65 W para notebook Dell. Es la opción para reemplazar el que se rompió o tener uno extra en la oficina, así no cargás el tuyo de un lado a otro.</p><ul><li>Potencia de 65 W</li><li>Para notebooks Dell</li><li>Modelo TC 65 W</li><li>Ideal como cargador de repuesto</li></ul><p>Llevalo hoy: retiralo en nuestro local de Caseros 924, Villa Santa Rosa, o pedilo con envío a todo el país.</p>;442
6600;Cargador Notebook LENOVO TC 65w;Cargadores y Baterías > Cargadores para notebooks;Cargador para Notebook Lenovo USB-C 65 W;cargador notebook lenovo 65w;cargador lenovo usb c, fuente notebook lenovo, cargador lenovo thinkpad, cargador notebook lenovo córdoba;Cargador para Notebook Lenovo USB-C 65 W;Cargador USB-C de 65 W para notebook Lenovo, para trabajar sin quedarte sin batería. Retiralo en Villa Santa Rosa o pedilo con envío a todo el país.;<p>Cargador de 65 W con conector USB-C para notebooks Lenovo. Es una buena opción para reemplazar el cargador original o tener uno extra donde más lo usás.</p><ul><li>Potencia de 65 W</li><li>Conector USB-C (Type-C)</li><li>Para notebooks Lenovo</li><li>Modelo TC 65 W</li></ul><p>Llevalo hoy: retiralo en nuestro local de Caseros 924, Villa Santa Rosa, o pedilo con envío a todo el país.</p>;533
7319;Cargador portatil Lambo tech PL82 20.000mah;Cargadores y Baterías > Power banks;Cargador Portátil Lambo Tech PL82 20.000 mAh;power bank 20000 mah;cargador portátil 20000mah, batería externa celular, power bank lambo tech, power bank córdoba;Cargador Portátil Lambo Tech PL82 20.000 mAh;Cargador portátil Lambo Tech PL82 de 20.000 mAh para cargar tu celular fuera de casa. Retiralo en Villa Santa Rosa o pedilo con envío a todo el país.;<p>Cargador portátil Lambo Tech PL82 de 20.000 mAh. Es una batería externa para cargar el celular y otros dispositivos cuando no tenés un enchufe cerca.</p><ul><li>Capacidad de 20.000 mAh</li><li>Modelo PL82</li><li>Marca Lambo Tech</li><li>Ideal para viajes y salidas largas</li></ul><p>Llevalo hoy: retiralo en nuestro local de Caseros 924, Villa Santa Rosa, o pedilo con envío a todo el país.</p>;0
6527;Cargador universal de baterias celular;Cargadores y Baterías > Pilas y baterías;Cargador Universal de Baterías de Celular;cargador universal baterias celular;cargador de baterías de celular, cargador de batería universal, cargador externo batería celular, cargador universal celular córdoba;Cargador Universal de Baterías de Celular;Cargador universal para baterías de celular, para cargarlas fuera del equipo. Retiralo en Villa Santa Rosa o pedilo con envío a todo el país.;<p>Cargador universal para baterías de celular que permite cargarlas fuera del equipo. Es útil para tener una batería de repuesto cargada o cuando el celular no puede conectarse.</p><ul><li>Carga baterías fuera del celular</li><li>Pensado para varios tipos de baterías</li><li>Formato compacto</li><li>Ideal para tener una batería de repuesto</li></ul><p>Llevalo hoy: retiralo en nuestro local de Caseros 924, Villa Santa Rosa, o pedilo con envío a todo el país.</p>;411
6860;Cargador universal notebook IBEK;Cargadores y Baterías > Cargadores para notebooks;Cargador Universal para Notebook Ibek;cargador universal notebook;cargador universal para notebook, fuente universal notebook ibek, cargador notebook varias marcas, cargador universal notebook córdoba;Cargador Universal para Notebook Ibek | Lucas Innovaciones;Cargador universal Ibek para notebook, pensado para varias marcas y modelos. Retiralo en Villa Santa Rosa o pedilo con envío a todo el país.;<p>Cargador universal Ibek para notebooks, pensado para adaptarse a distintas marcas y modelos. Es útil cuando se perdió el cargador original o necesitás uno de repuesto.</p><ul><li>Cargador universal para notebook</li><li>Pensado para varias marcas</li><li>Marca Ibek</li><li>Ideal como repuesto</li></ul><p>Llevalo hoy: retiralo en nuestro local de Caseros 924, Villa Santa Rosa, o pedilo con envío a todo el país.</p>;408
6776;Cargador universal notebook OM;Cargadores y Baterías > Cargadores para notebooks;Cargador Universal para Notebook OM;cargador universal notebook;cargador universal para notebook, fuente universal notebook, cargador notebook varias marcas, cargador universal notebook córdoba;Cargador Universal para Notebook OM | Lucas Innovaciones;Cargador universal OM para notebook, pensado para distintas marcas y modelos. Retiralo en Villa Santa Rosa o pedilo con envío a todo el país.;<p>Cargador universal OM para notebooks, pensado para distintas marcas y modelos. Resuelve el problema cuando el cargador original se rompió o se perdió.</p><ul><li>Cargador universal para notebook</li><li>Pensado para varias marcas</li><li>Marca OM</li><li>Ideal como repuesto</li></ul><p>Llevalo hoy: retiralo en nuestro local de Caseros 924, Villa Santa Rosa, o pedilo con envío a todo el país.</p>;494
6507;Cargador tipo-c DATACELL 45w;Cargadores y Baterías > Cargadores de pared;Cargador USB-C Datacell 45 W;cargador usb c 45w;cargador datacell 45w, cargador tipo c 45w, cargador para notebook usb c;Cargador USB-C Datacell 45 W | Lucas Innovaciones;Cargador Datacell USB-C de 45 W para celular, tablet o laptop. Retiralo en Villa Santa Rosa o pedilo con envío a todo el país.;<p>Cargador USB-C de 45 W de Datacell para cargar tu celular, tablet o laptop en un tamaño compacto. Una opción práctica para tener en casa, en la oficina o para llevar en la mochila cuando salís.</p><ul><li>Marca Datacell</li><li>Potencia de 45 W</li><li>Salida USB-C</li></ul><p>Retiralo en nuestro local de Caseros 924, Villa Santa Rosa, o pedilo con envío a todo el país.</p>;389
6509;Cargador tipo-c DINAX 2.1 A;Cargadores y Baterías > Cargadores de pared;Cargador USB-C Dinax 2.1 A;cargador tipo c dinax 2.1a;cargador dinax tipo c, cargador usb c 2.1 amperes, cargador celular usb c;Cargador USB-C Dinax 2.1 A | Lucas Innovaciones;Cargador Dinax USB-C de 2.1 A para cargar tus dispositivos de forma confiable. Retiralo en Villa Santa Rosa o pedilo con envío a todo el país.;<p>Cargador Dinax de 2.1 A con salida USB-C, para cargar tus dispositivos de forma confiable a una velocidad decente. Una opción práctica para tener en casa, en la oficina o para llevar en la mochila cuando salís.</p><ul><li>Marca Dinax</li><li>Corriente de 2.1 A</li><li>Salida USB-C</li></ul><p>Retiralo en nuestro local de Caseros 924, Villa Santa Rosa, o pedilo con envío a todo el país.</p>;405
6757;Fuente 12v 4A (Sirve DVR);Cargadores y Baterías > Cargadores de auto;Fuente 12 V 4 A para DVR;fuente 12v 4a;fuente para dvr, fuente de alimentación 12v, fuente 12 voltios 4 amperes;Fuente 12 V 4 A para DVR | Lucas Innovaciones;Fuente de alimentación de 12 V 4 A, apta para DVR y otros equipos de 12 V. Retiralo en Villa Santa Rosa o pedilo con envío a todo el país.;<p>Fuente de alimentación de 12 V y 4 A para tu DVR y otros equipos que funcionen con ese voltaje. Una buena opción para tener siempre a mano en el auto y llegar con el celular cargado a cualquier destino.</p><ul><li>Salida de 12 V y 4 A</li><li>Sirve para DVR</li><li>Para equipos que necesiten 12 V</li></ul><p>Retiralo en nuestro local de Caseros 924, Villa Santa Rosa, o pedilo con envío a todo el país.</p>;426
8378;Fuente iphone 20w tipo C original Recta;Cargadores y Baterías > Cargadores de pared;Fuente iPhone 20 W USB-C Original Recta;cargador iphone 20w;fuente iphone 20w tipo c, cargador iphone usb c, cargador apple 20w precio, cargador iphone córdoba;Fuente iPhone 20 W USB-C Original Recta | Lucas Innovaciones;Fuente de 20 W con salida USB-C para cargar tu iPhone de forma práctica. Retiralo en Villa Santa Rosa o pedilo con envío a todo el país.;<p>Fuente de pared de 20 W con salida USB-C, pensada para cargar tu iPhone todos los días. Es de formato recto y se conecta directo al tomacorriente, así que la dejás en casa, en la oficina o en la mesa de luz.</p><ul><li>Potencia de 20 W</li><li>Salida USB-C (tipo C)</li><li>Formato recto</li><li>Pensada para cargar iPhone</li></ul><p>Llevala hoy: retirala en nuestro local de Caseros 924, Villa Santa Rosa, o pedila con envío a todo el país.</p>;39
7122;Fuente Iphone 20W Tipo C Premium;Cargadores y Baterías > Cargadores de pared;Fuente iPhone 20 W USB-C Premium;fuente iphone 20w tipo c;cargador iphone 20w, cargador usb c 20w, fuente tipo c premium, cargador iphone córdoba;Fuente iPhone 20 W USB-C Premium | Lucas Innovaciones;Fuente de 20 W con salida USB-C para cargar tu iPhone y otros equipos USB-C. Retiralo en Villa Santa Rosa o pedilo con envío a todo el país.;<p>Fuente de pared de 20 W con salida USB-C para el iPhone. Es una opción práctica para tener un cargador extra en casa, en el trabajo o para llevar en la mochila, sin ocupar lugar.</p><ul><li>Potencia de 20 W</li><li>Salida USB-C (tipo C)</li><li>Pensada para iPhone</li><li>Tamaño compacto de pared</li></ul><p>Llevala hoy: retirala en nuestro local de Caseros 924, Villa Santa Rosa, o pedila con envío a todo el país.</p>;0
6852;Fuente multiple NOGANET noga105 500ma;Cargadores y Baterías > Cargadores de pared;Fuente Múltiple Noganet NOGA105 5 Puertos 500 mA;fuente multiple usb 5 puertos;cargador usb 5 puertos, fuente múltiple noganet, cargador múltiple usb, cargador 5 usb córdoba;Fuente Múltiple Noganet NOGA105 5 Puertos 500 mA;Fuente múltiple Noganet de 5 puertos USB para cargar varios dispositivos a la vez. Retiralo en Villa Santa Rosa o pedilo con envío a todo el país.;<p>La fuente múltiple Noganet NOGA105 te permite cargar varios dispositivos al mismo tiempo desde un solo tomacorriente. Sirve para el celular, la tablet y otros accesorios, y ocupa poco lugar en la habitación o la oficina.</p><ul><li>5 puertos de carga simultánea</li><li>Salida de 500 mA por puerto</li><li>Diseño compacto</li><li>Marca Noganet</li></ul><p>Llevala hoy: retirala en nuestro local de Caseros 924, Villa Santa Rosa, o pedila con envío a todo el país.</p>;443
6510;Fuente ORIGINAL MOTOROLA;Cargadores y Baterías > Cargadores de pared;Fuente para Celular Motorola;cargador motorola;fuente motorola, cargador celular motorola, cargador motorola precio, cargador motorola córdoba;Fuente para Celular Motorola | Lucas Innovaciones;Fuente Motorola para cargar tu celular Motorola en casa, en el trabajo o de viaje. Retiralo en Villa Santa Rosa o pedilo con envío a todo el país.;<p>Fuente de pared Motorola para cargar tu celular. Es compatible con la mayoría de los modelos de la marca y sirve como cargador principal o de repuesto.</p><ul><li>Marca Motorola</li><li>Compatible con la mayoría de los modelos Motorola</li><li>Ideal como cargador de repuesto</li><li>Uso en casa, oficina o viaje</li></ul><p>Llevala hoy: retirala en nuestro local de Caseros 924, Villa Santa Rosa, o pedila con envío a todo el país.</p>;312
6535;Fuente Samsung 25W Tipo C;Cargadores y Baterías > Cargadores de pared;Fuente Samsung 25 W USB-C;cargador samsung 25w;fuente samsung 25w tipo c, cargador samsung usb c, cargador samsung carga rápida, cargador samsung córdoba;Fuente Samsung 25 W USB-C | Lucas Innovaciones;Fuente Samsung de 25 W con salida USB-C para cargar tu celular o tablet. Retiralo en Villa Santa Rosa o pedilo con envío a todo el país.;<p>Fuente Samsung de 25 W con salida USB-C, pensada para cargar tu celular o tablet con una potencia adecuada para el uso diario. Es compacta y entra en cualquier mochila o bolsillo.</p><ul><li>Potencia de 25 W</li><li>Salida USB-C (tipo C)</li><li>Marca Samsung</li><li>Formato compacto</li></ul><p>Llevala hoy: retirala en nuestro local de Caseros 924, Villa Santa Rosa, o pedila con envío a todo el país.</p>;440
6534;Fuente Samsung 25W Tipo C AAA;Cargadores y Baterías > Pilas y baterías;Fuente Samsung 25 W USB-C Económica;cargador samsung 25w;fuente samsung 25w tipo c, cargador samsung usb c, cargador samsung económico, cargador samsung córdoba;Fuente Samsung 25 W USB-C Económica | Lucas Innovaciones;Fuente Samsung de 25 W con salida USB-C para cargar celulares y tablets. Retiralo en Villa Santa Rosa o pedilo con envío a todo el país.;<p>Fuente de 25 W con salida USB-C para cargar celulares y tablets Samsung. Es una opción más económica, ideal como cargador extra en casa o en el trabajo.</p><ul><li>Potencia de 25 W</li><li>Puerto USB-C (tipo C)</li><li>Marca Samsung</li><li>Formato compacto y portátil</li></ul><p>Llevala hoy: retirala en nuestro local de Caseros 924, Villa Santa Rosa, o pedila con envío a todo el país.</p>;364
6728;Fuente Samsung 25W Tipo C ORIGINAL;Cargadores y Baterías > Cargadores de pared;Fuente Samsung 25 W USB-C Original;cargador samsung 25w original;fuente samsung 25w tipo c, cargador samsung usb c, cargador samsung original, cargador samsung 25w córdoba;Fuente Samsung 25 W USB-C Original | Lucas Innovaciones;Fuente Samsung de 25 W con salida USB-C, ideal para celulares y tablets Samsung. Retiralo en Villa Santa Rosa o pedilo con envío a todo el país.;<p>Fuente Samsung de 25 W con salida USB-C para cargar tu celular o tablet. Es una opción confiable para el día a día, con un formato compacto que se lleva a cualquier lado.</p><ul><li>Potencia de 25 W</li><li>Puerto USB-C (tipo C)</li><li>Marca Samsung</li><li>Diseño compacto</li></ul><p>Llevala hoy: retirala en nuestro local de Caseros 924, Villa Santa Rosa, o pedila con envío a todo el país.</p>;360
6585;Fuente switching 5v 2a VAPEX;Cargadores y Baterías > Cargadores de pared;Fuente Switching 5 V 2 A Vapex;fuente switching 5v 2a;fuente 5v 2a, transformador 5v 2a, fuente switching vapex, fuente 5v 2 amper córdoba;Fuente Switching 5 V 2 A Vapex | Lucas Innovaciones;Fuente switching Vapex de 5 V y 2 A para alimentar o cargar equipos de bajo voltaje. Retiralo en Villa Santa Rosa o pedilo con envío a todo el país.;<p>Fuente switching Vapex con salida de 5 V y 2 A. Sirve para alimentar o cargar dispositivos que trabajan con ese voltaje, siempre que el conector sea compatible.</p><ul><li>Salida de 5 V y 2 A</li><li>Tecnología switching</li><li>Diseño compacto</li><li>Marca Vapex</li></ul><p>Llevala hoy: retirala en nuestro local de Caseros 924, Villa Santa Rosa, o pedila con envío a todo el país.</p>;458
6851;Fuente switching 5v 2a VAPEX + Cable 2.1mm;Cargadores y Baterías > Cargadores de pared;Fuente Switching 5 V 2 A Vapex con Cable 2.1 mm;fuente 5v 2a con cable;fuente switching 5v 2a, transformador 5v 2a plug 2.1, fuente vapex con cable, fuente 5v córdoba;Fuente Switching 5 V 2 A Vapex con Cable 2.1 mm;Fuente switching Vapex de 5 V y 2 A con cable de conector 2.1 mm incluido. Retiralo en Villa Santa Rosa o pedilo con envío a todo el país.;<p>Fuente switching Vapex de 5 V y 2 A que incluye un cable con conector de 2.1 mm. Viene lista para conectar a los equipos que usan ese tipo de plug y ese voltaje.</p><ul><li>Salida de 5 V y 2 A</li><li>Incluye cable con conector 2.1 mm</li><li>Tecnología switching</li><li>Marca Vapex</li></ul><p>Llevala hoy: retirala en nuestro local de Caseros 924, Villa Santa Rosa, o pedila con envío a todo el país.</p>;437
6508;Fuente turbo tipo-c;Cargadores y Baterías > Cargadores de pared;Fuente Turbo USB-C;fuente turbo tipo c;cargador turbo usb c, fuente carga rápida tipo c, cargador tipo c, fuente usb c córdoba;Fuente Turbo USB-C | Lucas Innovaciones;Fuente turbo con salida USB-C para cargar celulares, tablets y accesorios. Retiralo en Villa Santa Rosa o pedilo con envío a todo el país.;<p>Fuente de pared turbo con salida USB-C para cargar celulares, tablets y otros accesorios compatibles. Es una opción económica para tener un cargador de repuesto.</p><ul><li>Salida USB-C (tipo C)</li><li>Pensada para carga rápida</li><li>Compatible con dispositivos USB-C</li><li>Ideal como cargador de repuesto</li></ul><p>Llevala hoy: retirala en nuestro local de Caseros 924, Villa Santa Rosa, o pedila con envío a todo el país.</p>;478
6512;Fuente 5w USB;Cargadores y Baterías > Cargadores de pared;Fuente USB 5 W;fuente usb 5w;cargador usb 5w, cargador de celular simple, fuente usb córdoba;Fuente USB 5 W | Lucas Innovaciones;Fuente USB de 5 W para cargar tu celular en la oficina, la mochila o la mesa de luz. Retiralo en Villa Santa Rosa o pedilo con envío a todo el país.;<p>Cargador simple de 5 W con salida USB para cargar tu teléfono. Ideal para tener en la oficina, la mochila o la mesa de luz. Una opción práctica para tener en casa, en la oficina o para llevar en la mochila cuando salís.</p><ul><li>Potencia de 5 W</li><li>Salida USB</li><li>Formato simple y directo</li></ul><p>Retiralo en nuestro local de Caseros 924, Villa Santa Rosa, o pedilo con envío a todo el país.</p>;369
6763;Pila 18650 3.7v 7800mah;Cargadores y Baterías > Pilas y baterías;Pila 18650 Recargable 3.7 V 7800 mAh;pila 18650 recargable;batería 18650 3.7v, pila 18650 7800mah, pila recargable 18650, pila 18650 córdoba;Pila 18650 Recargable 3.7 V 7800 mAh | Lucas Innovaciones;Pila recargable 18650 de 3.7 V y 7800 mAh para linternas y equipos compatibles. Retiralo en Villa Santa Rosa o pedilo con envío a todo el país.;<p>Pila recargable 18650 de 3.7 V y 7800 mAh, para linternas y otros equipos que usan ese formato. Al ser recargable, no tenés que comprar pilas descartables todo el tiempo.</p><ul><li>Formato 18650</li><li>Voltaje de 3.7 V</li><li>Capacidad de 7800 mAh</li><li>Recargable y reutilizable</li></ul><p>Llevala hoy: retirala en nuestro local de Caseros 924, Villa Santa Rosa, o pedila con envío a todo el país.</p>;412
6582;Pila 18650 recargable 3.7v roja;Cargadores y Baterías > Pilas y baterías;Pila 18650 Recargable 3.7 V Roja;pila 18650 3.7v;batería 18650 recargable, pila recargable 18650, pila 18650 roja, pila 18650 córdoba;Pila 18650 Recargable 3.7 V Roja | Lucas Innovaciones;Pila recargable 18650 de 3.7 V para linternas y equipos que usan este formato. Retiralo en Villa Santa Rosa o pedilo con envío a todo el país.;<p>Pila recargable 18650 de 3.7 V, para linternas y otros equipos que usan este formato. Se puede cargar muchas veces, así que te ahorra comprar pilas descartables.</p><ul><li>Formato 18650</li><li>Voltaje de 3.7 V</li><li>Recargable y reutilizable</li><li>Compatible con cargadores 18650</li></ul><p>Llevala hoy: retirala en nuestro local de Caseros 924, Villa Santa Rosa, o pedila con envío a todo el país.</p>;443
6583;Bateria 9V Energizer;Cargadores y Baterías > Pilas y baterías;Pila Batería 9 V Energizer;pila 9v energizer;batería 9v, pila 9 volt energizer, pila cuadrada 9v, pila 9v córdoba;Pila Batería 9 V Energizer | Lucas Innovaciones;Pila de 9 V Energizer para detectores de humo, multímetros y otros equipos. Retiralo en Villa Santa Rosa o pedilo con envío a todo el país.;<p>Pila de 9 V Energizer para equipos de bajo consumo que la necesitan, como detectores de humo y multímetros. Conviene tener una de repuesto a mano.</p><ul><li>Voltaje de 9 V</li><li>Marca Energizer</li><li>Para detectores de humo y multímetros</li><li>Formato cuadrado estándar</li></ul><p>Llevala hoy: retirala en nuestro local de Caseros 924, Villa Santa Rosa, o pedila con envío a todo el país.</p>;402
6584;Pila 2032 Energizer;Cargadores y Baterías > Pilas y baterías;Pila de Botón 2032 Energizer;pila 2032 energizer;pila cr2032, pila botón 3v, pila 2032 reloj, pila 2032 córdoba;Pila de Botón 2032 Energizer | Lucas Innovaciones;Pila de botón 2032 Energizer para relojes, calculadoras y controles remotos. Retiralo en Villa Santa Rosa o pedilo con envío a todo el país.;<p>Pila de botón modelo 2032 de Energizer, usada en relojes, calculadoras, controles remotos y otros equipos pequeños. Es fácil de colocar y conviene tener una de repuesto.</p><ul><li>Modelo 2032</li><li>Formato botón compacto</li><li>Marca Energizer</li><li>Para relojes, calculadoras y controles</li></ul><p>Llevala hoy: retirala en nuestro local de Caseros 924, Villa Santa Rosa, o pedila con envío a todo el país.</p>;400
6640;Pila AAA Recargable 700 Mah x2;Cargadores y Baterías > Power banks;Pilas AAA Recargables 700 mAh x2;pilas aaa recargables;pila aaa recargable 700mah, pilas recargables aaa x2, pilas aaa para control remoto, pilas recargables córdoba;Pilas AAA Recargables 700 mAh x2 | Lucas Innovaciones;Pack de 2 pilas AAA recargables de 700 mAh para controles, cámaras y más. Retiralo en Villa Santa Rosa o pedilo con envío a todo el país.;<p>Pack de 2 pilas AAA recargables de 700 mAh. Sirven para controles remotos y otros equipos que usan este formato, y se pueden recargar muchas veces.</p><ul><li>Pack de 2 pilas</li><li>Formato AAA</li><li>Capacidad de 700 mAh</li><li>Recargables y reutilizables</li></ul><p>Llevalo hoy: retiralo en nuestro local de Caseros 924, Villa Santa Rosa, o pedilo con envío a todo el país.</p>;460
7661;Power Bank Fox Box ENERGY port 10.000 mah;Cargadores y Baterías > Power banks;Power Bank FoxBox Energy Port 10.000 mAh;power bank 10000 mah;cargador portátil 10000mah, batería externa foxbox, power bank foxbox energy port, power bank córdoba;Power Bank FoxBox Energy Port 10.000 mAh;Power bank FoxBox Energy Port de 10.000 mAh para cargar tu celular en cualquier lado. Retiralo en Villa Santa Rosa o pedilo con envío a todo el país.;<p>Power bank FoxBox Energy Port de 10.000 mAh. Es una batería externa para tener energía extra en el celular durante el día, de viaje o en el trabajo.</p><ul><li>Capacidad de 10.000 mAh</li><li>Modelo Energy Port</li><li>Marca FoxBox</li><li>Para cargar el celular fuera de casa</li></ul><p>Llevalo hoy: retiralo en nuestro local de Caseros 924, Villa Santa Rosa, o pedilo con envío a todo el país.</p>;457
8433;Power Bank Fox Box ENERGY port 20.000 mah;Cargadores y Baterías > Power banks;Power Bank FoxBox Energy Port 20.000 mAh;power bank 20000 mah;cargador portátil 20000mah, batería externa foxbox, power bank foxbox energy port, power bank córdoba;Power Bank FoxBox Energy Port 20.000 mAh;Power bank FoxBox Energy Port de 20.000 mAh para varias cargas de tu celular. Retiralo en Villa Santa Rosa o pedilo con envío a todo el país.;<p>Power bank FoxBox Energy Port de 20.000 mAh. Es una batería externa de buena capacidad para viajes, trabajo o salidas largas donde necesitás cargar el celular más de una vez.</p><ul><li>Capacidad de 20.000 mAh</li><li>Modelo Energy Port</li><li>Marca FoxBox</li><li>Pensado para viajes y jornadas largas</li></ul><p>Llevalo hoy: retiralo en nuestro local de Caseros 924, Villa Santa Rosa, o pedilo con envío a todo el país.</p>;475
6908;Auricular para pc vincha GENIUS HS02B;Computación > Periféricos;Auriculares con Micrófono para PC Genius HS02B;auriculares pc con microfono;auricular vincha genius hs02b, auriculares genius, auricular gamer pc, auriculares pc córdoba;Auriculares con Micrófono para PC Genius HS02B;Auriculares de vincha Genius HS02B con micrófono para PC, trabajo, estudio y juegos. Retiralo en Villa Santa Rosa o pedilo con envío a todo el país.;<p>Auriculares de vincha Genius HS02B con micrófono incorporado para usar con la PC. Sirven para trabajar, estudiar, hacer videollamadas o jugar.</p><ul><li>Formato vincha</li><li>Micrófono incorporado</li><li>Marca Genius, modelo HS02B</li><li>Para llamadas, estudio y juegos</li></ul><p>Llevalo hoy: retiralo en nuestro local de Caseros 924, Villa Santa Rosa, o pedilo con envío a todo el país.</p>;368
6299;Auricular PC Multilaser;Computación > Periféricos;Auriculares para PC Multilaser con Micrófono;auriculares pc multilaser;auricular pc con microfono, auriculares vincha pc, auriculares multilaser, auriculares pc córdoba;Auriculares para PC Multilaser con Micrófono;Auriculares Multilaser con micrófono para PC, para trabajar, jugar o hacer videollamadas. Retiralo en Villa Santa Rosa o pedilo con envío a todo el país.;<p>Auriculares Multilaser con micrófono incorporado para usar con la PC. Son una opción práctica para trabajar, jugar o hacer videollamadas.</p><ul><li>Micrófono incorporado</li><li>Marca Multilaser</li><li>Para PC</li><li>Uso en llamadas y videoconferencias</li></ul><p>Llevalo hoy: retiralo en nuestro local de Caseros 924, Villa Santa Rosa, o pedilo con envío a todo el país.</p>;467
8221;Bolso Portafolio Notebook NETMAK;Computación > Periféricos;Bolso Portafolio para Notebook Netmak;bolso para notebook;portafolio notebook, maletín para notebook, bolso notebook netmak, bolso para notebook córdoba;Bolso Portafolio para Notebook Netmak | Lucas Innovaciones;Bolso portafolio Netmak para llevar tu notebook al trabajo, a la facultad o de viaje. Retiralo en Villa Santa Rosa o pedilo con envío a todo el país.;<p>Bolso portafolio Netmak para transportar tu notebook. Es una opción práctica para llevar el equipo al trabajo, a la facultad o de viaje.</p><ul><li>Tipo portafolio</li><li>Para llevar notebook</li><li>Marca Netmak</li><li>Ideal para trabajo y estudio</li></ul><p>Llevalo hoy: retiralo en nuestro local de Caseros 924, Villa Santa Rosa, o pedilo con envío a todo el país.</p>;0
6592;Cable interlook Trebol notebook 1,5m;Computación > Notebooks;Cable Interlook Trébol para Notebook 1,5 m;cable interlook notebook;cable interlock notebook, cable de poder notebook, cable interlook 1,5 metros, cable notebook córdoba;Cable Interlook Trébol para Notebook 1,5 m;Cable interlook Trébol de 1,5 m para notebook, para conectar tu equipo a la corriente. Retiralo en Villa Santa Rosa o pedilo con envío a todo el país.;<p>Cable interlook Trébol de 1,5 metros para conectar tu notebook a la corriente. El largo da comodidad para trabajar sin estar pegado al tomacorriente.</p><ul><li>Largo de 1,5 metros</li><li>Conector interlook</li><li>Marca Trébol</li><li>Para notebooks compatibles</li></ul><p>Llevalo hoy: retiralo en nuestro local de Caseros 924, Villa Santa Rosa, o pedilo con envío a todo el país.</p>;369
6671;Cable interlook Trebol notebook 50cm;Computación > Notebooks;Cable Interlook Trébol para Notebook 50 cm;cable interlook notebook;cable interlock notebook, cable de poder notebook corto, cable interlook 50 cm, cable notebook córdoba;Cable Interlook Trébol para Notebook 50 cm;Cable interlook Trébol de 50 cm para notebook, ideal para el escritorio o la mochila. Retiralo en Villa Santa Rosa o pedilo con envío a todo el país.;<p>Cable interlook Trébol de 50 cm para conectar tu notebook a la corriente. Su largo corto es práctico para el escritorio o para llevar en la mochila.</p><ul><li>Largo de 50 cm</li><li>Conector interlook</li><li>Marca Trébol</li><li>Para notebooks compatibles</li></ul><p>Llevalo hoy: retiralo en nuestro local de Caseros 924, Villa Santa Rosa, o pedilo con envío a todo el país.</p>;378
6547;Camara web micro c721 HD;Computación > Periféricos;Cámara Web HD Micro C721;camara web hd;webcam hd usb, cámara web micro c721, camara web para pc, camara web córdoba;Cámara Web HD Micro C721 | Lucas Innovaciones;Cámara web HD Micro C721 con micrófono para videollamadas, clases online y trabajo remoto. Retiralo en Villa Santa Rosa o pedilo con envío a todo el país.;<p>Cámara web HD Micro C721 con micrófono integrado. Se conecta por USB a tu PC o notebook para videollamadas, clases online y trabajo remoto.</p><ul><li>Resolución HD</li><li>Micrófono integrado</li><li>Conexión USB</li><li>Para videollamadas y clases online</li></ul><p>Llevala hoy: retirala en nuestro local de Caseros 924, Villa Santa Rosa, o pedila con envío a todo el país.</p>;438
6307;Combo Gaming Noga NKB-407;Computación > Periféricos;Combo Gamer Noga NKB-407 Teclado y Mouse;combo gamer teclado y mouse;combo gaming noga, teclado y mouse gamer, combo noga nkb-407, combo teclado mouse córdoba;Combo Gamer Noga NKB-407 Teclado y Mouse;Combo gamer Noga NKB-407 con teclado y mouse para tu PC, con conexión USB. Retiralo en Villa Santa Rosa o pedilo con envío a todo el país.;<p>Combo gamer Noga NKB-407 que incluye teclado y mouse para tu PC. Una forma simple de armar tu puesto de juego o de trabajo con un solo producto.</p><ul><li>Incluye teclado y mouse</li><li>Estilo gamer</li><li>Conexión USB</li><li>Marca Noga, modelo NKB-407</li></ul><p>Llevalo hoy: retiralo en nuestro local de Caseros 924, Villa Santa Rosa, o pedilo con envío a todo el país.</p>;435
6628;Combo Genius teclado y mouse KM100SE;Computación > Periféricos;Combo Genius Teclado y Mouse KM-100SE;combo teclado y mouse genius;kit teclado y mouse genius, combo genius km-100se, teclado y mouse combo, combo teclado mouse córdoba;Combo Genius Teclado y Mouse KM-100SE | Lucas Innovaciones;Combo Genius KM-100SE con teclado y mouse para tu PC, ideal para casa u oficina. Retiralo en Villa Santa Rosa o pedilo con envío a todo el país.;<p>Combo Genius KM-100SE que incluye teclado y mouse. Es una solución práctica para equipar la PC de casa, de la oficina o para el estudio.</p><ul><li>Incluye teclado y mouse</li><li>Marca Genius</li><li>Modelo KM-100SE</li><li>Ideal para trabajo y estudio</li></ul><p>Llevalo hoy: retiralo en nuestro local de Caseros 924, Villa Santa Rosa, o pedilo con envío a todo el país.</p>;461
6320;Disco sólido SSD ADATA 240GB;Computación > Almacenamiento;Disco Sólido SSD ADATA 240 GB;ssd 240gb;disco ssd adata 240gb, disco sólido 240 gb, ssd adata precio, ssd 240gb córdoba;Disco Sólido SSD ADATA 240 GB | Lucas Innovaciones;SSD ADATA de 240 GB para que tu PC o notebook arranque y abra programas más rápido. Retiralo en Villa Santa Rosa o pedilo con envío a todo el país.;<p>Disco sólido SSD ADATA de 240 GB para renovar tu PC o notebook. Reemplazar un disco mecánico por uno sólido mejora los tiempos de arranque y de apertura de programas.</p><ul><li>Capacidad de 240 GB</li><li>Disco sólido SSD</li><li>Marca ADATA</li><li>Ideal para el sistema operativo y programas</li></ul><p>Llevalo hoy: retiralo en nuestro local de Caseros 924, Villa Santa Rosa, o pedilo con envío a todo el país.</p>;463
6587;Disco Solido SSD HIKSEMI 480gb Wave;Computación > Almacenamiento;Disco Sólido SSD Hiksemi Wave 480 GB;ssd 480gb;disco ssd hiksemi 480gb, ssd hiksemi wave, disco sólido 480 gb, ssd 480gb córdoba;Disco Sólido SSD Hiksemi Wave 480 GB | Lucas Innovaciones;Disco sólido SSD Hiksemi Wave de 480 GB para acelerar tu PC o notebook. Retiralo en Villa Santa Rosa o pedilo con envío a todo el país.;<p>Disco sólido SSD Hiksemi Wave de 480 GB para darle más velocidad a tu PC o notebook. Es una buena actualización si el sistema está lento al arrancar o abrir programas.</p><ul><li>Capacidad de 480 GB</li><li>Disco sólido SSD</li><li>Marca Hiksemi, línea Wave</li><li>Ideal para el sistema y tus programas</li></ul><p>Llevalo hoy: retiralo en nuestro local de Caseros 924, Villa Santa Rosa, o pedilo con envío a todo el país.</p>;534
6612;Disco SSD Hiksemi 512gb M2 Nvme pcie 3.0;Computación > Almacenamiento;Disco SSD Hiksemi 512 GB M.2 NVMe PCIe 3.0;ssd m2 nvme 512gb;ssd nvme 512gb, disco m.2 hiksemi, ssd pcie 3.0 512gb, ssd m2 córdoba;Disco SSD Hiksemi 512 GB M.2 NVMe PCIe 3.0;Disco SSD Hiksemi M.2 NVMe de 512 GB con interfaz PCIe 3.0 para PC y notebooks compatibles. Retiralo en Villa Santa Rosa o pedilo con envío a todo el país.;<p>Disco SSD Hiksemi M.2 NVMe de 512 GB con interfaz PCIe 3.0. Es una actualización para PC y notebooks con ranura M.2 compatible, con mejor velocidad que un disco mecánico.</p><ul><li>Capacidad de 512 GB</li><li>Formato M.2 NVMe</li><li>Interfaz PCIe 3.0</li><li>Marca Hiksemi</li></ul><p>Llevalo hoy: retiralo en nuestro local de Caseros 924, Villa Santa Rosa, o pedilo con envío a todo el país.</p>;461
6936;Impresora laser Pantum M6550NW;Computación > Impresoras;Impresora Láser Multifunción Pantum M6550NW Wi-Fi;impresora laser pantum m6550nw;pantum m6550nw, impresora láser multifunción wifi, impresora pantum wifi, impresora láser córdoba;Impresora Láser Multifunción Pantum M6550NW Wi-Fi;Impresora láser multifunción Pantum M6550NW con Wi-Fi: imprime, copia y escanea. Retiralo en Villa Santa Rosa o pedilo con envío a todo el país.;<p>Impresora láser multifunción Pantum M6550NW con conexión Wi-Fi. Imprime, copia y escanea en un solo equipo, pensada para home office o pequeños negocios.</p><ul><li>Impresión láser monocromática</li><li>Imprime, copia y escanea</li><li>Conexión Wi-Fi y USB</li><li>Marca Pantum, modelo M6550NW</li></ul><p>Llevala hoy: retirala en nuestro local de Caseros 924, Villa Santa Rosa, o pedila con envío a todo el país.</p>;501
6560;Impresora laser Pantum P2509w wifi monocromatica;Computación > Impresoras;Impresora Láser Pantum P2509W Wi-Fi Monocromática;impresora laser pantum p2509w;pantum p2509w, impresora láser wifi, impresora láser monocromática, impresora láser córdoba;Impresora Láser Pantum P2509W Wi-Fi Monocromática;Impresora láser Pantum P2509W monocromática con Wi-Fi para imprimir desde tus equipos. Retiralo en Villa Santa Rosa o pedilo con envío a todo el país.;<p>Impresora láser monocromática Pantum P2509W con conexión Wi-Fi. Podés mandar documentos desde la computadora o el celular sin cables, ideal para la oficina o el home office.</p><ul><li>Impresión láser monocromática</li><li>Conexión Wi-Fi</li><li>Marca Pantum, modelo P2509W</li><li>Para uso en casa u oficina</li></ul><p>Llevala hoy: retirala en nuestro local de Caseros 924, Villa Santa Rosa, o pedila con envío a todo el país.</p>;382
6935;Impresora Epson multifunción L3250;Computación > Impresoras;Impresora Multifunción Epson EcoTank L3250;impresora epson l3250;epson ecotank l3250, impresora multifunción epson, impresora de tinta continua epson, impresora epson córdoba;Impresora Multifunción Epson EcoTank L3250;Impresora multifunción Epson L3250 con tanques de tinta: imprime, copia y escanea. Retiralo en Villa Santa Rosa o pedilo con envío a todo el país.;<p>Impresora multifunción Epson L3250 con tanques de tinta recargables. Imprime, copia y escanea en un solo equipo, y es una opción pensada para quien imprime seguido en casa o en el trabajo.</p><ul><li>Imprime, copia y escanea</li><li>Sistema de tanques de tinta recargables</li><li>Impresión a color</li><li>Marca Epson, modelo L3250</li></ul><p>Llevala hoy: retirala en nuestro local de Caseros 924, Villa Santa Rosa, o pedila con envío a todo el país.</p>;360
7320;Kit combo teclado y mouse Genius km 100se;Computación > Periféricos;Kit Combo Teclado y Mouse Genius KM-100SE;kit teclado y mouse genius;combo teclado y mouse genius, combo genius km-100se, teclado y mouse combo, combo teclado mouse córdoba;Kit Combo Teclado y Mouse Genius KM-100SE;Kit Genius KM-100SE con teclado y mouse para equipar tu PC de casa u oficina. Retiralo en Villa Santa Rosa o pedilo con envío a todo el país.;<p>Kit combo Genius KM-100SE con teclado y mouse. Es una opción simple para equipar la PC de casa, de la oficina o para el estudio con un solo producto.</p><ul><li>Incluye teclado y mouse</li><li>Marca Genius</li><li>Modelo KM-100SE</li><li>Ideal para trabajo y estudio</li></ul><p>Llevalo hoy: retiralo en nuestro local de Caseros 924, Villa Santa Rosa, o pedilo con envío a todo el país.</p>;0
6888;Kit combo teclado y mouse Xtrike MK 307;Computación > Periféricos;Kit Combo Teclado y Mouse Xtrike MK-307;combo teclado y mouse usb;kit teclado y mouse xtrike, combo xtrike mk 307, teclado y mouse usb, combo teclado mouse córdoba;Kit Combo Teclado y Mouse Xtrike MK-307 | Lucas Innovaciones;Kit Xtrike MK-307 con teclado y mouse USB, listo para conectar a tu PC. Retiralo en Villa Santa Rosa o pedilo con envío a todo el país.;<p>Kit combo Xtrike MK-307 con teclado y mouse USB. Se conecta a la PC y está listo para usar, sin instalaciones complicadas.</p><ul><li>Incluye teclado y mouse</li><li>Conexión USB</li><li>Plug and play</li><li>Marca Xtrike, modelo MK-307</li></ul><p>Llevalo hoy: retiralo en nuestro local de Caseros 924, Villa Santa Rosa, o pedilo con envío a todo el país.</p>;400
6672;Kit Gamer TARGA 200;Computación > Periféricos;Kit Gamer Targa 200 Teclado y Mouse;kit gamer teclado y mouse;combo gamer targa 200, teclado y mouse gamer, kit gamer pc, kit gamer córdoba;Kit Gamer Targa 200 Teclado y Mouse | Lucas Innovaciones;Kit gamer Targa 200 con teclado y mouse para equipar tu PC y armar tu setup de juego. Retiralo en Villa Santa Rosa o pedilo con envío a todo el país.;<p>Kit gamer Targa 200 con teclado y mouse para tu PC. Una forma accesible de armar tu setup de juego con un solo producto.</p><ul><li>Incluye teclado y mouse</li><li>Estilo gamer</li><li>Marca Targa, modelo 200</li><li>Para PC</li></ul><p>Llevalo hoy: retiralo en nuestro local de Caseros 924, Villa Santa Rosa, o pedilo con envío a todo el país.</p>;460
6755;Kit Micro SD Multilaser MC163 32gb Adaptador USB;Computación > Almacenamiento;Kit Micro SD Multilaser MC163 32 GB con Adaptador USB;micro sd 32gb con adaptador usb;kit micro sd multilaser, memoria micro sd 32gb, micro sd multilaser mc163, micro sd 32gb córdoba;Kit Micro SD Multilaser MC163 32 GB con Adaptador USB;Kit Multilaser MC163 con micro SD de 32 GB y adaptador USB para celular, cámara y PC. Retiralo en Villa Santa Rosa o pedilo con envío a todo el país.;<p>Kit Multilaser MC163 con tarjeta micro SD de 32 GB y adaptador USB. Sirve para ampliar el almacenamiento del celular o la cámara y para pasar archivos a la computadora.</p><ul><li>Micro SD de 32 GB</li><li>Incluye adaptador USB</li><li>Marca Multilaser, modelo MC163</li><li>Para celulares, cámaras y dispositivos con ranura micro SD</li></ul><p>Llevalo hoy: retiralo en nuestro local de Caseros 924, Villa Santa Rosa, o pedilo con envío a todo el país.</p>;448
7234;Lector adaptador de memoria micro sd;Computación > Almacenamiento;Lector Adaptador de Memoria Micro SD;lector de tarjetas micro sd;adaptador micro sd usb, lector micro sd, lector de memoria micro sd, lector tarjetas córdoba;Lector Adaptador de Memoria Micro SD | Lucas Innovaciones;Lector adaptador para tarjetas micro SD, para pasar fotos y archivos a tu computadora. Retiralo en Villa Santa Rosa o pedilo con envío a todo el país.;<p>Lector adaptador para tarjetas de memoria micro SD. Te permite leer la tarjeta desde la computadora y pasar fotos, videos y archivos de forma simple.</p><ul><li>Para tarjetas micro SD</li><li>Formato compacto</li><li>Ideal para pasar fotos y videos</li><li>Fácil de llevar</li></ul><p>Llevalo hoy: retiralo en nuestro local de Caseros 924, Villa Santa Rosa, o pedilo con envío a todo el país.</p>;0
8339;Memoria hiksemi/Dahua micro sd 128gb;Computación > Almacenamiento;Memoria Micro SD Hiksemi 128 GB;micro sd 128gb;tarjeta micro sd 128gb, memoria hiksemi 128gb, micro sd hiksemi, micro sd 128gb córdoba;Memoria Micro SD Hiksemi 128 GB | Lucas Innovaciones;Memoria micro SD Hiksemi de 128 GB para ampliar el almacenamiento de tu celular o cámara. Retiralo en Villa Santa Rosa o pedilo con envío a todo el país.;<p>Memoria micro SD Hiksemi de 128 GB para tener más espacio en tu celular, tablet o cámara. Es una buena opción para guardar fotos, videos y archivos.</p><ul><li>Capacidad de 128 GB</li><li>Formato micro SD</li><li>Marca Hiksemi</li><li>Para celulares, tablets y cámaras</li></ul><p>Llevala hoy: retirala en nuestro local de Caseros 924, Villa Santa Rosa, o pedila con envío a todo el país.</p>;0
7438;Memoria hiksemi micro sd 256gb;Computación > Almacenamiento;Memoria Micro SD Hiksemi 256 GB;micro sd 256gb;tarjeta micro sd 256gb, memoria hiksemi 256gb, micro sd hiksemi, micro sd 256gb córdoba;Memoria Micro SD Hiksemi 256 GB | Lucas Innovaciones;Memoria micro SD Hiksemi de 256 GB para celular, tablet y cámara. Retiralo en Villa Santa Rosa o pedilo con envío a todo el país.;<p>Memoria micro SD Hiksemi de 256 GB para ampliar el almacenamiento de tu celular, tablet o cámara. Te alcanza para fotos, videos y aplicaciones sin andar borrando.</p><ul><li>Capacidad de 256 GB</li><li>Formato micro SD</li><li>Marca Hiksemi</li><li>Para celulares, tablets y cámaras</li></ul><p>Llevala hoy: retirala en nuestro local de Caseros 924, Villa Santa Rosa, o pedila con envío a todo el país.</p>;363
6563;Memoria hiksemi/lexar micro sd 32gb;Computación > Almacenamiento;Memoria Micro SD Hiksemi 32 GB;micro sd 32gb;tarjeta micro sd 32gb, memoria hiksemi 32gb, micro sd hiksemi, micro sd 32gb córdoba;Memoria Micro SD Hiksemi 32 GB | Lucas Innovaciones;Memoria micro SD Hiksemi de 32 GB para celular, tablet o cámara cuando te falta espacio. Retiralo en Villa Santa Rosa o pedilo con envío a todo el país.;<p>Memoria micro SD Hiksemi de 32 GB para cuando el celular te avisa que no tiene espacio. Sumá lugar para fotos, videos y archivos sin andar borrando.</p><ul><li>Capacidad de 32 GB</li><li>Formato micro SD</li><li>Marca Hiksemi</li><li>Para dispositivos con ranura micro SD</li></ul><p>Llevala hoy: retirala en nuestro local de Caseros 924, Villa Santa Rosa, o pedila con envío a todo el país.</p>;435
6564;Memoria hiksemi/Dahua micro sd 64gb;Computación > Almacenamiento;Memoria Micro SD Hiksemi 64 GB;micro sd 64gb;tarjeta micro sd 64gb, memoria hiksemi 64gb, micro sd hiksemi, micro sd 64gb córdoba;Memoria Micro SD Hiksemi 64 GB | Lucas Innovaciones;Memoria micro SD Hiksemi de 64 GB para sumar espacio a tu celular, tablet o cámara. Retiralo en Villa Santa Rosa o pedilo con envío a todo el país.;<p>Memoria micro SD Hiksemi de 64 GB para sumar espacio de almacenamiento a tu celular, tablet o cámara. Sirve para guardar fotos, videos y aplicaciones.</p><ul><li>Capacidad de 64 GB</li><li>Formato micro SD</li><li>Marca Hiksemi</li><li>Para celulares, tablets y cámaras</li></ul><p>Llevala hoy: retirala en nuestro local de Caseros 924, Villa Santa Rosa, o pedila con envío a todo el país.</p>;343
6319;Microprocesador AMD A-SERIES A6-7480;Computación > Componentes;Microprocesador AMD A6-7480 Socket FM2+;procesador amd a6 7480;amd a6-7480, microprocesador amd fm2+, procesador amd a6 fm2+, procesador amd córdoba;Microprocesador AMD A6-7480 Socket FM2+ | Lucas Innovaciones;Procesador AMD A6-7480 con gráficos integrados y socket FM2+ para armar una PC. Retiralo en Villa Santa Rosa o pedilo con envío a todo el país.;<p>Microprocesador AMD A-Series A6-7480 para armar o actualizar una PC de escritorio. Incluye gráficos integrados, así que podés usar la PC sin placa de video para navegar, ver videos y trabajar.</p><ul><li>Línea AMD A-Series, modelo A6-7480</li><li>Socket FM2+</li><li>Gráficos Radeon integrados</li><li>Para PC de escritorio de uso general</li></ul><p>Llevalo hoy: retiralo en nuestro local de Caseros 924, Villa Santa Rosa, o pedilo con envío a todo el país.</p>;546
7804;Monitor Aluna 24'' VGA/HDMI;Computación > Monitores;Monitor Aluna 24 Pulgadas Full HD VGA HDMI;monitor 24 pulgadas;monitor aluna 24, monitor full hd 24 pulgadas, monitor hdmi vga, monitor 24 córdoba;Monitor Aluna 24 Pulgadas Full HD VGA HDMI;Monitor Aluna de 24 pulgadas Full HD con entradas VGA y HDMI para PC, notebook y más. Retiralo en Villa Santa Rosa o pedilo con envío a todo el país.;<p>Monitor Aluna de 24 pulgadas con resolución Full HD y entradas HDMI y VGA. Se conecta a tu PC, notebook u otro equipo compatible para trabajar, estudiar o mirar contenido.</p><ul><li>Pantalla de 24 pulgadas</li><li>Resolución Full HD (1920 x 1080)</li><li>75 Hz de frecuencia</li><li>Entradas HDMI y VGA</li></ul><p>Llevalo hoy: retiralo en nuestro local de Caseros 924, Villa Santa Rosa, o pedilo con envío a todo el país.</p>;416
6802;Monitor E-view 20'' VGA/HDMI;Computación > Monitores;Monitor E-View 20 Pulgadas VGA HDMI;monitor 20 pulgadas;monitor e-view 20, monitor hdmi vga 20, monitor 20 pulgadas precio, monitor 20 córdoba;Monitor E-View 20 Pulgadas VGA HDMI | Lucas Innovaciones;Monitor E-View de 20 pulgadas con entradas VGA y HDMI para PC y notebook. Retiralo en Villa Santa Rosa o pedilo con envío a todo el país.;<p>Monitor E-View de 20 pulgadas con entradas HDMI y VGA. Es una opción práctica para armar tu puesto de trabajo o de estudio con la PC o la notebook.</p><ul><li>Pantalla de 20 pulgadas</li><li>Entradas HDMI y VGA</li><li>Marca E-View</li><li>Para PC, notebook y otros equipos compatibles</li></ul><p>Llevalo hoy: retiralo en nuestro local de Caseros 924, Villa Santa Rosa, o pedilo con envío a todo el país.</p>;398
8186;Monitor Global Full HD 22'';Computación > Monitores;Monitor Global 22 Pulgadas Full HD VGA HDMI;monitor 22 pulgadas full hd;monitor global 22, monitor full hd 22, monitor hdmi vga 22, monitor 22 córdoba;Monitor Global 22 Pulgadas Full HD VGA HDMI;Monitor Global de 22 pulgadas Full HD con entradas VGA y HDMI para PC y notebook. Retiralo en Villa Santa Rosa o pedilo con envío a todo el país.;<p>Monitor Global de 22 pulgadas con resolución Full HD y entradas HDMI y VGA. Funciona con la PC, la notebook y otros equipos que tengas, para trabajar o estudiar.</p><ul><li>Pantalla de 22 pulgadas</li><li>Resolución Full HD (1920 x 1080)</li><li>75 Hz de frecuencia</li><li>Entradas HDMI y VGA</li></ul><p>Llevalo hoy: retiralo en nuestro local de Caseros 924, Villa Santa Rosa, o pedilo con envío a todo el país.</p>;414
6321;Motherboard Asrock FM2A68M-DG3;Computación > Componentes;Motherboard ASRock FM2A68M-DG3 Socket FM2+;motherboard asrock fm2a68m;placa madre asrock fm2a68m-dg3, mother asrock fm2, placa madre fm2+ micro atx, motherboard córdoba;Motherboard ASRock FM2A68M-DG3 Socket FM2+;Motherboard ASRock FM2A68M-DG3 micro ATX para armar una PC con procesadores AMD FM2+. Retiralo en Villa Santa Rosa o pedilo con envío a todo el país.;<p>Motherboard ASRock FM2A68M-DG3 en formato micro ATX, para armar una PC de escritorio funcional con procesadores AMD compatibles. Es una opción directa para equipos de uso general.</p><ul><li>Modelo FM2A68M-DG3</li><li>Formato micro ATX</li><li>Para procesadores AMD A-Series con socket FM2+</li><li>Salidas de video VGA y HDMI</li></ul><p>Llevala hoy: retirala en nuestro local de Caseros 924, Villa Santa Rosa, o pedila con envío a todo el país.</p>;535
7800;Mouse Xtrike gamer GW224 inalámbrico;Computación > Periféricos;Mouse Gamer Inalámbrico Xtrike GW-224;mouse gamer inalambrico;mouse xtrike gw-224, mouse gamer xtrike, mouse gamer sin cable, mouse gamer córdoba;Mouse Gamer Inalámbrico Xtrike GW-224 | Lucas Innovaciones;Mouse gamer inalámbrico Xtrike GW-224 para jugar y trabajar sin cables en tu PC. Retiralo en Villa Santa Rosa o pedilo con envío a todo el país.;<p>Mouse gamer inalámbrico Xtrike GW-224 para usar con tu PC o notebook sin cables. Es una opción para jugar y trabajar con el escritorio más despejado.</p><ul><li>Conexión inalámbrica</li><li>Estilo gamer</li><li>Marca Xtrike, modelo GW-224</li><li>Para PC y notebook</li></ul><p>Llevalo hoy: retiralo en nuestro local de Caseros 924, Villa Santa Rosa, o pedilo con envío a todo el país.</p>;0
6853;Mouse gamer LOGITECH G203 8000dpi;Computación > Periféricos;Mouse Gamer Logitech G203 8000 DPI;mouse gamer logitech g203;logitech g203, mouse logitech g203 lightsync, mouse gamer 8000 dpi, mouse gamer córdoba;Mouse Gamer Logitech G203 8000 DPI | Lucas Innovaciones;Mouse gamer Logitech G203 de 8000 DPI para jugar y trabajar con precisión. Retiralo en Villa Santa Rosa o pedilo con envío a todo el país.;<p>Mouse gamer Logitech G203 con sensor de hasta 8000 DPI. Es liviano y cómodo, para jugar o trabajar con buena precisión.</p><ul><li>Sensor de hasta 8000 DPI</li><li>6 botones</li><li>Marca Logitech, modelo G203</li><li>Conexión por cable USB</li></ul><p>Llevalo hoy: retiralo en nuestro local de Caseros 924, Villa Santa Rosa, o pedilo con envío a todo el país.</p>;599
6477;Mouse GENIUS usb;Computación > Periféricos;Mouse Genius USB;mouse genius usb;mouse usb genius, mouse con cable genius, mouse genius precio, mouse genius córdoba;Mouse Genius USB | Lucas Innovaciones;Mouse Genius con cable USB, simple y práctico para trabajar o estudiar en tu PC. Retiralo en Villa Santa Rosa o pedilo con envío a todo el país.;<p>Mouse Genius con conexión USB, simple y práctico para la PC o la notebook. Lo conectás y funciona, sin instalar nada.</p><ul><li>Conexión USB con cable</li><li>Sensor óptico</li><li>Marca Genius</li><li>Plug and play</li></ul><p>Llevalo hoy: retiralo en nuestro local de Caseros 924, Villa Santa Rosa, o pedilo con envío a todo el país.</p>;393
6682;Mouse GENIUS inalambrico NX7000;Computación > Periféricos;Mouse Inalámbrico Genius NX-7000;mouse inalambrico genius;mouse genius nx-7000, mouse sin cable genius, mouse inalámbrico precio, mouse inalámbrico córdoba;Mouse Inalámbrico Genius NX-7000 | Lucas Innovaciones;Mouse inalámbrico Genius NX-7000 para trabajar o estudiar sin cables sobre el escritorio. Retiralo en Villa Santa Rosa o pedilo con envío a todo el país.;<p>Mouse inalámbrico Genius NX-7000 para usar con tu PC o notebook sin cables. Deja el escritorio más despejado y es cómodo para el uso diario.</p><ul><li>Conexión inalámbrica</li><li>Marca Genius, modelo NX-7000</li><li>Sensor óptico</li><li>Para PC y notebook</li></ul><p>Llevalo hoy: retiralo en nuestro local de Caseros 924, Villa Santa Rosa, o pedilo con envío a todo el país.</p>;426
6967;Mouse inalambrico recargable USB y BT BULLTEC;Computación > Periféricos;Mouse Inalámbrico Recargable USB y Bluetooth Bulltec;mouse inalambrico recargable;mouse bluetooth recargable, mouse bulltec, mouse inalámbrico usb bluetooth, mouse recargable córdoba;Mouse Inalámbrico Recargable USB y Bluetooth Bulltec;Mouse inalámbrico recargable Bulltec con conexión USB y Bluetooth para PC y notebook. Retiralo en Villa Santa Rosa o pedilo con envío a todo el país.;<p>Mouse inalámbrico recargable Bulltec que se conecta por receptor USB o por Bluetooth, según lo que prefieras. Al ser recargable, no tenés que andar cambiando pilas.</p><ul><li>Conexión por USB y Bluetooth</li><li>Batería recargable</li><li>Carga por USB-C</li><li>Marca Bulltec</li></ul><p>Llevalo hoy: retiralo en nuestro local de Caseros 924, Villa Santa Rosa, o pedilo con envío a todo el país.</p>;436
6476;Mouse Netmak Expert;Computación > Periféricos;Mouse Netmak Expert;mouse netmak;mouse netmak expert, mouse usb netmak, mouse para pc económico, mouse netmak córdoba;Mouse Netmak Expert | Lucas Innovaciones;Mouse Netmak Expert para PC y notebook, práctico para trabajar o estudiar todos los días. Retiralo en Villa Santa Rosa o pedilo con envío a todo el país.;<p>Mouse Netmak Expert para usar con la PC o la notebook. Es una opción práctica para el trabajo y el estudio de todos los días.</p><ul><li>Marca Netmak, modelo Expert</li><li>Sensor óptico</li><li>Conexión USB</li><li>Plug and play</li></ul><p>Llevalo hoy: retiralo en nuestro local de Caseros 924, Villa Santa Rosa, o pedilo con envío a todo el país.</p>;439
6629;Mouse pad netmak;Computación > Periféricos;Mouse Pad Netmak;mouse pad;mousepad netmak, alfombrilla para mouse, pad para mouse, mouse pad córdoba;Mouse Pad Netmak | Lucas Innovaciones;Mouse pad Netmak para que tu mouse se deslice con estabilidad en el escritorio. Retiralo en Villa Santa Rosa o pedilo con envío a todo el país.;<p>Mouse pad Netmak para el escritorio. Da una superficie estable para que el mouse se deslice con suavidad, tanto para trabajo como para juegos.</p><ul><li>Base antideslizante</li><li>Superficie pensada para mouse óptico</li><li>Marca Netmak</li><li>Tamaño de escritorio</li></ul><p>Llevalo hoy: retiralo en nuestro local de Caseros 924, Villa Santa Rosa, o pedilo con envío a todo el país.</p>;396
6559;Mouse usb logitech;Computación > Periféricos;Mouse USB Logitech;mouse usb logitech;mouse logitech con cable, mouse logitech usb, mouse logitech precio, mouse logitech córdoba;Mouse USB Logitech | Lucas Innovaciones;Mouse Logitech con cable USB para la PC o notebook, listo para usar al conectarlo. Retiralo en Villa Santa Rosa o pedilo con envío a todo el país.;<p>Mouse Logitech con conexión USB para usar con la PC o la notebook. Lo conectás y funciona, sin configuraciones complicadas.</p><ul><li>Conexión USB con cable</li><li>Sensor óptico</li><li>Marca Logitech</li><li>Plug and play</li></ul><p>Llevalo hoy: retiralo en nuestro local de Caseros 924, Villa Santa Rosa, o pedilo con envío a todo el país.</p>;428
6288;"Notebook Gateway 14"" Core i3 4gb 128gb";Computación > Notebooks;Notebook Gateway 14 Pulgadas Core i3 4 GB RAM SSD 128 GB;notebook gateway core i3;notebook gateway 14, notebook core i3 4gb 128gb, notebook gateway precio, notebook córdoba;Notebook Gateway 14 Pulgadas Core i3 4 GB RAM SSD 128 GB;Notebook Gateway de 14 pulgadas con Core i3, 4 GB de RAM y SSD de 128 GB para el día a día. Retiralo en Villa Santa Rosa o pedilo con envío a todo el país.;<p>Notebook Gateway de 14 pulgadas con procesador Intel Core i3, 4 GB de RAM y disco sólido SSD de 128 GB. Sirve para tareas cotidianas como documentos, navegación y clases online.</p><ul><li>Pantalla de 14 pulgadas</li><li>Procesador Intel Core i3</li><li>Memoria RAM de 4 GB</li><li>Almacenamiento SSD de 128 GB</li></ul><p>Llevala hoy: retirala en nuestro local de Caseros 924, Villa Santa Rosa, o pedila con envío a todo el país.</p>;556
6630;Pad Mouse Havit 30cm XXL;Computación > Periféricos;Pad Mouse Havit XXL 30 cm;pad mouse xxl;mousepad gamer grande, alfombrilla para mouse, pad mouse havit, mouse pad xxl córdoba;Pad Mouse Havit XXL 30 cm | Lucas Innovaciones;Pad mouse Havit XXL de 30 cm para escritorio, oficina y gaming. Retiralo en Villa Santa Rosa o pedilo con envío a todo el país.;<p>El pad mouse Havit XXL te da una superficie amplia y pareja para que el mouse se deslice con comodidad. Sirve para trabajar, estudiar o jugar.</p><ul><li>Marca Havit, formato XXL de 30 cm</li><li>Superficie lisa para mover el mouse con precisión</li><li>Ideal para setup de PC o notebook</li></ul><p>Retiralo en nuestro local de Caseros 924, Villa Santa Rosa, Córdoba, o pedilo con envío a todo el país (gratis desde $ 100.000). Escribinos</p>;423
6481;Parlante pc Noga NG-106;Computación > Periféricos;Parlante para PC Noga NG-106;parlante pc noga;parlante para computadora, parlante noga ng-106, parlante usb pc, parlante pc córdoba;Parlante para PC Noga NG-106 | Lucas Innovaciones;Parlante para PC Noga NG-106 para escuchar música y videos en tu escritorio. Retiralo en Villa Santa Rosa o pedilo con envío a todo el país.;<p>El Noga NG-106 es un parlante pensado para la computadora. Te permite sumar sonido a tu escritorio para trabajar, estudiar o escuchar música.</p><ul><li>Marca Noga, modelo NG-106</li><li>Pensado para usar con PC o notebook</li><li>Compacto, entra en cualquier escritorio</li></ul><p>Retiralo en nuestro local de Caseros 924, Villa Santa Rosa, Córdoba, o pedilo con envío a todo el país (gratis desde $ 100.000). Escribinos</p>;423
8022;Parlantes pc Noga NG508P;Computación > Periféricos;Parlantes para PC Noga NG508P;parlantes pc noga;parlantes para computadora, parlantes noga ng508p, parlantes pc precio, parlantes para pc córdoba;Parlantes para PC Noga NG508P | Lucas Innovaciones;Parlantes para PC Noga NG508P para música, series y videollamadas. Retiralo en Villa Santa Rosa o pedilo con envío a todo el país.;<p>Los parlantes Noga NG508P suman sonido a tu computadora. Son una opción práctica para escuchar música, mirar series o hacer videollamadas.</p><ul><li>Marca Noga, modelo NG508P</li><li>Pensados para PC o notebook</li><li>Ideales para escritorio, estudio u oficina</li></ul><p>Retiralo en nuestro local de Caseros 924, Villa Santa Rosa, Córdoba, o pedilo con envío a todo el país (gratis desde $ 100.000). Escribinos</p>;0
6667;Pendrive Hiksemi/Lexar/MDI 32gb;Computación > Almacenamiento;Pendrive Hiksemi 32 GB;pendrive 32gb;pendrive hiksemi 32gb, pen drive 32 gb, memoria usb 32gb, pendrive 32gb córdoba;Pendrive Hiksemi 32 GB | Lucas Innovaciones;Pendrive Hiksemi de 32 GB para llevar y pasar documentos, fotos y videos. Retiralo en Villa Santa Rosa o pedilo con envío a todo el país.;<p>Pendrive Hiksemi de 32 GB para mover archivos entre computadoras. Es una opción simple para trabajo, estudio o para guardar fotos y videos.</p><ul><li>Capacidad de 32 GB</li><li>Conexión USB</li><li>Marca Hiksemi</li><li>Tamaño compacto para el bolsillo</li></ul><p>Llevalo hoy: retiralo en nuestro local de Caseros 924, Villa Santa Rosa, o pedilo con envío a todo el país.</p>;450
6706;Pendrive Hiksemi 64gb DUAL;Computación > Almacenamiento;Pendrive Hiksemi 64 GB Dual;pendrive 64gb;pendrive hiksemi 64gb, pendrive dual 64 gb, pendrive otg 64gb, pendrive 64gb córdoba;Pendrive Hiksemi 64 GB Dual | Lucas Innovaciones;Pendrive Hiksemi Dual de 64 GB para llevar documentos, fotos y archivos a todos lados. Retiralo en Villa Santa Rosa o pedilo con envío a todo el país.;<p>Pendrive Hiksemi Dual de 64 GB para llevar tus documentos, fotos y proyectos de un equipo a otro. Es compacto y no necesita instalar nada para usarlo.</p><ul><li>Capacidad de 64 GB</li><li>Versión Dual</li><li>Marca Hiksemi</li><li>Tamaño compacto</li></ul><p>Llevalo hoy: retiralo en nuestro local de Caseros 924, Villa Santa Rosa, o pedilo con envío a todo el país.</p>;411
6471;Pendrive Kingston 128gb;Computación > Almacenamiento;Pendrive Kingston 128 GB;pendrive 128gb;pendrive kingston 128gb, pen drive 128 gb, memoria usb 128gb, pendrive kingston córdoba;Pendrive Kingston 128 GB | Lucas Innovaciones;Pendrive Kingston de 128 GB para transportar documentos, fotos y proyectos sin internet. Retiralo en Villa Santa Rosa o pedilo con envío a todo el país.;<p>Pendrive Kingston de 128 GB para llevar documentos, proyectos y fotos sin depender de internet. Su tamaño compacto lo hace fácil de llevar en el bolsillo o la mochila.</p><ul><li>Capacidad de 128 GB</li><li>Conexión USB</li><li>Marca Kingston</li><li>Tamaño compacto</li></ul><p>Llevalo hoy: retiralo en nuestro local de Caseros 924, Villa Santa Rosa, o pedilo con envío a todo el país.</p>;430
6805;Pendrive Kingston 256gb;Computación > Almacenamiento;Pendrive Kingston 256 GB;pendrive 256gb;pendrive kingston 256gb, pen drive 256 gb, memoria usb 256gb, pendrive kingston córdoba;Pendrive Kingston 256 GB | Lucas Innovaciones;Pendrive Kingston de 256 GB para guardar proyectos grandes, fotos y videos. Retiralo en Villa Santa Rosa o pedilo con envío a todo el país.;<p>Pendrive Kingston de 256 GB con mucho espacio para proyectos pesados, bibliotecas de fotos y videos. Te ahorra depender de la nube para llevar tus archivos.</p><ul><li>Capacidad de 256 GB</li><li>Conexión USB</li><li>Marca Kingston</li><li>Tamaño compacto</li></ul><p>Llevalo hoy: retiralo en nuestro local de Caseros 924, Villa Santa Rosa, o pedilo con envío a todo el país.</p>;476
6679;Pendrive Lexar 16gb;Computación > Almacenamiento;Pendrive Lexar 16 GB;pendrive 16gb;pendrive lexar 16gb, pen drive 16 gb, memoria usb 16gb, pendrive lexar córdoba;Pendrive Lexar 16 GB | Lucas Innovaciones;Pendrive Lexar de 16 GB para llevar documentos y archivos importantes a todos lados. Retiralo en Villa Santa Rosa o pedilo con envío a todo el país.;<p>Pendrive Lexar de 16 GB para llevar documentos y archivos sin depender de la nube. Es práctico para compartir trabajos, fotos o proyectos entre equipos.</p><ul><li>Capacidad de 16 GB</li><li>Conexión USB</li><li>Marca Lexar</li><li>Tamaño compacto</li></ul><p>Llevalo hoy: retiralo en nuestro local de Caseros 924, Villa Santa Rosa, o pedilo con envío a todo el país.</p>;497
6948;Silla Butaca gamer DONNA AFC5204;Computación > Periféricos;Silla Butaca Gamer Netmak Donna AFC5204;silla gamer netmak;butaca gamer, silla gamer donna, silla gamer córdoba, silla gamer netmak donna afc5204;Silla Butaca Gamer Netmak Donna AFC5204 | Lucas Innovaciones;Silla butaca gamer Netmak Donna AFC5204 para horas de juego o trabajo. Retiralo en Villa Santa Rosa o pedilo con envío a todo el país.;<p>La butaca gamer Netmak Donna AFC5204 es una silla pensada para quienes pasan muchas horas frente a la computadora, jugando o trabajando.</p><ul><li>Marca Netmak, modelo Donna AFC5204</li><li>Estilo butaca gamer</li><li>Para setup de gaming, estudio u home office</li></ul><p>Retiralo en nuestro local de Caseros 924, Villa Santa Rosa, Córdoba, o pedilo con envío a todo el país (gratis desde $ 100.000). Escribinos</p>;407
7115;Silla de oficina NOGANET;Computación > Periféricos;Silla de Oficina Noganet;silla de oficina;silla de escritorio, silla oficina noganet, silla para pc, silla de oficina córdoba;Silla de Oficina Noganet | Lucas Innovaciones;Silla de oficina Noganet para escritorio, estudio y home office. Retiralo en Villa Santa Rosa o pedilo con envío a todo el país.;<p>La silla de oficina Noganet es una opción práctica para armar tu puesto de trabajo o de estudio en casa o en la oficina.</p><ul><li>Marca Noganet</li><li>Pensada para uso en escritorio</li><li>Ideal para home office, estudio o negocio</li></ul><p>Retiralo en nuestro local de Caseros 924, Villa Santa Rosa, Córdoba, o pedilo con envío a todo el país (gratis desde $ 100.000). Escribinos</p>;0
6461;Tarjeta de memoria 128gb;Computación > Almacenamiento;Tarjeta de Memoria 128 GB;tarjeta de memoria 128gb;memoria 128gb, tarjeta sd 128gb, tarjeta de memoria 128 gb precio, tarjeta de memoria córdoba;Tarjeta de Memoria 128 GB | Lucas Innovaciones;Tarjeta de memoria de 128 GB para ampliar el almacenamiento de tus dispositivos. Retiralo en Villa Santa Rosa o pedilo con envío a todo el país.;<p>Tarjeta de memoria de 128 GB para tener espacio de sobra en tus dispositivos. Alcanza para fotos, videos, documentos y más, sin andar borrando archivos.</p><ul><li>Capacidad de 128 GB</li><li>Para guardar fotos, videos y documentos</li><li>Compatible con dispositivos que usan tarjeta de memoria</li><li>Ideal para ampliar el almacenamiento</li></ul><p>Llevala hoy: retirala en nuestro local de Caseros 924, Villa Santa Rosa, o pedila con envío a todo el país.</p>;405
6459;Tarjeta de memoria 32gb;Computación > Almacenamiento;Tarjeta de Memoria 32 GB;tarjeta de memoria 32gb;memoria 32gb, tarjeta sd 32gb, tarjeta de memoria 32 gb precio, tarjeta de memoria córdoba;Tarjeta de Memoria 32 GB | Lucas Innovaciones;Tarjeta de memoria de 32 GB para ampliar el almacenamiento de tus dispositivos. Retiralo en Villa Santa Rosa o pedilo con envío a todo el país.;<p>Tarjeta de memoria de 32 GB para ampliar el almacenamiento de tus dispositivos. Te permite guardar fotos, videos y archivos sin quedarte sin espacio.</p><ul><li>Capacidad de 32 GB</li><li>Para guardar fotos, videos y archivos</li><li>Compatible con dispositivos que usan tarjeta de memoria</li><li>Ideal para ampliar el almacenamiento</li></ul><p>Llevala hoy: retirala en nuestro local de Caseros 924, Villa Santa Rosa, o pedila con envío a todo el país.</p>;415
6460;Tarjeta de memoria 64gb;Computación > Almacenamiento;Tarjeta de Memoria 64 GB;tarjeta de memoria 64gb;memoria 64gb, tarjeta sd 64gb, tarjeta de memoria 64 gb precio, tarjeta de memoria córdoba;Tarjeta de Memoria 64 GB | Lucas Innovaciones;Tarjeta de memoria de 64 GB para guardar fotos, videos y documentos sin problemas. Retiralo en Villa Santa Rosa o pedilo con envío a todo el país.;<p>Tarjeta de memoria de 64 GB con espacio para fotos en alta resolución, videos y documentos. Es un buen complemento para cámara, consola o dispositivo móvil.</p><ul><li>Capacidad de 64 GB</li><li>Para guardar fotos, videos y documentos</li><li>Compatible con dispositivos que usan tarjeta de memoria</li><li>Ideal para ampliar el almacenamiento</li></ul><p>Llevala hoy: retirala en nuestro local de Caseros 924, Villa Santa Rosa, o pedila con envío a todo el país.</p>;593
6673;Teclado estandar KOLKE KET700;Computación > Periféricos;Teclado Estándar Kolke KET700;teclado kolke ket700;teclado estandar, teclado usb kolke, teclado para pc, teclado kolke córdoba;Teclado Estándar Kolke KET700 | Lucas Innovaciones;Teclado estándar Kolke KET700 para PC o notebook. Retiralo en nuestro local de Villa Santa Rosa, Córdoba, o pedilo con envío a todo el país.;<p>El Kolke KET700 es un teclado estándar para completar tu computadora. Sirve para el trabajo diario, el estudio o la oficina.</p><ul><li>Marca Kolke, modelo KET700</li><li>Formato de teclado estándar</li><li>Para PC de escritorio o notebook</li></ul><p>Retiralo en nuestro local de Caseros 924, Villa Santa Rosa, Córdoba, o pedilo con envío a todo el país (gratis desde $ 100.000). Escribinos</p>;439
6546;Teclado estandar USB netmak kb586u;Computación > Periféricos;Teclado Estándar USB Netmak KB586U;teclado usb netmak;teclado estandar usb, teclado netmak kb586u, teclado para pc, teclado usb córdoba;Teclado Estándar USB Netmak KB586U | Lucas Innovaciones;Teclado estándar USB Netmak KB586U para PC o notebook. Retiralo en nuestro local de Villa Santa Rosa, Córdoba, o pedilo con envío a todo el país.;<p>El Netmak KB586U es un teclado estándar con conexión USB. Lo enchufás a la computadora y lo usás para escribir, estudiar o trabajar.</p><ul><li>Marca Netmak, modelo KB586U</li><li>Conexión USB</li><li>Formato estándar para uso diario</li></ul><p>Retiralo en nuestro local de Caseros 924, Villa Santa Rosa, Córdoba, o pedilo con envío a todo el país (gratis desde $ 100.000). Escribinos</p>;337
6662;Teclado gamer Aitech K502;Computación > Periféricos;Teclado Gamer Aitech K502;teclado gamer aitech;teclado gamer aitech k502, teclado gamer barato, teclado para jugar pc, teclado gamer córdoba;Teclado Gamer Aitech K502 | Lucas Innovaciones;Teclado gamer Aitech K502 para jugar y trabajar con tu PC. Retiralo en Villa Santa Rosa o pedilo con envío a todo el país.;<p>El Aitech K502 es un teclado gamer para armar tu setup de juego. También sirve para el trabajo diario en la computadora.</p><ul><li>Marca Aitech, modelo K502</li><li>Línea gamer para PC</li><li>Ideal para jugar, estudiar o trabajar</li></ul><p>Retiralo en nuestro local de Caseros 924, Villa Santa Rosa, Córdoba, o pedilo con envío a todo el país (gratis desde $ 100.000). Escribinos</p>;430
6678;Teclado numerico KOLKE inalambrico;Computación > Periféricos;Teclado Numérico Inalámbrico Kolke;teclado numerico inalambrico;teclado numerico kolke, teclado numerico para notebook, teclado numérico wireless, teclado numérico córdoba;Teclado Numérico Inalámbrico Kolke | Lucas Innovaciones;Teclado numérico inalámbrico Kolke para notebook o PC. Retiralo en nuestro local de Villa Santa Rosa, Córdoba, o pedilo con envío a todo el país.;<p>El teclado numérico inalámbrico Kolke te suma un bloque de números aparte, muy útil para cargar datos, facturar o hacer cuentas.</p><ul><li>Marca Kolke</li><li>Formato numérico e inalámbrico</li><li>Útil para notebook o PC en oficina y comercio</li></ul><p>Retiralo en nuestro local de Caseros 924, Villa Santa Rosa, Córdoba, o pedilo con envío a todo el país (gratis desde $ 100.000). Escribinos</p>;452
6561;Toner Pantum Original;Computación > Impresoras;Tóner Pantum;toner pantum;tóner pantum original, toner para impresora pantum, repuesto toner pantum, toner pantum córdoba;Tóner Pantum | Lucas Innovaciones;Tóner Pantum de reposición para que tu impresora láser siga imprimiendo con buena calidad. Retiralo en Villa Santa Rosa o pedilo con envío a todo el país.;<p>Tóner Pantum de reposición para impresoras de la marca. Es el repuesto que necesitás para seguir imprimiendo cuando se acaba el que traía tu equipo.</p><ul><li>Marca Pantum</li><li>Para impresoras láser Pantum compatibles</li><li>Repuesto de reposición</li><li>Consultá el modelo de tu impresora antes de elegir</li></ul><p>Llevalo hoy: retiralo en nuestro local de Caseros 924, Villa Santa Rosa, o pedilo con envío a todo el país.</p>;368
6645;Adaptador Transmisor/ receptor BT NMBT7;Conectividad y Redes > Adaptadores de red;Adaptador Bluetooth Transmisor/Receptor NMBT7;adaptador bluetooth transmisor receptor;adaptador bluetooth nmbt7, transmisor bluetooth para tv, receptor bluetooth audio, adaptador bluetooth córdoba;Adaptador Bluetooth Transmisor/Receptor NMBT7;Adaptador Bluetooth NMBT7, transmisor y receptor para audio inalámbrico. Retiralo en Villa Santa Rosa o pedilo con envío a todo el país.;<p>El NMBT7 sirve como transmisor y como receptor Bluetooth. Con él sumás conexión inalámbrica a equipos de audio, tele o parlantes que no la traen.</p><ul><li>Modelo NMBT7</li><li>Funciona como transmisor y receptor</li><li>Para equipos de audio, tele y parlantes</li></ul><p>Retiralo en nuestro local de Caseros 924, Villa Santa Rosa, Córdoba, o pedilo con envío a todo el país (gratis desde $ 100.000). Escribinos</p>;445
6753;Adaptador BT transmisor/receptor NOGA NGRBT04;Conectividad y Redes > Adaptadores de red;Adaptador Bluetooth Transmisor/Receptor Noga NGRBT04;adaptador bluetooth transmisor receptor;adaptador bluetooth noga, transmisor receptor bluetooth, adaptador bluetooth para tv, noga ngrbt04;Adaptador Bluetooth Transmisor/Receptor Noga NGRBT04;Adaptador Bluetooth Noga NGRBT04, transmisor y receptor de audio. Retiralo en Villa Santa Rosa o pedilo con envío a todo el país.;<p>El Noga NGRBT04 funciona como transmisor y como receptor Bluetooth. Podés conectar auriculares a un equipo sin Bluetooth o darle Bluetooth a un parlante con cable.</p><ul><li>Marca Noga, modelo NGRBT04</li><li>Funciona como transmisor y receptor</li><li>Útil para tele, equipos de audio y parlantes</li></ul><p>Retiralo en nuestro local de Caseros 924, Villa Santa Rosa, Córdoba, o pedilo con envío a todo el país (gratis desde $ 100.000). Escribinos</p>;455
6675;Adaptador receptor Bluetooth USB-05 BQB;Conectividad y Redes > Adaptadores de red;Adaptador Receptor Bluetooth USB-05 BQB;adaptador bluetooth usb;receptor bluetooth usb, adaptador bluetooth para pc, bluetooth usb para computadora, adaptador bluetooth córdoba;Adaptador Receptor Bluetooth USB-05 BQB | Lucas Innovaciones;Adaptador receptor Bluetooth USB-05 BQB para sumar Bluetooth a tu PC. Retiralo en Villa Santa Rosa o pedilo con envío a todo el país.;<p>El adaptador USB-05 BQB se conecta por USB y le agrega Bluetooth a equipos que no lo tienen, como una PC de escritorio.</p><ul><li>Modelo USB-05 BQB</li><li>Conexión por USB</li><li>Para conectar auriculares u otros dispositivos Bluetooth</li></ul><p>Retiralo en nuestro local de Caseros 924, Villa Santa Rosa, Córdoba, o pedilo con envío a todo el país (gratis desde $ 100.000). Escribinos</p>;432
6815;Cable de red 2m;Conectividad y Redes > Routers y WiFi;Cable de Red 2 m;cable de red 2 metros;cable ethernet 2m, cable de red utp, cable de internet 2 metros, cable de red córdoba;Cable de Red 2 m | Lucas Innovaciones;Cable de red de 2 metros para conectar router, PC, consola o tele. Retiralo en Villa Santa Rosa o pedilo con envío a todo el país.;<p>El cable de red de 2 m te permite conectar equipos por cable al router, con una conexión más estable que el Wi-Fi.</p><ul><li>Largo de 2 metros</li><li>Conexión Ethernet</li><li>Para PC, consola, tele o router</li></ul><p>Retiralo en nuestro local de Caseros 924, Villa Santa Rosa, Córdoba, o pedilo con envío a todo el país (gratis desde $ 100.000). Escribinos</p>;365
6705;Estabilizador de tension TRV Powersafe 6 tomas retardo 15 seg;Conectividad y Redes > Reguladores de tensión;Estabilizador de Tensión TRV Powersafe 6 Tomas;estabilizador de tension;estabilizador trv powersafe, estabilizador 6 tomas, estabilizador para pc, estabilizador de tensión córdoba;Estabilizador de Tensión TRV Powersafe 6 Tomas;Estabilizador de tensión TRV Powersafe de 6 tomas con retardo de 15 segundos. Retiralo en Villa Santa Rosa o pedilo con envío a todo el país.;<p>El TRV Powersafe es un estabilizador de tensión que ayuda a proteger computadoras, tele y otros equipos de las variaciones de la corriente.</p><ul><li>Marca TRV, modelo Powersafe</li><li>6 tomas</li><li>Retardo de 15 segundos</li></ul><p>Retiralo en nuestro local de Caseros 924, Villa Santa Rosa, Córdoba, o pedilo con envío a todo el país (gratis desde $ 100.000). Escribinos</p>;431
6558;Extensor Access point MERCUSYS 300mbs;Conectividad y Redes > Routers y WiFi;Extensor Access Point Mercusys 300 Mbps;extensor wifi mercusys;repetidor wifi mercusys, access point mercusys 300mbps, extensor de señal wifi, extensor wifi córdoba;Extensor Access Point Mercusys 300 Mbps | Lucas Innovaciones;Extensor Access Point Mercusys de 300 Mbps para ampliar tu señal Wi-Fi. Retiralo en Villa Santa Rosa o pedilo con envío a todo el país.;<p>El extensor Mercusys amplía la señal de tu Wi-Fi para llegar a zonas de la casa donde la conexión es débil.</p><ul><li>Marca Mercusys</li><li>Velocidad de hasta 300 Mbps</li><li>Funciona también como access point</li></ul><p>Retiralo en nuestro local de Caseros 924, Villa Santa Rosa, Córdoba, o pedilo con envío a todo el país (gratis desde $ 100.000). Escribinos</p>;395
6751;Extensor Access Point TP Link TL WA850RE;Conectividad y Redes > Routers y WiFi;Extensor Access Point TP-Link TL-WA850RE;extensor wifi tp-link;tp-link tl-wa850re, repetidor wifi tp-link, extensor de señal wifi, extensor wifi córdoba;Extensor Access Point TP-Link TL-WA850RE;Extensor Access Point TP-Link TL-WA850RE para ampliar tu señal Wi-Fi. Retiralo en Villa Santa Rosa o pedilo con envío a todo el país.;<p>El TP-Link TL-WA850RE amplía el alcance de tu red Wi-Fi para que la señal llegue a habitaciones y rincones con poca cobertura.</p><ul><li>Marca TP-Link, modelo TL-WA850RE</li><li>Funciona como extensor de la red existente</li><li>Se suma a tu router actual</li></ul><p>Retiralo en nuestro local de Caseros 924, Villa Santa Rosa, Córdoba, o pedilo con envío a todo el país (gratis desde $ 100.000). Escribinos</p>;364
6627;Placa de red Netmak 150mbps;Conectividad y Redes > Adaptadores de red;Placa de Red Netmak 150 Mbps;placa de red netmak;placa de red 150mbps, adaptador de red netmak, placa de red pc, placa de red córdoba;Placa de Red Netmak 150 Mbps | Lucas Innovaciones;Placa de red Netmak de 150 Mbps para conectar tu PC a internet. Retiralo en Villa Santa Rosa o pedilo con envío a todo el país.;<p>La placa de red Netmak de 150 Mbps le da conexión de red a tu computadora para navegar, estudiar y trabajar.</p><ul><li>Marca Netmak</li><li>Velocidad de hasta 150 Mbps</li><li>Para PC o notebook</li></ul><p>Retiralo en nuestro local de Caseros 924, Villa Santa Rosa, Córdoba, o pedilo con envío a todo el país (gratis desde $ 100.000). Escribinos</p>;418
6314;Placa de red usb TP-Link T2U AC600 dual band;Conectividad y Redes > Adaptadores de red;Placa de Red USB TP-Link T2U AC600 Dual Band;placa de red usb tp-link;tp-link archer t2u, adaptador wifi usb ac600, placa wifi usb dual band, placa de red usb córdoba;Placa de Red USB TP-Link T2U AC600 Dual Band;Placa de red USB TP-Link T2U AC600 dual band para sumar Wi-Fi a tu PC. Retiralo en Villa Santa Rosa o pedilo con envío a todo el país.;<p>La TP-Link T2U es una placa de red USB AC600 dual band. Le agrega conexión Wi-Fi a una computadora que no la tiene o mejora la señal.</p><ul><li>Marca TP-Link, modelo T2U</li><li>Estándar AC600 dual band</li><li>Conexión por USB</li></ul><p>Retiralo en nuestro local de Caseros 924, Villa Santa Rosa, Córdoba, o pedilo con envío a todo el país (gratis desde $ 100.000). Escribinos</p>;534
7116;Receptor Adaptador Bluetooth BT DINAX;Conectividad y Redes > Adaptadores de red;Receptor Adaptador Bluetooth Dinax;receptor bluetooth;adaptador bluetooth dinax, receptor bluetooth para parlante, adaptador bluetooth audio, receptor bluetooth córdoba;Receptor Adaptador Bluetooth Dinax | Lucas Innovaciones;Receptor adaptador Bluetooth Dinax para dar Bluetooth a equipos de audio. Retiralo en Villa Santa Rosa o pedilo con envío a todo el país.;<p>El receptor Bluetooth Dinax le agrega conexión inalámbrica a equipos que no la traen, como parlantes o equipos de música con entrada de audio.</p><ul><li>Marca Dinax</li><li>Función de receptor Bluetooth</li><li>Útil para parlantes y equipos de audio</li></ul><p>Retiralo en nuestro local de Caseros 924, Villa Santa Rosa, Córdoba, o pedilo con envío a todo el país (gratis desde $ 100.000). Escribinos</p>;0
6873;Receptor Adaptador Bluetooth BT Netmak Nm bt22;Conectividad y Redes > Adaptadores de red;Receptor Adaptador Bluetooth Netmak NM-BT22;receptor bluetooth netmak;adaptador bluetooth netmak, netmak nm-bt22, receptor bluetooth para parlante, receptor bluetooth córdoba;Receptor Adaptador Bluetooth Netmak NM-BT22;Receptor adaptador Bluetooth Netmak NM-BT22 para equipos de audio con cable. Retiralo en Villa Santa Rosa o pedilo con envío a todo el país.;<p>El Netmak NM-BT22 le da Bluetooth a auriculares o parlantes con cable, así los usás sin enredos con el celular.</p><ul><li>Marca Netmak, modelo NM-BT22</li><li>Función de receptor Bluetooth</li><li>Para equipos de audio con cable</li></ul><p>Retiralo en nuestro local de Caseros 924, Villa Santa Rosa, Córdoba, o pedilo con envío a todo el país (gratis desde $ 100.000). Escribinos</p>;354
6318;Regulador de tensión TRV Micro Volt;Conectividad y Redes > Reguladores de tensión;Regulador de Tensión TRV Micro Volt;regulador de tension;regulador de voltaje trv, trv micro volt, regulador de tensión para pc, regulador de tensión córdoba;Regulador de Tensión TRV Micro Volt | Lucas Innovaciones;Regulador de tensión TRV Micro Volt para proteger tus equipos electrónicos. Retiralo en Villa Santa Rosa o pedilo con envío a todo el país.;<p>El TRV Micro Volt es un regulador de tensión para proteger equipos electrónicos de las variaciones de la corriente eléctrica.</p><ul><li>Marca TRV, modelo Micro Volt</li><li>Pensado para computadoras y electrónicos</li><li>Para uso en casa u oficina</li></ul><p>Retiralo en nuestro local de Caseros 924, Villa Santa Rosa, Córdoba, o pedilo con envío a todo el país (gratis desde $ 100.000). Escribinos</p>;491
6828;Router Access Point TP LINK Deco E4 AC1200;Conectividad y Redes > Routers y WiFi;Router Access Point TP-Link Deco E4 AC1200;router mesh tp-link deco e4;tp-link deco e4, sistema wifi mesh, deco e4 ac1200, router mesh córdoba;Router Access Point TP-Link Deco E4 AC1200;Router Access Point TP-Link Deco E4 AC1200, sistema Wi-Fi mesh para el hogar. Retiralo en Villa Santa Rosa o pedilo con envío a todo el país.;<p>El TP-Link Deco E4 es un sistema Wi-Fi mesh que ayuda a cubrir toda la casa con una sola red.</p><ul><li>Marca TP-Link, modelo Deco E4</li><li>Velocidad AC1200</li><li>Sistema mesh para todo el hogar</li></ul><p>Retiralo en nuestro local de Caseros 924, Villa Santa Rosa, Córdoba, o pedilo con envío a todo el país (gratis desde $ 100.000). Escribinos</p>;542
6829;Router Access Point TP LINK Deco X10 AX1500;Conectividad y Redes > Routers y WiFi;Router Access Point TP-Link Deco X10 AX1500;router mesh tp-link deco x10;tp-link deco x10, wifi 6 mesh, deco x10 ax1500, router mesh wifi 6 córdoba;Router Access Point TP-Link Deco X10 AX1500;Router Access Point TP-Link Deco X10 AX1500, sistema Wi-Fi 6 mesh para el hogar. Retiralo en Villa Santa Rosa o pedilo con envío a todo el país.;<p>El TP-Link Deco X10 es un sistema mesh con Wi-Fi 6 para tener buena señal en toda la casa con una sola red.</p><ul><li>Marca TP-Link, modelo Deco X10</li><li>Wi-Fi 6 AX1500</li><li>Sistema mesh para todo el hogar</li></ul><p>Retiralo en nuestro local de Caseros 924, Villa Santa Rosa, Córdoba, o pedilo con envío a todo el país (gratis desde $ 100.000). Escribinos</p>;531
6315;Router Linsys e900;Conectividad y Redes > Routers y WiFi;Router Linksys E900;router linksys e900;linksys e900, router wifi linksys, router linksys precio, router wifi córdoba;Router Linksys E900 | Lucas Innovaciones;Router Wi-Fi Linksys E900 para armar la red de tu casa o negocio. Retiralo en Villa Santa Rosa o pedilo con envío a todo el país.;<p>El Linksys E900 es un router Wi-Fi para distribuir internet en tu casa y conectar celulares, notebooks y la tele.</p><ul><li>Marca Linksys, modelo E900</li><li>Router Wi-Fi para el hogar</li><li>Para celulares, notebooks y smart TV</li></ul><p>Retiralo en nuestro local de Caseros 924, Villa Santa Rosa, Córdoba, o pedilo con envío a todo el país (gratis desde $ 100.000). Escribinos</p>;420
6316;Router Noga 300 Mbps;Conectividad y Redes > Routers y WiFi;Router Noga 300 Mbps;router wifi noga;router noga 300mbps, router wifi 300 mbps, router inalambrico noga, router wifi córdoba;Router Noga 300 Mbps | Lucas Innovaciones;Router Wi-Fi Noga de 300 Mbps para tu casa o negocio. Retiralo en nuestro local de Villa Santa Rosa, Córdoba, o pedilo con envío a todo el país.;<p>El router Noga de 300 Mbps distribuye internet por Wi-Fi para conectar celulares, notebooks y la tele en tu casa.</p><ul><li>Marca Noga</li><li>Velocidad de hasta 300 Mbps</li><li>Para uso en el hogar</li></ul><p>Retiralo en nuestro local de Caseros 924, Villa Santa Rosa, Córdoba, o pedilo con envío a todo el país (gratis desde $ 100.000). Escribinos</p>;454
6614;Router TP-Link Archer C24 AC750;Conectividad y Redes > Routers y WiFi;Router TP-Link Archer C24 AC750;router tp-link archer c24;tp-link archer c24, router wifi ac750, router dual band tp-link, router tp-link córdoba;Router TP-Link Archer C24 AC750 | Lucas Innovaciones;Router TP-Link Archer C24 AC750 dual band para tu Wi-Fi en casa. Retiralo en Villa Santa Rosa o pedilo con envío a todo el país.;<p>El TP-Link Archer C24 es un router Wi-Fi dual band AC750 para conectar todos los dispositivos de tu casa.</p><ul><li>Marca TP-Link, modelo Archer C24</li><li>Estándar AC750 dual band</li><li>Para celulares, notebooks y smart TV</li></ul><p>Retiralo en nuestro local de Caseros 924, Villa Santa Rosa, Córdoba, o pedilo con envío a todo el país (gratis desde $ 100.000). Escribinos</p>;471
6479;Router TP-Link Archer C86;Conectividad y Redes > Routers y WiFi;Router TP-Link Archer C86;router tp-link archer c86;tp-link archer c86, router wifi ac1900, router tp-link gamer, router tp-link córdoba;Router TP-Link Archer C86 | Lucas Innovaciones;Router TP-Link Archer C86 AC1900 dual band para tu Wi-Fi en casa. Retiralo en Villa Santa Rosa o pedilo con envío a todo el país.;<p>El TP-Link Archer C86 es un router Wi-Fi dual band AC1900 para trabajar, estudiar y mirar series sin cortes.</p><ul><li>Marca TP-Link, modelo Archer C86</li><li>Estándar AC1900 dual band</li><li>Para varios dispositivos a la vez</li></ul><p>Retiralo en nuestro local de Caseros 924, Villa Santa Rosa, Córdoba, o pedilo con envío a todo el país (gratis desde $ 100.000). Escribinos</p>;547
6655;Switch TP LINK TL SD1009D 8 Puertos;Conectividad y Redes > Switches y red;Switch TP-Link TL-SD1009D de 8 Puertos;switch tp-link 8 puertos;tp-link tl-sd1009d, switch de red 8 puertos, switch ethernet, switch de red córdoba;Switch TP-Link TL-SD1009D de 8 Puertos | Lucas Innovaciones;Switch TP-Link TL-SD1009D de 8 puertos para ampliar tu red por cable. Retiralo en Villa Santa Rosa o pedilo con envío a todo el país.;<p>El switch TP-Link de 8 puertos te permite conectar más equipos por cable a tu red, como PC, impresora o consola.</p><ul><li>Marca TP-Link, modelo TL-SD1009D</li><li>8 puertos de red</li><li>Para casa, oficina o negocio</li></ul><p>Retiralo en nuestro local de Caseros 924, Villa Santa Rosa, Córdoba, o pedilo con envío a todo el país (gratis desde $ 100.000). Escribinos</p>;384
6613;Afeitadora Philco 3 cabezas AE 5105pp;Electrodomésticos > Cuidado personal;Afeitadora Philco 3 Cabezas AE 5105PP;afeitadora philco;philco ae 5105pp, afeitadora eléctrica 3 cabezas, máquina de afeitar philco, afeitadora philco córdoba;Afeitadora Philco 3 Cabezas AE 5105PP | Lucas Innovaciones;Afeitadora Philco de 3 cabezas AE 5105PP para el afeitado diario. Retiralo en Villa Santa Rosa o pedilo con envío a todo el país.;<p>La afeitadora Philco AE 5105PP tiene tres cabezas de corte y sirve para el afeitado diario.</p><ul><li>Marca Philco, modelo AE 5105PP</li><li>3 cabezas de afeitado</li><li>Para el cuidado personal</li></ul><p>Retiralo en nuestro local de Caseros 924, Villa Santa Rosa, Córdoba, o pedilo con envío a todo el país (gratis desde $ 100.000). Escribinos</p>;396
6396;Philips shaver 1000;Electrodomésticos > Cocina;Afeitadora Philips Shaver 1000;afeitadora philips shaver 1000;philips shaver 1000, afeitadora eléctrica philips, máquina de afeitar philips, afeitadora philips córdoba;Afeitadora Philips Shaver 1000 | Lucas Innovaciones;Afeitadora Philips Shaver 1000 para tu rutina de afeitado. Retiralo en Villa Santa Rosa o pedilo con envío a todo el país.;<p>La Philips Shaver 1000 es una afeitadora eléctrica para el afeitado diario.</p><ul><li>Marca Philips, línea Shaver 1000</li><li>Afeitadora eléctrica</li><li>Para el cuidado personal</li></ul><p>Retiralo en nuestro local de Caseros 924, Villa Santa Rosa, Córdoba, o pedilo con envío a todo el país (gratis desde $ 100.000). Escribinos</p>;375
6700;Aire acondicionado Hyundai Inverter HY10INV-5000FC;Electrodomésticos > Climatización;Aire Acondicionado Hyundai Inverter HY10INV-5000FC;aire acondicionado hyundai inverter;aire hyundai inverter, hyundai hy10inv-5000fc, aire acondicionado inverter, aire acondicionado córdoba;Aire Acondicionado Hyundai Inverter HY10INV-5000FC;Aire acondicionado Hyundai Inverter HY10INV-5000FC para tu hogar. Retiralo en Villa Santa Rosa o pedilo con envío a todo el país.;<p>El Hyundai HY10INV-5000FC es un aire acondicionado con tecnología inverter para climatizar los ambientes de tu casa.</p><ul><li>Marca Hyundai, modelo HY10INV-5000FC</li><li>Tecnología inverter</li><li>Equipo split para el hogar</li></ul><p>Retiralo en nuestro local de Caseros 924, Villa Santa Rosa, Córdoba, o pedilo con envío a todo el país (gratis desde $ 100.000). Escribinos</p>;524
8426;Aire Acondicionado TCL 6500w;Electrodomésticos > Climatización;Aire Acondicionado TCL 6500 W;aire acondicionado tcl;aire tcl 6500w, aire acondicionado split tcl, aire acondicionado 6500 w, aire acondicionado tcl córdoba;Aire Acondicionado TCL 6500 W | Lucas Innovaciones;Aire acondicionado TCL de 6500 W para climatizar tu casa. Retiralo en Villa Santa Rosa o pedilo con envío a todo el país.;<p>El aire acondicionado TCL de 6500 W sirve para climatizar ambientes de tu hogar o de tu negocio.</p><ul><li>Marca TCL</li><li>Potencia de 6500 W</li><li>Equipo split para el hogar</li></ul><p>Retiralo en nuestro local de Caseros 924, Villa Santa Rosa, Córdoba, o pedilo con envío a todo el país (gratis desde $ 100.000). Escribinos</p>;0
6399;Balanza de cocina;Electrodomésticos > Cocina;Balanza de Cocina Digital;balanza de cocina;balanza digital de cocina, balanza para cocinar, balanza de cocina precio, balanza de cocina córdoba;Balanza de Cocina Digital | Lucas Innovaciones;Balanza de cocina para pesar ingredientes y porciones con precisión. Retiralo en Villa Santa Rosa o pedilo con envío a todo el país.;<p>La balanza de cocina te ayuda a medir ingredientes y porciones para que tus recetas salgan bien.</p><ul><li>Útil para recetas y repostería</li><li>Compacta, fácil de guardar</li><li>Ideal para controlar porciones</li></ul><p>Retiralo en nuestro local de Caseros 924, Villa Santa Rosa, Córdoba, o pedilo con envío a todo el país (gratis desde $ 100.000). Escribinos</p>;425
6384;Bar set M777;Electrodomésticos > Cocina;Bar Set M777;bar set coctelería;set de coctelería, bar set m777, kit para tragos, bar set córdoba;Bar Set M777 | Lucas Innovaciones;Bar set M777 con herramientas para preparar tragos y cócteles en casa. Retiralo en Villa Santa Rosa o pedilo con envío a todo el país.;<p>El bar set M777 reúne herramientas de coctelería para preparar tragos en casa, ya sea para una juntada o para regalar.</p><ul><li>Modelo M777</li><li>Set de herramientas de bar</li><li>Ideal para juntadas y regalos</li></ul><p>Retiralo en nuestro local de Caseros 924, Villa Santa Rosa, Córdoba, o pedilo con envío a todo el país (gratis desde $ 100.000). Escribinos</p>;482
6383;Daewoo Hand mixer DHM - 208;Electrodomésticos > Cocina;Batidora de Mano Daewoo DHM-208;batidora de mano daewoo;hand mixer daewoo, daewoo dhm-208, batidora de mano, batidora de mano córdoba;Batidora de Mano Daewoo DHM-208 | Lucas Innovaciones;Batidora de mano Daewoo DHM-208 para mezclar y batir en la cocina. Retiralo en Villa Santa Rosa o pedilo con envío a todo el país.;<p>La batidora de mano Daewoo DHM-208 sirve para batir claras, cremas y masas livianas sin hacerlo a mano.</p><ul><li>Marca Daewoo, modelo DHM-208</li><li>Batidora de mano (hand mixer)</li><li>Para postres, cremas y masas</li></ul><p>Retiralo en nuestro local de Caseros 924, Villa Santa Rosa, Córdoba, o pedilo con envío a todo el país (gratis desde $ 100.000). Escribinos</p>;351
6391;Daewoo cafetera CM6316B;Electrodomésticos > Cocina;Cafetera Daewoo CM6316B;cafetera daewoo;cafetera eléctrica daewoo, daewoo cm6316b, cafetera de filtro, cafetera córdoba;Cafetera Daewoo CM6316B | Lucas Innovaciones;Cafetera Daewoo CM6316B para preparar café en casa o en la oficina. Retiralo en Villa Santa Rosa o pedilo con envío a todo el país.;<p>La cafetera Daewoo CM6316B prepara café para compartir en casa o en la oficina.</p><ul><li>Marca Daewoo, modelo CM6316B</li><li>Cafetera eléctrica</li><li>Para desayunos y meriendas</li></ul><p>Retiralo en nuestro local de Caseros 924, Villa Santa Rosa, Córdoba, o pedilo con envío a todo el país (gratis desde $ 100.000). Escribinos</p>;444
7995;Calefactor Convector EMBASSY EMS2000 2000w;Electrodomésticos > Climatización;Calefactor Convector Embassy EMS2000 2000 W;calefactor convector;calefactor embassy, embassy ems2000, calefactor eléctrico 2000w, calefactor córdoba;Calefactor Convector Embassy EMS2000 2000 W;Calefactor convector Embassy EMS2000 de 2000 W para calefaccionar ambientes. Retiralo en Villa Santa Rosa o pedilo con envío a todo el país.;<p>El Embassy EMS2000 es un calefactor convector eléctrico para dar calor a tu dormitorio, living o oficina en los días fríos.</p><ul><li>Marca Embassy, modelo EMS2000</li><li>Potencia de 2000 W</li><li>Calefactor eléctrico tipo convector</li></ul><p>Retiralo en nuestro local de Caseros 924, Villa Santa Rosa, Córdoba, o pedilo con envío a todo el país (gratis desde $ 100.000). Escribinos</p>;0
7515;Caloventor Oryx 2000w;Electrodomésticos > Climatización;Caloventor Oryx 2000 W;caloventor oryx;caloventor 2000w, caloventor redondo, caloventor eléctrico, caloventor córdoba;Caloventor Oryx 2000 W | Lucas Innovaciones;Caloventor Oryx de 2000 W para dar calor rápido en ambientes chicos. Retiralo en Villa Santa Rosa o pedilo con envío a todo el país.;<p>El caloventor Oryx de 2000 W tiene forma redonda y compacta. Es práctico para calefaccionar un ambiente pequeño.</p><ul><li>Marca Oryx</li><li>Potencia de 2000 W</li><li>Forma redonda y compacta</li></ul><p>Retiralo en nuestro local de Caseros 924, Villa Santa Rosa, Córdoba, o pedilo con envío a todo el país (gratis desde $ 100.000). Escribinos</p>;432
6397;Philco corta pelo;Electrodomésticos > Cuidado personal;Corta Pelo Philco;corta pelo philco;maquina de cortar pelo philco, cortadora de pelo philco, cortapelo, corta pelo córdoba;Corta Pelo Philco | Lucas Innovaciones;Corta pelo Philco para cortes y retoques en casa. Retiralo en nuestro local de Villa Santa Rosa, Córdoba, o pedilo con envío a todo el país.;<p>El corta pelo Philco es una máquina eléctrica para cortar el pelo y arreglar la barba en casa.</p><ul><li>Marca Philco</li><li>Corta pelo eléctrico</li><li>Para pelo y barba</li></ul><p>Retiralo en nuestro local de Caseros 924, Villa Santa Rosa, Córdoba, o pedilo con envío a todo el país (gratis desde $ 100.000). Escribinos</p>;403
6684;Cortadora de pelo vintage T9;Electrodomésticos > Cocina;Cortadora de Pelo Vintage T9;cortadora de pelo vintage t9;maquina de cortar pelo vintage, cortadora de pelo t9, patillera vintage, cortadora de pelo córdoba;Cortadora de Pelo Vintage T9 | Lucas Innovaciones;Cortadora de pelo Vintage T9 para cortes y retoques en casa. Retiralo en Villa Santa Rosa o pedilo con envío a todo el país.;<p>La cortadora de pelo Vintage T9 sirve para cortes y retoques de pelo y barba, con diseño estilo retro.</p><ul><li>Modelo Vintage T9</li><li>Diseño estilo retro</li><li>Para cortes y retoques en casa</li></ul><p>Retiralo en nuestro local de Caseros 924, Villa Santa Rosa, Córdoba, o pedilo con envío a todo el país (gratis desde $ 100.000). Escribinos</p>;409
6394;GA.MA cortapelo gt 430;Electrodomésticos > Cuidado personal;Cortapelo Gama GT 430;cortapelo gama;gama gt 430, cortadora de pelo gama, máquina de cortar pelo, cortapelo córdoba;Cortapelo Gama GT 430 | Lucas Innovaciones;Cortapelo Gama GT 430 para cortes de pelo y barba en casa. Retiralo en Villa Santa Rosa o pedilo con envío a todo el país.;<p>El cortapelo Gama GT 430 sirve para cortarte el pelo o arreglarte la barba sin ir a la peluquería.</p><ul><li>Marca Gama, modelo GT 430</li><li>Cortapelo eléctrico</li><li>Para pelo y barba</li></ul><p>Retiralo en nuestro local de Caseros 924, Villa Santa Rosa, Córdoba, o pedilo con envío a todo el país (gratis desde $ 100.000). Escribinos</p>;395
6393;Winco cortapelo;Electrodomésticos > Cuidado personal;Cortapelo Winco;cortapelo winco;cortadora de pelo, máquina de cortar el pelo, cortapelo eléctrico, cortapelo córdoba;Cortapelo Winco | Lucas Innovaciones;Cortapelo Winco para hacerte cortes en casa de forma práctica, sin ir a la barbería a cada rato. Atendemos en Caseros 924, Córdoba.;<p>El cortapelo Winco es una máquina práctica para cortarte el pelo en casa y mantener el look entre visitas a la barbería.</p><ul><li>Marca Winco</li><li>Pensado para cortes prolijos en casa</li><li>Fácil de usar y de mantener</li><li>Útil para toda la familia</li></ul><p>Retirá en nuestro local de Caseros 924, Villa Santa Rosa, Córdoba, o pedilo con envío a todo el país.</p>;369
6388;EcoSmart mini pimer;Electrodomésticos > Cocina;EcoSmart Mini Pimer;ecosmart mini pimer;mini pimer ecosmart, ecosmart cocina, artefacto ecosmart, ecosmart córdoba;EcoSmart Mini Pimer | Lucas Innovaciones;EcoSmart Mini Pimer, artefacto compacto de cocina. Retiralo en nuestro local de Villa Santa Rosa, Córdoba, o pedilo con envío a todo el país.;<p>El EcoSmart Mini Pimer es un artefacto compacto de la marca EcoSmart para tener en la cocina.</p><ul><li>Marca EcoSmart</li><li>Formato mini y compacto</li><li>Para uso en el hogar</li></ul><p>Retiralo en nuestro local de Caseros 924, Villa Santa Rosa, Córdoba, o pedilo con envío a todo el país (gratis desde $ 100.000). Escribinos</p>;404
6940;Estufa de cuarzo halógena OR YX CH003 400/800w;Electrodomésticos > Limpieza y hogar;Estufa de Cuarzo Halógena OR YX CH003 400/800 W;estufa de cuarzo halogena;estufa halógena 800w, estufa eléctrica de cuarzo, estufa de cuarzo precio, estufa halógena córdoba;Estufa de Cuarzo Halógena OR YX CH003 400/800 W;Estufa de cuarzo halógena de 400/800 W con dos niveles de potencia, para dar calor rápido donde la necesites. Atendemos en Caseros 924, Córdoba.;<p>Estufa de cuarzo halógena modelo YX CH003 con dos niveles de potencia, ideal para calentar un ambiente puntual cuando hace frío.</p><ul><li>Dos potencias: 400 W y 800 W</li><li>Calor inmediato al encenderla</li><li>Formato compacto, fácil de guardar</li><li>Modelo OR YX CH003</li></ul><p>Retirá en nuestro local de Caseros 924, Villa Santa Rosa, Córdoba, o pedilo con envío a todo el país.</p>;493
6377;Atma Exprimidor EX8225E;Electrodomésticos > Cocina;Exprimidor Atma EX8225E;exprimidor atma;exprimidor eléctrico, atma ex8225e, exprimidor de jugo, exprimidor córdoba;Exprimidor Atma EX8225E | Lucas Innovaciones;Exprimidor Atma EX8225E para preparar jugo de frutas cítricas. Retiralo en Villa Santa Rosa o pedilo con envío a todo el país.;<p>El exprimidor eléctrico Atma EX8225E te ayuda a preparar jugo fresco en casa sin exprimir a mano.</p><ul><li>Marca Atma, modelo EX8225E</li><li>Exprimidor eléctrico</li><li>Para desayunos y meriendas</li></ul><p>Retiralo en nuestro local de Caseros 924, Villa Santa Rosa, Córdoba, o pedilo con envío a todo el país (gratis desde $ 100.000). Escribinos</p>;494
6402;Atma extractor de jugo EX8235N;Electrodomésticos > Cocina;Extractor de Jugo Atma EX8235N;extractor de jugo atma;extractor de jugos, atma ex8235n, juguera atma, extractor de jugo córdoba;Extractor de Jugo Atma EX8235N | Lucas Innovaciones;Extractor de jugo Atma EX8235N para preparar jugos de frutas y verduras. Retiralo en Villa Santa Rosa o pedilo con envío a todo el país.;<p>El extractor de jugo Atma EX8235N sirve para preparar jugos naturales de frutas y verduras en tu cocina.</p><ul><li>Marca Atma, modelo EX8235N</li><li>Extractor de jugo eléctrico</li><li>Para jugos naturales en casa</li></ul><p>Retiralo en nuestro local de Caseros 924, Villa Santa Rosa, Córdoba, o pedilo con envío a todo el país (gratis desde $ 100.000). Escribinos</p>;419
6758;Horno Electrico WESTINGHOUSE 38L;Electrodomésticos > Cocina;Horno Eléctrico Westinghouse 38 L;horno electrico westinghouse;horno eléctrico 38 litros, horno westinghouse, horno eléctrico de mesada, horno eléctrico córdoba;Horno Eléctrico Westinghouse 38 L | Lucas Innovaciones;Horno eléctrico Westinghouse de 38 litros para cocinar en casa. Retiralo en Villa Santa Rosa o pedilo con envío a todo el país.;<p>El horno eléctrico Westinghouse de 38 litros es práctico para cocinar sin prender el horno de la cocina.</p><ul><li>Marca Westinghouse</li><li>Capacidad de 38 litros</li><li>Horno eléctrico de mesada</li></ul><p>Retiralo en nuestro local de Caseros 924, Villa Santa Rosa, Córdoba, o pedilo con envío a todo el país (gratis desde $ 100.000). Escribinos</p>;480
6818;Licuadora KANJI vidrio 1,5l BL0600 600w 2 en 1;Electrodomésticos > Cocina;Licuadora Kanji BL0600 600 W 2 en 1 con Vaso de Vidrio 1,5 L;licuadora kanji;licuadora kanji bl0600, licuadora vaso de vidrio, licuadora 600w, licuadora córdoba;Licuadora Kanji BL0600 600 W 2 en 1 con Vaso de Vidrio 1,5 L;Licuadora Kanji BL0600 de 600 W con vaso de vidrio de 1,5 litros. Retiralo en Villa Santa Rosa o pedilo con envío a todo el país.;<p>La licuadora Kanji BL0600 es un equipo 2 en 1 para preparar licuados, jugos y salsas en casa.</p><ul><li>Marca Kanji, modelo BL0600</li><li>Potencia de 600 W</li><li>Vaso de vidrio de 1,5 litros</li></ul><p>Retiralo en nuestro local de Caseros 924, Villa Santa Rosa, Córdoba, o pedilo con envío a todo el país (gratis desde $ 100.000). Escribinos</p>;554
6824;Maquina corta pelo GAMA GC-542;Electrodomésticos > Cuidado personal;Máquina Corta Pelo Gama GC-542;maquina de cortar pelo gama;gama gc-542, cortapelo gama, cortadora de pelo, máquina de cortar pelo córdoba;Máquina Corta Pelo Gama GC-542 | Lucas Innovaciones;Máquina corta pelo Gama GC-542 para cortes en casa. Retiralo en nuestro local de Villa Santa Rosa, Córdoba, o pedilo con envío a todo el país.;<p>La Gama GC-542 es una máquina corta pelo para hacer cortes y retoques de pelo y barba en casa.</p><ul><li>Marca Gama, modelo GC-542</li><li>Máquina eléctrica para cortar pelo</li><li>Para uso personal o familiar</li></ul><p>Retiralo en nuestro local de Caseros 924, Villa Santa Rosa, Córdoba, o pedilo con envío a todo el país (gratis desde $ 100.000). Escribinos</p>;389
6387;Oryx Mixer HB-6005;Electrodomésticos > Cocina;Mixer Oryx HB-6005;mixer oryx;oryx hb-6005, mixer de mano, minipimer oryx, mixer córdoba;Mixer Oryx HB-6005 | Lucas Innovaciones;Mixer Oryx HB-6005 para licuar, mezclar y preparar sopas y salsas. Retiralo en Villa Santa Rosa o pedilo con envío a todo el país.;<p>El mixer Oryx HB-6005 es una herramienta de mano para triturar y mezclar directamente en la olla o el vaso.</p><ul><li>Marca Oryx, modelo HB-6005</li><li>Mixer de mano</li><li>Para sopas, salsas y batidos</li></ul><p>Retiralo en nuestro local de Caseros 924, Villa Santa Rosa, Córdoba, o pedilo con envío a todo el país (gratis desde $ 100.000). Escribinos</p>;451
6406;Onica molinillo eléctrico de café;Electrodomésticos > Cocina;Molinillo Eléctrico de Café Onica;molinillo de cafe electrico;molinillo onica, moledor de café, molinillo de café, molinillo de café córdoba;Molinillo Eléctrico de Café Onica | Lucas Innovaciones;Molinillo eléctrico de café Onica para moler tus granos en casa. Retiralo en Villa Santa Rosa o pedilo con envío a todo el país.;<p>El molinillo eléctrico Onica te permite moler los granos de café justo antes de prepararlo.</p><ul><li>Marca Onica</li><li>Molinillo eléctrico</li><li>Para granos de café</li></ul><p>Retiralo en nuestro local de Caseros 924, Villa Santa Rosa, Córdoba, o pedilo con envío a todo el país (gratis desde $ 100.000). Escribinos</p>;434
6390;Tought mama panchera;Electrodomésticos > Cocina;Panchera Tought Mama;panchera electrica;panchera tought mama, maquina de panchos, panchera, panchera córdoba;Panchera Tought Mama | Lucas Innovaciones;Panchera Tought Mama para hacer panchos en casa. Retiralo en nuestro local de Villa Santa Rosa, Córdoba, o pedilo con envío a todo el país.;<p>La panchera Tought Mama sirve para preparar panchos en casa, ideal para juntadas y comidas rápidas.</p><ul><li>Marca Tought Mama</li><li>Panchera para hot dogs</li><li>Práctica para comidas rápidas</li></ul><p>Retiralo en nuestro local de Caseros 924, Villa Santa Rosa, Córdoba, o pedilo con envío a todo el país (gratis desde $ 100.000). Escribinos</p>;410
6827;Panquequera eléctrica ORYX;Electrodomésticos > Cocina;Panquequera Eléctrica Oryx;panquequera electrica;panquequera oryx, máquina de panqueques, panquequera, panquequera córdoba;Panquequera Eléctrica Oryx | Lucas Innovaciones;Panquequera eléctrica Oryx para hacer panqueques en casa. Retiralo en Villa Santa Rosa o pedilo con envío a todo el país.;<p>La panquequera eléctrica Oryx te permite hacer panqueques para el desayuno o la merienda.</p><ul><li>Marca Oryx</li><li>Panquequera eléctrica</li><li>Ideal para desayunos y meriendas</li></ul><p>Retiralo en nuestro local de Caseros 924, Villa Santa Rosa, Córdoba, o pedilo con envío a todo el país (gratis desde $ 100.000). Escribinos</p>;435
6408;Bomn pava eléctrica;Electrodomésticos > Cocina;Pava Eléctrica Bomn;pava electrica;pava eléctrica bomn, pava electrica para mate, pava eléctrica precio, pava eléctrica córdoba;Pava Eléctrica Bomn | Lucas Innovaciones;Pava eléctrica Bomn para calentar agua rápido para mate, té o café. Retiralo en Villa Santa Rosa o pedilo con envío a todo el país.;<p>La pava eléctrica Bomn calienta agua sin usar la hornalla. Es práctica para el mate, el té y el café.</p><ul><li>Marca Bomn</li><li>Pava eléctrica para uso diario</li><li>Ideal para la cocina y la oficina</li></ul><p>Retiralo en nuestro local de Caseros 924, Villa Santa Rosa, Córdoba, o pedilo con envío a todo el país (gratis desde $ 100.000). Escribinos</p>;345
6405;OSR pava eléctrica;Electrodomésticos > Cocina;Pava Eléctrica OSR;pava electrica osr;pava eléctrica, pava eléctrica para mate, osr pava, pava eléctrica córdoba;Pava Eléctrica OSR | Lucas Innovaciones;Pava eléctrica OSR para calentar agua rápido para mate, té o café. Retiralo en Villa Santa Rosa o pedilo con envío a todo el país.;<p>La pava eléctrica OSR calienta agua sin usar la hornalla. Es práctica para el mate, el té y el café.</p><ul><li>Marca OSR</li><li>Pava eléctrica para uso diario</li><li>Ideal para la cocina y la oficina</li></ul><p>Retiralo en nuestro local de Caseros 924, Villa Santa Rosa, Córdoba, o pedilo con envío a todo el país (gratis desde $ 100.000). Escribinos</p>;381
6855;Pava electrica Ultracomb corte mate;Electrodomésticos > Cocina;Pava Eléctrica Ultracomb con Corte Mate;pava electrica ultracomb;pava ultracomb corte mate, pava eléctrica para mate, ultracomb pava, pava eléctrica córdoba;Pava Eléctrica Ultracomb con Corte Mate | Lucas Innovaciones;Pava eléctrica Ultracomb con corte mate para calentar agua a la temperatura justa. Retiralo en Villa Santa Rosa o pedilo con envío a todo el país.;<p>La pava eléctrica Ultracomb con función de corte mate te sirve para calentar agua para el mate.</p><ul><li>Marca Ultracomb</li><li>Función de corte mate</li><li>Ideal para mate, té y café</li></ul><p>Retiralo en nuestro local de Caseros 924, Villa Santa Rosa, Córdoba, o pedilo con envío a todo el país (gratis desde $ 100.000). Escribinos</p>;395
6386;Picadora de verduras;Electrodomésticos > Cocina;Picadora de Verduras;picadora de verduras;picadora eléctrica, picadora de alimentos, picadora de cocina, picadora de verduras córdoba;Picadora de Verduras | Lucas Innovaciones;Picadora de verduras para cortar y picar alimentos más rápido. Retiralo en Villa Santa Rosa o pedilo con envío a todo el país.;<p>La picadora de verduras te ayuda a picar cebolla, ajo y otros alimentos más rápido que con cuchillo.</p><ul><li>Útil para verduras y otros alimentos</li><li>Compacta, ocupa poco lugar</li><li>Práctica para cocinar a diario</li></ul><p>Retiralo en nuestro local de Caseros 924, Villa Santa Rosa, Córdoba, o pedilo con envío a todo el país (gratis desde $ 100.000). Escribinos</p>;460
6681;Plancha cabello ALLURE PL1010AP anti-frizz 230°;Electrodomésticos > Cuidado personal;Plancha de Cabello Allure PL1010AP Anti-Frizz 230 °C;plancha de pelo allure;allure pl1010ap, planchita anti frizz, plancha de cabello 230 grados, plancha de pelo córdoba;Plancha de Cabello Allure PL1010AP Anti-Frizz 230 °C;Plancha de cabello Allure PL1010AP anti-frizz de hasta 230 °C. Retiralo en Villa Santa Rosa o pedilo con envío a todo el país.;<p>La plancha de cabello Allure PL1010AP sirve para alisar el pelo en casa y está pensada para reducir el frizz.</p><ul><li>Marca Allure, modelo PL1010AP</li><li>Función anti-frizz</li><li>Temperatura de hasta 230 °C</li></ul><p>Retiralo en nuestro local de Caseros 924, Villa Santa Rosa, Córdoba, o pedilo con envío a todo el país (gratis desde $ 100.000). Escribinos</p>;463
6720;Plancha de cabello Atma PL8933P;Electrodomésticos > Cuidado personal;Plancha de Cabello Atma PL8933P;plancha de pelo atma;atma pl8933p, planchita atma, plancha de cabello atma, plancha de pelo córdoba;Plancha de Cabello Atma PL8933P | Lucas Innovaciones;Plancha de cabello Atma PL8933P para alisar en casa. Retiralo en nuestro local de Villa Santa Rosa, Córdoba, o pedilo con envío a todo el país.;<p>La plancha de cabello Atma PL8933P te sirve para alisar el pelo en casa y lucirlo prolijo en el día a día.</p><ul><li>Marca Atma, modelo PL8933P</li><li>Plancha de cabello</li><li>Para uso personal</li></ul><p>Retiralo en nuestro local de Caseros 924, Villa Santa Rosa, Córdoba, o pedilo con envío a todo el país (gratis desde $ 100.000). Escribinos</p>;443
6723;Plancha de cabello de bolsillo economica;Electrodomésticos > Cuidado personal;Plancha de Cabello de Bolsillo;plancha de pelo de bolsillo;planchita mini, plancha de cabello chica, plancha de pelo portátil, plancha de pelo córdoba;Plancha de Cabello de Bolsillo | Lucas Innovaciones;Plancha de cabello de bolsillo, chica para llevar a todos lados. Retiralo en Villa Santa Rosa o pedilo con envío a todo el país.;<p>La plancha de cabello de bolsillo es chica y fácil de llevar en la cartera o la valija, para retoques rápidos.</p><ul><li>Tamaño de bolsillo</li><li>Fácil de llevar</li><li>Ideal para retoques rápidos</li></ul><p>Retiralo en nuestro local de Caseros 924, Villa Santa Rosa, Córdoba, o pedilo con envío a todo el país (gratis desde $ 100.000). Escribinos</p>;409
6721;Plancha de cabello Gama Bella Tourmaline Red Ion;Electrodomésticos > Cuidado personal;Plancha de Cabello Gama Bella Tourmaline Red Ion;plancha de pelo gama bella;gama bella tourmaline red ion, planchita gama, plancha de cabello con turmalina, plancha de pelo córdoba;Plancha de Cabello Gama Bella Tourmaline Red Ion;Plancha de cabello Gama Bella Tourmaline Red Ion para alisar en casa. Retiralo en Villa Santa Rosa o pedilo con envío a todo el país.;<p>La plancha Gama Bella Tourmaline Red Ion es una plancha de cabello con tecnología ion y turmalina para alisar en casa.</p><ul><li>Marca Gama, línea Bella</li><li>Tecnología Tourmaline Ion</li><li>Diseño en color rojo</li></ul><p>Retiralo en nuestro local de Caseros 924, Villa Santa Rosa, Córdoba, o pedilo con envío a todo el país (gratis desde $ 100.000). Escribinos</p>;461
6680;Plancha cabello GAMA Elegance Bella Tourmaline Red ION;Electrodomésticos > Cuidado personal;Plancha de Cabello Gama Elegance Bella Tourmaline Red Ion;plancha de pelo gama;gama bella tourmaline, planchita gama ion, plancha de cabello con turmalina, plancha de pelo córdoba;Plancha de Cabello Gama Elegance Bella Tourmaline Red Ion;Plancha de cabello Gama Elegance Bella Tourmaline Red Ion para alisar en casa. Retiralo en Villa Santa Rosa o pedilo con envío a todo el país.;<p>La plancha Gama Elegance Bella Tourmaline Red Ion es una plancha de cabello con tecnología ion y turmalina para alisar en casa.</p><ul><li>Marca Gama, línea Elegance Bella</li><li>Tecnología Tourmaline Ion</li><li>Diseño en color rojo</li></ul><p>Retiralo en nuestro local de Caseros 924, Villa Santa Rosa, Córdoba, o pedilo con envío a todo el país (gratis desde $ 100.000). Escribinos</p>;481
6722;Plancha de cabello Nova SX8006;Electrodomésticos > Cuidado personal;Plancha de Cabello Nova SX8006;plancha de pelo nova;nova sx8006, planchita nova, plancha de cabello económica, plancha de pelo córdoba;Plancha de Cabello Nova SX8006 | Lucas Innovaciones;Plancha de cabello Nova SX8006 para alisar en casa. Retiralo en nuestro local de Villa Santa Rosa, Córdoba, o pedilo con envío a todo el país.;<p>La plancha de cabello Nova SX8006 te sirve para alisar el pelo en casa sin vueltas.</p><ul><li>Modelo Nova SX8006</li><li>Plancha de cabello</li><li>Para uso personal</li></ul><p>Retiralo en nuestro local de Caseros 924, Villa Santa Rosa, Córdoba, o pedilo con envío a todo el país (gratis desde $ 100.000). Escribinos</p>;363
6401;Purificador de agua;Electrodomésticos > Cocina;Purificador de Agua;purificador de agua;filtro de agua, purificador de agua hogar, purificador de agua para cocina, purificador de agua córdoba;Purificador de Agua | Lucas Innovaciones;Purificador de agua para tener agua filtrada en tu cocina. Retiralo en Villa Santa Rosa o pedilo con envío a todo el país.;<p>El purificador de agua te permite filtrar el agua de la canilla para tomar y cocinar.</p><ul><li>Para uso en la cocina del hogar</li><li>Filtra el agua de la red</li><li>Práctico para consumo diario</li></ul><p>Retiralo en nuestro local de Caseros 924, Villa Santa Rosa, Córdoba, o pedilo con envío a todo el país (gratis desde $ 100.000). Escribinos</p>;504
6379;Daewoo sandwichera DSM-9781;Electrodomésticos > Cocina;Sandwichera Daewoo DSM-9781;sandwichera daewoo;daewoo dsm-9781, tostadora de sandwiches, sandwichera eléctrica, sandwichera córdoba;Sandwichera Daewoo DSM-9781 | Lucas Innovaciones;Sandwichera Daewoo DSM-9781 para tostados calientes en casa. Retiralo en Villa Santa Rosa o pedilo con envío a todo el país.;<p>La sandwichera Daewoo DSM-9781 te sirve para hacer tostados calientes para el desayuno, la merienda o una cena rápida.</p><ul><li>Marca Daewoo, modelo DSM-9781</li><li>Sandwichera eléctrica</li><li>Ideal para tostados</li></ul><p>Retiralo en nuestro local de Caseros 924, Villa Santa Rosa, Córdoba, o pedilo con envío a todo el país (gratis desde $ 100.000). Escribinos</p>;477
6380;Yelmo sandwichera SW 1800;Electrodomésticos > Cocina;Sandwichera Yelmo SW 1800;sandwichera yelmo;yelmo sw 1800, sandwichera eléctrica, tostadora de sandwiches, sandwichera córdoba;Sandwichera Yelmo SW 1800 | Lucas Innovaciones;Sandwichera Yelmo SW 1800 para tostados calientes en casa. Retiralo en Villa Santa Rosa o pedilo con envío a todo el país.;<p>La sandwichera Yelmo SW 1800 te sirve para hacer tostados calientes para el desayuno, la merienda o una cena rápida.</p><ul><li>Marca Yelmo, modelo SW 1800</li><li>Sandwichera eléctrica</li><li>Ideal para tostados</li></ul><p>Retiralo en nuestro local de Caseros 924, Villa Santa Rosa, Córdoba, o pedilo con envío a todo el país (gratis desde $ 100.000). Escribinos</p>;401
6962;Secador de pelo Aero Lux BULLTEC;Electrodomésticos > Cuidado personal;Secador de Pelo Bulltec Aero Lux;secador de pelo bulltec;bulltec aero lux, secador de cabello, secador de pelo, secador de pelo córdoba;Secador de Pelo Bulltec Aero Lux | Lucas Innovaciones;Secador de pelo Bulltec Aero Lux para secar y peinar en casa. Retiralo en Villa Santa Rosa o pedilo con envío a todo el país.;<p>El secador de pelo Bulltec Aero Lux sirve para secar y peinar el cabello en casa.</p><ul><li>Marca Bulltec, modelo Aero Lux</li><li>Secador de pelo eléctrico</li><li>Para uso personal</li></ul><p>Retiralo en nuestro local de Caseros 924, Villa Santa Rosa, Córdoba, o pedilo con envío a todo el país (gratis desde $ 100.000). Escribinos</p>;427
6724;Secador de pelo Gama Via veneto Ion;Electrodomésticos > Cuidado personal;Secador de Pelo Gama Via Veneto Ion;secador de pelo gama;gama via veneto, secador de pelo ion, secador de cabello gama, secador de pelo córdoba;Secador de Pelo Gama Via Veneto Ion | Lucas Innovaciones;Secador de pelo Gama Via Veneto Ion para secar y peinar en casa. Retiralo en Villa Santa Rosa o pedilo con envío a todo el país.;<p>El secador de pelo Gama Via Veneto Ion sirve para secar y peinar el cabello en casa, con tecnología ion.</p><ul><li>Marca Gama, modelo Via Veneto</li><li>Tecnología ion</li><li>Para uso personal</li></ul><p>Retiralo en nuestro local de Caseros 924, Villa Santa Rosa, Córdoba, o pedilo con envío a todo el país (gratis desde $ 100.000). Escribinos</p>;471
6963;Secador de pelo plegable Tiny Air BULLTEC;Electrodomésticos > Cuidado personal;Secador de Pelo Plegable Bulltec Tiny Air;secador de pelo plegable;bulltec tiny air, secador de pelo de viaje, secador de pelo portátil, secador plegable córdoba;Secador de Pelo Plegable Bulltec Tiny Air;Secador de pelo plegable Bulltec Tiny Air, ideal para viaje. Retiralo en Villa Santa Rosa o pedilo con envío a todo el país.;<p>El Bulltec Tiny Air es un secador de pelo plegable que ocupa poco lugar en la valija o el bolso.</p><ul><li>Marca Bulltec, modelo Tiny Air</li><li>Diseño plegable</li><li>Ideal para viajar</li></ul><p>Retiralo en nuestro local de Caseros 924, Villa Santa Rosa, Córdoba, o pedilo con envío a todo el país (gratis desde $ 100.000). Escribinos</p>;528
6725;Secador de pelo Yelmo 1400w SC3620;Electrodomésticos > Cuidado personal;Secador de Pelo Yelmo 1400 W SC3620;secador de pelo 1400w;secador yelmo, secador de pelo con iones, secador de pelo precio, secador de pelo córdoba;Secador de Pelo Yelmo 1400 W SC3620 | Lucas Innovaciones;Secador de pelo Yelmo SC3620 de 1400 W con tecnología iónica, para un secado rápido y prolijo en casa. Atendemos en Caseros 924, Córdoba.;<p>El Yelmo SC3620 es un secador de pelo de 1400 W pensado para secarte el pelo en menos tiempo y dejarlo prolijo todos los días.</p><ul><li>Potencia de 1400 W para un secado rápido</li><li>Tecnología iónica para reducir el frizz</li><li>Varias velocidades y temperaturas</li><li>Modelo SC3620 de Yelmo</li></ul><p>Retirá en nuestro local de Caseros 924, Villa Santa Rosa, Córdoba, o pedilo con envío a todo el país.</p>;448
6400;Vacuum sealer sellador de bolsas;Electrodomésticos > Cocina;Sellador de Bolsas al Vacío (Vacuum Sealer);sellador al vacio;envasadora al vacío, vacuum sealer, sellador de bolsas, sellador al vacío córdoba;Sellador de Bolsas al Vacío (Vacuum Sealer);Sellador de bolsas al vacío para conservar alimentos por más tiempo. Retiralo en Villa Santa Rosa o pedilo con envío a todo el país.;<p>El sellador al vacío saca el aire de la bolsa y la cierra para conservar tus alimentos.</p><ul><li>Sellador de bolsas al vacío</li><li>Para conservar alimentos</li><li>Útil para freezer y viajes</li></ul><p>Retiralo en nuestro local de Caseros 924, Villa Santa Rosa, Córdoba, o pedilo con envío a todo el país (gratis desde $ 100.000). Escribinos</p>;371
6392;"Oryx ventilador 3 en 1 10""";Electrodomésticos > Climatización;Ventilador Oryx 3 en 1 de 10 Pulgadas;ventilador 3 en 1;ventilador oryx, ventilador de pie mesa y pared, ventilador 10 pulgadas, ventilador córdoba;Ventilador Oryx 3 en 1 de 10 Pulgadas | Lucas Innovaciones;Ventilador Oryx 3 en 1 de 10 pulgadas para usar de pie, de mesa o de pared. Retiralo en Villa Santa Rosa o pedilo con envío a todo el país.;<p>El ventilador Oryx 3 en 1 se adapta a distintos espacios porque lo podés usar de pie, sobre una mesa o colgado en la pared.</p><ul><li>Marca Oryx</li><li>Tamaño de 10 pulgadas</li><li>Tres formas de uso: pie, mesa y pared</li></ul><p>Retiralo en nuestro local de Caseros 924, Villa Santa Rosa, Córdoba, o pedilo con envío a todo el país (gratis desde $ 100.000). Escribinos</p>;417
6407;Daewoo yogurtera;Electrodomésticos > Cocina;Yogurtera Daewoo;yogurtera daewoo;yogurtera eléctrica, hacer yogur casero, yogurtera automática, yogurtera córdoba;Yogurtera Daewoo | Lucas Innovaciones;Yogurtera Daewoo para preparar yogur casero. Retiralo en nuestro local de Villa Santa Rosa, Córdoba, o pedilo con envío a todo el país.;<p>La yogurtera Daewoo te permite preparar yogur casero y elegir qué ingredientes lleva.</p><ul><li>Marca Daewoo</li><li>Para yogur casero</li><li>Compacta para la cocina</li></ul><p>Retiralo en nuestro local de Caseros 924, Villa Santa Rosa, Córdoba, o pedilo con envío a todo el país (gratis desde $ 100.000). Escribinos</p>;374
6644;Auricular Noganet NG8620 Gamer;Gaming > Accesorios gaming;Auricular Gamer Noganet NG8620;auricular gamer noganet ng8620;noganet ng8620, auriculares gamer económicos, headset gamer noganet, auricular gamer córdoba;Auricular Gamer Noganet NG8620 | Lucas Innovaciones;Auricular gamer Noganet NG8620 con micrófono, una opción accesible para jugar en PC o consola. Atendemos en Caseros 924, Córdoba.;<p>El Noganet NG8620 es un auricular gamer accesible, pensado para jugar y hablar con tus amigos mientras jugás.</p><ul><li>Marca Noganet, modelo NG8620</li><li>Con micrófono incluido</li><li>Diadema cómoda</li><li>Ideal para jugar en PC</li></ul><p>Retirá en nuestro local de Caseros 924, Villa Santa Rosa, Córdoba, o pedilo con envío a todo el país.</p>;444
6624;Auricular Gamer Redragon H211 CRONUS;Gaming > Accesorios gaming;Auricular Gamer Redragon H211 Cronus;auricular gamer redragon h211;redragon h211 cronus, auriculares gamer con micrófono, headset redragon, auricular gamer córdoba;Auricular Gamer Redragon H211 Cronus | Lucas Innovaciones;Auricular gamer Redragon H211 Cronus con micrófono desmontable y drivers de 50 mm para jugar con buen sonido. Atendemos en Caseros 924, Córdoba.;<p>El Redragon H211 Cronus es un auricular gamer con drivers de 50 mm, pensado para escuchar bien cada detalle de tus partidas.</p><ul><li>Drivers de 50 mm</li><li>Micrófono desmontable</li><li>Se puede usar como auricular común sin el micrófono</li><li>Marca Redragon</li></ul><p>Retirá en nuestro local de Caseros 924, Villa Santa Rosa, Córdoba, o pedilo con envío a todo el país.</p>;619
6777;Auricular gamer TARGA ODISSEY 300;Gaming > Accesorios gaming;Auricular Gamer Targa Odissey 300;auricular gamer targa odissey 300;targa odissey 300, auriculares gamer con micrófono, headset gamer targa, auricular gamer córdoba;Auricular Gamer Targa Odissey 300 | Lucas Innovaciones;Auricular gamer Targa Odissey 300 con micrófono para jugar y charlar con tu equipo con comodidad. Atendemos en Caseros 924, Córdoba.;<p>El Targa Odissey 300 es un auricular gamer con micrófono, pensado para jugar y comunicarte con tu equipo.</p><ul><li>Marca Targa, modelo Odissey 300</li><li>Con micrófono para jugar en equipo</li><li>Diadema ajustable</li><li>Ideal para largas sesiones</li></ul><p>Retirá en nuestro local de Caseros 924, Villa Santa Rosa, Córdoba, o pedilo con envío a todo el país.</p>;446
6478;Consola de juegos Family HBL Tech;Gaming > Consolas;Consola de Juegos Family HBL Tech;consola family hbl tech;consola retro para tv, consola de juegos clásicos, consola hbl tech, consola de juegos córdoba;Consola de Juegos Family HBL Tech | Lucas Innovaciones;Consola de juegos Family HBL Tech con salida HDMI y juegos clásicos para disfrutar en la tele con familia y amigos. Atendemos en Caseros 924, Córdoba.;<p>La consola Family de HBL Tech se conecta a la tele y trae juegos clásicos para pasar el rato con familia y amigos.</p><ul><li>Salida HDMI para conectar a la tele</li><li>Juegos clásicos precargados</li><li>Controles incluidos</li><li>Marca HBL Tech</li></ul><p>Retirá en nuestro local de Caseros 924, Villa Santa Rosa, Córdoba, o pedilo con envío a todo el país.</p>;479
6312;Consola de juegos Kanji;Gaming > Consolas;Consola de Juegos Kanji;consola de juegos kanji;consola portátil kanji, consola de juegos portátil, consola kanji precio, consola de juegos córdoba;Consola de Juegos Kanji | Lucas Innovaciones;Consola de juegos Kanji para jugar donde quieras, con juegos integrados. Retirala en Villa Santa Rosa o pedila con envío.;<p>La consola Kanji es una consola de juegos pensada para entretenerte en casa o de viaje, con juegos integrados.</p><ul><li>Marca Kanji</li><li>Juegos integrados</li><li>Formato práctico para llevar</li><li>Ideal para regalar</li></ul><p>Retirá en nuestro local de Caseros 924, Villa Santa Rosa, Córdoba, o pedilo con envío a todo el país.</p>;413
6309;Joystick p/teléfono Netmak Nitro;Gaming > Joysticks y controles;Joystick para Celular Netmak Nitro;joystick para celular netmak nitro;joystick para celular, gamepad para celular, control para juegos de celular, netmak nitro;Joystick para Celular Netmak Nitro | Lucas Innovaciones;Joystick para celular Netmak Nitro: más control y comodidad en tus juegos móviles. Retiralo o pedilo con envío a todo el país.;<p>El Netmak Nitro es un joystick para celular que te da más control y comodidad para jugar en el teléfono.</p><ul><li>Marca Netmak, modelo Nitro</li><li>Agarre cómodo para sesiones largas</li><li>Pensado para juegos móviles</li><li>Botones para jugar con más precisión</li></ul><p>Retirá en nuestro local de Caseros 924, Villa Santa Rosa, Córdoba, o pedilo con envío a todo el país.</p>;391
6945;Joystick PS2 Sony AAA;Gaming > Joysticks y controles;Joystick PS2 Sony;joystick ps2;control ps2, joystick playstation 2, joystick ps2 sony, joystick ps2 córdoba;Joystick PS2 Sony | Lucas Innovaciones;Joystick para PlayStation 2 de la marca Sony. Retiralo en Villa Santa Rosa o pedilo con envío a todo el país. Atendemos en Caseros 924, Córdoba.;<p>Joystick para PlayStation 2 de la marca Sony, para volver a jugar tus clásicos o tener un control de repuesto.</p><ul><li>Para consola PlayStation 2</li><li>Marca Sony</li><li>Agarre cómodo</li><li>Ideal como control de repuesto</li></ul><p>Retirá en nuestro local de Caseros 924, Villa Santa Rosa, Córdoba, o pedilo con envío a todo el país.</p>;397
6942;Joystick PS4 Sony AAA;Gaming > Joysticks y controles;Joystick PS4 Sony;joystick ps4;control ps4, joystick playstation 4, joystick ps4 sony, joystick ps4 córdoba;Joystick PS4 Sony | Lucas Innovaciones;Joystick para PlayStation 4 de la marca Sony, para jugar cómodo. Retiralo en Villa Santa Rosa o pedilo con envío a todo el país.;<p>Joystick para PlayStation 4 de la marca Sony, para jugar tus títulos favoritos o sumar un control para jugar de a dos.</p><ul><li>Para consola PlayStation 4</li><li>Marca Sony</li><li>Inalámbrico, con batería recargable</li><li>Ideal para jugar de a dos</li></ul><p>Retirá en nuestro local de Caseros 924, Villa Santa Rosa, Córdoba, o pedilo con envío a todo el país.</p>;467
8454;Joystick PS4 Sony Bicolor;Gaming > Joysticks y controles;Joystick PS4 Sony Bicolor;joystick ps4 bicolor;control ps4 bicolor, joystick ps4 sony, joystick playstation 4, joystick ps4 córdoba;Joystick PS4 Sony Bicolor | Lucas Innovaciones;Joystick PS4 Sony bicolor, para jugar cómodo con un diseño distinto. Retiralo en Villa Santa Rosa o pedilo con envío al país.;<p>Joystick para PlayStation 4 de la marca Sony en versión bicolor, para jugar con un control de diseño diferente.</p><ul><li>Para consola PlayStation 4</li><li>Marca Sony</li><li>Diseño bicolor</li><li>Inalámbrico, con batería recargable</li></ul><p>Retirá en nuestro local de Caseros 924, Villa Santa Rosa, Córdoba, o pedilo con envío a todo el país.</p>;0
6943;Joystick PS4 Sony AAA Camuflado;Gaming > Joysticks y controles;Joystick PS4 Sony Camuflado;joystick ps4 camuflado;control ps4 camuflado, joystick ps4 sony, joystick playstation 4 camuflado, joystick ps4 córdoba;Joystick PS4 Sony Camuflado | Lucas Innovaciones;Joystick PS4 Sony con diseño camuflado, para jugar cómodo con un estilo distinto. Retiralo o pedilo con envío a todo el país.;<p>Joystick para PlayStation 4 de la marca Sony con diseño camuflado, para jugar con un control que se destaca.</p><ul><li>Para consola PlayStation 4</li><li>Marca Sony</li><li>Diseño camuflado</li><li>Inalámbrico, con batería recargable</li></ul><p>Retirá en nuestro local de Caseros 924, Villa Santa Rosa, Córdoba, o pedilo con envío a todo el país.</p>;528
6308;Joystick PS5 original;Gaming > Joysticks y controles;Joystick PS5 Original;joystick ps5 original;control ps5, joystick dualsense, joystick playstation 5, joystick ps5 córdoba;Joystick PS5 Original | Lucas Innovaciones;Joystick PS5 original para jugar en tu PlayStation 5 con vibración y gatillos adaptativos. Retiralo o pedilo con envío. Atendemos en Caseros 924, Córdoba.;<p>El joystick original de PS5 (DualSense) te permite jugar en tu PlayStation 5 con vibración háptica y gatillos adaptativos.</p><ul><li>Para consola PlayStation 5</li><li>Vibración háptica</li><li>Gatillos adaptativos</li><li>Batería recargable</li></ul><p>Retirá en nuestro local de Caseros 924, Villa Santa Rosa, Córdoba, o pedilo con envío a todo el país.</p>;421
8283;Joystick PS5 Replica AAA;Gaming > Joysticks y controles;Joystick PS5 Réplica;joystick ps5 replica;control ps5 alternativo, joystick playstation 5, joystick ps5 económico, joystick ps5 córdoba;Joystick PS5 Réplica | Lucas Innovaciones;Joystick réplica para PS5, una alternativa más accesible para sumar un control. Retiralo o pedilo con envío a todo el país.;<p>Joystick réplica para PlayStation 5, una alternativa más accesible para sumar un control extra y jugar de a dos.</p><ul><li>Para consola PlayStation 5</li><li>Versión réplica, no es el control oficial</li><li>Inalámbrico</li><li>Ideal como control extra</li></ul><p>Retirá en nuestro local de Caseros 924, Villa Santa Rosa, Córdoba, o pedilo con envío a todo el país.</p>;0
6310;Soporte cargador doble ps5;Gaming > Accesorios gaming;Soporte Cargador Doble para PS5;soporte cargador ps5;cargador doble joystick ps5, base de carga dualsense, cargador de controles ps5, soporte cargador ps5 córdoba;Soporte Cargador Doble para PS5 | Lucas Innovaciones;Soporte cargador doble para PS5: cargá dos joysticks DualSense a la vez y dejalos siempre listos para jugar. Atendemos en Caseros 924, Córdoba.;<p>Este soporte cargador doble te permite cargar dos joysticks de PS5 al mismo tiempo y tenerlos listos para la próxima partida.</p><ul><li>Carga dos joysticks DualSense a la vez</li><li>Diseño compacto para el escritorio o el mueble de la tele</li><li>Compatible con los controles de PS5</li><li>Evita andar buscando cables</li></ul><p>Retirá en nuestro local de Caseros 924, Villa Santa Rosa, Córdoba, o pedilo con envío a todo el país.</p>;342
6890;Aro LED RGB 12'' 30cm con tripode;Iluminación > Tiras LED;Aro LED RGB 12'' 30 cm con Trípode;aro led rgb con tripode;aro de luz 30 cm, aro led para tiktok, aro de luz con trípode, aro led córdoba;Aro LED RGB 12'' 30 cm con Trípode | Lucas Innovaciones;Aro LED RGB de 12'' (30 cm) con trípode: luz para fotos, videos, streams y TikToks. Retiralo o pedilo con envío al país.;<p>Aro LED RGB de 12 pulgadas (30 cm) con trípode, ideal para mejorar la luz de tus fotos, videos y transmisiones.</p><ul><li>Diámetro de 30 cm (12 pulgadas)</li><li>Luces RGB</li><li>Incluye trípode</li><li>Ideal para creadores de contenido</li></ul><p>Retirá en nuestro local de Caseros 924, Villa Santa Rosa, Córdoba, o pedilo con envío a todo el país.</p>;481
6363;Bola de luz Star máster;Iluminación > Luces de ambiente y evento;Bola de Luz Star Master;bola de luz star master;bola de luces para fiestas, luz de discoteca, bola led con control remoto, bola de luz córdoba;Bola de Luz Star Master | Lucas Innovaciones;Bola de luz Star Master con efectos de colores para fiestas y eventos. Retirala en Villa Santa Rosa o pedila con envío. Atendemos en Caseros 924, Córdoba.;<p>La bola de luz Star Master crea efectos de luces de colores para fiestas, cumpleaños y reuniones.</p><ul><li>Efectos de luz de colores</li><li>Pensada para fiestas y eventos</li><li>Fácil de instalar</li><li>Modelo Star Master</li></ul><p>Retirá en nuestro local de Caseros 924, Villa Santa Rosa, Córdoba, o pedilo con envío a todo el país.</p>;518
6355;Led 1.5mt x 1.5 luz cálida;Iluminación > Luces de ambiente y evento;Cortina LED 1,5 m x 1,5 m Luz Cálida;cortina led luz calida;luces led 1.5 m, cortina de luces led, luces led decorativas, cortina led córdoba;Cortina LED 1,5 m x 1,5 m Luz Cálida | Lucas Innovaciones;Cortina LED de 1,5 m x 1,5 m con luz cálida, para decorar tu cuarto, living o evento. Retirala o pedila con envío. Atendemos en Caseros 924, Córdoba.;<p>Cortina de luces LED de 1,5 m x 1,5 m con luz cálida, para ambientar cuartos, livings o espacios de trabajo.</p><ul><li>Medidas: 1,5 m x 1,5 m</li><li>Luz cálida</li><li>Se cuelga fácil</li><li>Ideal para decorar cuartos y eventos</li></ul><p>Retirá en nuestro local de Caseros 924, Villa Santa Rosa, Córdoba, o pedilo con envío a todo el país.</p>;418
6371;Lámpara de escritorio;Iluminación > Luces de ambiente y evento;Lámpara de Escritorio;lampara de escritorio;lámpara led de escritorio, lámpara para estudiar, velador de escritorio, lámpara de escritorio córdoba;Lámpara de Escritorio | Lucas Innovaciones;Lámpara de escritorio para estudiar o trabajar con buena luz. Retirala en Villa Santa Rosa o pedila con envío a todo el país.;<p>Lámpara de escritorio pensada para iluminar tu zona de estudio o trabajo y cuidar la vista en jornadas largas.</p><ul><li>Ideal para estudiar y trabajar</li><li>Diseño compacto</li><li>Base estable</li><li>Útil también como velador</li></ul><p>Retirá en nuestro local de Caseros 924, Villa Santa Rosa, Córdoba, o pedilo con envío a todo el país.</p>;441
6373;Lámpara led p/ mosquitos;Iluminación > Luces de ambiente y evento;Lámpara LED Mata Mosquitos;lampara led mata mosquitos;lámpara antimosquitos, trampa de mosquitos led, lámpara para mosquitos, lámpara mosquitos córdoba;Lámpara LED Mata Mosquitos | Lucas Innovaciones;Lámpara LED para mosquitos con luz ultravioleta: una ayuda para los meses de calor. Retirala o pedila con envío al país.;<p>Lámpara LED para mosquitos que sirve también como luz de ambiente, pensada para dormitorios, livings o patios.</p><ul><li>Luz LED</li><li>Pensada para atraer mosquitos</li><li>Sin insecticidas</li><li>Útil en dormitorios y livings</li></ul><p>Retirá en nuestro local de Caseros 924, Villa Santa Rosa, Córdoba, o pedilo con envío a todo el país.</p>;462
6346;Linterna baliza;Iluminación > Linternas;Linterna Baliza;linterna baliza;linterna baliza led, linterna de emergencia, linterna para auto, linterna baliza córdoba;Linterna Baliza | Lucas Innovaciones;Linterna baliza para tener luz en emergencias, camping o trabajos nocturnos. Retirala o pedila con envío a todo el país.;<p>La linterna baliza es una fuente de luz práctica para emergencias, camping, el auto o trabajos de noche.</p><ul><li>Tipo baliza, útil para señalizar</li><li>Ideal para emergencias y camping</li><li>Práctica para llevar al auto</li><li>Fácil de usar</li></ul><p>Retirá en nuestro local de Caseros 924, Villa Santa Rosa, Córdoba, o pedilo con envío a todo el país.</p>;502
6345;Linterna Broksol;Iluminación > Linternas;Linterna Broksol;linterna broksol;linterna led, linterna para camping, linterna potente, linterna córdoba;Linterna Broksol | Lucas Innovaciones;Linterna Broksol para tener luz cuando se corta la luz, acampás o trabajás de noche. Retirala o pedila con envío al país.;<p>La linterna Broksol te da luz cuando se corta la luz, salís de camping o necesitás trabajar en lugares oscuros.</p><ul><li>Marca Broksol</li><li>Ideal para cortes de luz y camping</li><li>Fácil de transportar</li><li>Simple de usar</li></ul><p>Retirá en nuestro local de Caseros 924, Villa Santa Rosa, Córdoba, o pedilo con envío a todo el país.</p>;387
6965;Linterna minera casco 5 lamparas;Iluminación > Linternas;Linterna Minera para Casco 5 Lámparas;linterna minera para casco;linterna de cabeza, linterna frontal led, linterna para casco, linterna minera córdoba;Linterna Minera para Casco 5 Lámparas | Lucas Innovaciones;Linterna minera de 5 lámparas para casco: iluminá con las manos libres en trabajos y actividades al aire libre. Atendemos en Caseros 924, Córdoba.;<p>Linterna minera con 5 lámparas para colocar en el casco, ideal para trabajar con las manos libres en lugares oscuros.</p><ul><li>5 lámparas para iluminar mejor</li><li>Para usar en casco</li><li>Manos libres</li><li>Útil para trabajos y actividades al aire libre</li></ul><p>Retirá en nuestro local de Caseros 924, Villa Santa Rosa, Córdoba, o pedilo con envío a todo el país.</p>;480
6856;Linterna con soporte para bici recargable AV24665;Iluminación > Linternas;Linterna Recargable para Bici con Soporte AV24665;linterna para bici recargable;luz para bicicleta, linterna bici usb, linterna con soporte para bici, linterna bici córdoba;Linterna Recargable para Bici con Soporte AV24665;Linterna recargable con soporte para bici AV24665: pedaleá de noche con más visibilidad. Retirala o pedila con envío. Atendemos en Caseros 924, Córdoba.;<p>Linterna recargable con soporte para bicicleta, pensada para que veas mejor y te vean cuando pedaleás de noche.</p><ul><li>Recargable, sin depender de pilas</li><li>Incluye soporte para la bici</li><li>Modelo AV24665</li><li>Ideal para paseos y entrenamientos nocturnos</li></ul><p>Retirá en nuestro local de Caseros 924, Villa Santa Rosa, Córdoba, o pedilo con envío a todo el país.</p>;431
6344;Linterna usb led mini;Iluminación > Linternas;Linterna USB LED Mini;linterna usb led mini;linterna recargable usb, mini linterna led, linterna led chica, linterna usb córdoba;Linterna USB LED Mini | Lucas Innovaciones;Mini linterna LED recargable por USB, chica y práctica para llevar a todos lados. Retirala o pedila con envío a todo el país.;<p>Mini linterna LED que se recarga por USB, tan chica que la llevás en la mochila, el bolsillo o el auto.</p><ul><li>Se recarga por USB</li><li>Tamaño mini</li><li>Luz LED</li><li>Práctica para casa, trabajo o salidas</li></ul><p>Retirá en nuestro local de Caseros 924, Villa Santa Rosa, Córdoba, o pedilo con envío a todo el país.</p>;369
6357;Arroz x 100luz cálida multifuncional;Iluminación > Luces de ambiente y evento;Luces Arroz x100 LED Luz Cálida;luces de arroz led;luces led arroz x100, luces cálidas decorativas, guirnalda de luces led, luces arroz córdoba;Luces Arroz x100 LED Luz Cálida | Lucas Innovaciones;Luces de arroz x100 LED de luz cálida, ideales para decorar y dar un ambiente acogedor. Retiralas o pedilas con envío. Atendemos en Caseros 924, Córdoba.;<p>Luces tipo arroz con 100 LED de luz cálida, para decorar habitaciones, eventos o rincones del hogar con un ambiente acogedor.</p><ul><li>Cantidad: 100 luces</li><li>Luz cálida</li><li>Multifuncional, para distintos usos</li><li>Ideal para decoración y eventos</li></ul><p>Retirá en nuestro local de Caseros 924, Villa Santa Rosa, Córdoba, o pedilo con envío a todo el país.</p>;465
6351;Luces led blancas XM;Iluminación > Tiras LED;Luces LED Blancas XM;luces led blancas;luces led xm, tira led blanca, luces led decorativas, luces led blancas córdoba;Luces LED Blancas XM | Lucas Innovaciones;Luces LED blancas XM para iluminar tu habitación, escritorio o cualquier rincón. Retiralas o pedilas con envío a todo el país.;<p>Luces LED blancas XM para iluminar tu habitación, tu escritorio o cualquier rincón de la casa.</p><ul><li>Luz blanca</li><li>Marca XM</li><li>Bajo consumo</li><li>Fáciles de instalar</li></ul><p>Retirá en nuestro local de Caseros 924, Villa Santa Rosa, Córdoba, o pedilo con envío a todo el país.</p>;397
6350;Led Icice light;Iluminación > Luces de ambiente y evento;Luces LED Icicle Light;luces led icicle;luces led de cortina, luces led frías, luces led decorativas, luces icicle córdoba;Luces LED Icicle Light | Lucas Innovaciones;Luces LED Icicle Light de luz fría para decorar cuartos, livings y eventos. Retiralas o pedilas con envío a todo el país.;<p>Luces LED tipo Icicle Light con luz fría, para darle un toque moderno a tu cuarto, tu living o un evento.</p><ul><li>Luz fría</li><li>Bajo consumo</li><li>Colocación flexible</li><li>Ideal para decoración</li></ul><p>Retirá en nuestro local de Caseros 924, Villa Santa Rosa, Córdoba, o pedilo con envío a todo el país.</p>;397
6352;Luces led interior y exterior x100;Iluminación > Tiras LED;Luces LED Interior y Exterior x100;luces led x100;luces led interior y exterior, guirnalda de luces led, luces led decorativas, luces led exterior córdoba;Luces LED Interior y Exterior x100 | Lucas Innovaciones;Luces LED x100 para interior y exterior, ideales para decorar tu casa, jardín o eventos. Retiralas o pedilas con envío. Atendemos en Caseros 924, Córdoba.;<p>Luces LED x100 aptas para interior y exterior, para decorar tu casa, tu patio o un evento.</p><ul><li>Cantidad: 100 luces LED</li><li>Para interior y exterior</li><li>Bajo consumo</li><li>Ideales para decoración</li></ul><p>Retirá en nuestro local de Caseros 924, Villa Santa Rosa, Córdoba, o pedilo con envío a todo el país.</p>;468
6821;Luz de emergencia DINAX DXLUZEM60 60 led;Iluminación > Luces de ambiente y evento;Luz de Emergencia Dinax DXLUZEM60 60 LED;luz de emergencia 60 led;luz de emergencia dinax, dinax dxluzem60, luz de emergencia led, luz de emergencia córdoba;Luz de Emergencia Dinax DXLUZEM60 60 LED;Luz de emergencia Dinax DXLUZEM60 con 60 LED, para tener luz cuando se corta la energía. Retirala o pedila con envío. Atendemos en Caseros 924, Córdoba.;<p>La luz de emergencia Dinax DXLUZEM60 tiene 60 LED y te da luz cuando se corta la energía eléctrica.</p><ul><li>60 LED</li><li>Marca Dinax, modelo DXLUZEM60</li><li>Pensada para cortes de luz</li><li>Útil para casa, comercio o auto</li></ul><p>Retirá en nuestro local de Caseros 924, Villa Santa Rosa, Córdoba, o pedilo con envío a todo el país.</p>;407
6365;Led small airship manual;Iluminación > Luces de ambiente y evento;Luz LED Dirigible Small Airship;luz led dirigible;dirigible led, luz decorativa dirigible, led small airship, luz led para fiestas;Luz LED Dirigible Small Airship | Lucas Innovaciones;Luz LED con forma de dirigible, original para decorar fiestas, eventos y ambientes. Retirala o pedila con envío al país.;<p>Luz LED con forma de dirigible (Small Airship) para darle un toque original a fiestas, eventos y ambientes.</p><ul><li>Forma de dirigible</li><li>Funcionamiento manual</li><li>Ideal para fiestas temáticas</li><li>Decorativa y llamativa</li></ul><p>Retirá en nuestro local de Caseros 924, Villa Santa Rosa, Córdoba, o pedilo con envío a todo el país.</p>;531
6482;Led mini room strobe - Flash;Iluminación > Luces de ambiente y evento;Luz LED Mini Room Strobe Flash;luz estroboscopica led;luz strobe, mini strobe led, luz flash para fiestas, luz estroboscópica córdoba;Luz LED Mini Room Strobe Flash | Lucas Innovaciones;Luz LED mini room strobe con efecto flash para fiestas y eventos. Retirala en Villa Santa Rosa o pedila con envío. Atendemos en Caseros 924, Córdoba.;<p>Luz LED estroboscópica de formato mini, con efecto flash para fiestas, reuniones o shows chicos.</p><ul><li>Efecto estroboscópico (flash)</li><li>Formato mini</li><li>Ideal para fiestas y eventos</li><li>Fácil de usar</li></ul><p>Retirá en nuestro local de Caseros 924, Villa Santa Rosa, Córdoba, o pedilo con envío a todo el país.</p>;365
6359;Led top shower;Iluminación > Luces de ambiente y evento;Luz LED Top Shower para Ducha;luz led para ducha;luz led top shower, led para ducha, luz de ambiente para baño, luz ducha córdoba;Luz LED Top Shower para Ducha | Lucas Innovaciones;Luz LED Top Shower para la ducha: sumá ambiente al baño de forma simple. Retirala en Villa Santa Rosa o pedila con envío.;<p>La luz LED Top Shower le da un efecto de luz distinto a tu ducha y cambia el ambiente del baño.</p><ul><li>Luz LED para la ducha</li><li>Efecto visual de ambiente</li><li>Colocación simple</li><li>Modelo Top Shower</li></ul><p>Retirá en nuestro local de Caseros 924, Villa Santa Rosa, Córdoba, o pedilo con envío a todo el país.</p>;370
6374;Máquina de humo con flash 600w;Iluminación > Luces de ambiente y evento;Máquina de Humo con Flash 600 W;maquina de humo 600w;máquina de humo con flash, generador de humo para fiestas, máquina de humo para eventos, máquina de humo córdoba;Máquina de Humo con Flash 600 W | Lucas Innovaciones;Máquina de humo de 600 W con flash incorporado, para fiestas y eventos. Retirala en Villa Santa Rosa o pedila con envío.;<p>Máquina de humo de 600 W con flash incorporado, pensada para sumar efectos en fiestas, eventos y shows.</p><ul><li>Potencia de 600 W</li><li>Con flash incorporado</li><li>Ideal para fiestas y eventos</li><li>Efecto de humo para ambientar</li></ul><p>Retirá en nuestro local de Caseros 924, Villa Santa Rosa, Córdoba, o pedilo con envío a todo el país.</p>;510
6360;Music bulb party ball;Iluminación > Luces de ambiente y evento;Music Bulb Party Ball;luz party ball;bola de luz musical, lámpara party ball, luz de fiesta con música, music bulb córdoba;Music Bulb Party Ball | Lucas Innovaciones;Music Bulb Party Ball: luz de colores para fiestas y reuniones. Retirala en Villa Santa Rosa o pedila con envío a todo el país.;<p>La Music Bulb Party Ball es una lámpara de efectos de luz de colores para animar fiestas y reuniones.</p><ul><li>Efectos de luz multicolor</li><li>Pensada para fiestas</li><li>Modelo Party Ball</li><li>Simple de colocar</li></ul><p>Retirá en nuestro local de Caseros 924, Villa Santa Rosa, Córdoba, o pedilo con envío a todo el país.</p>;504
6368;Luz panel led light;Iluminación > Luces de ambiente y evento;Panel LED Light;panel led light;panel led de colores, luz panel led, panel led para ambiente, panel led córdoba;Panel LED Light | Lucas Innovaciones;Panel LED de luz ambiente para fiestas, cuartos y eventos. Retiralo en Villa Santa Rosa o pedilo con envío a todo el país.;<p>Panel LED de luz ambiente para darle onda a cuartos, fiestas y eventos.</p><ul><li>Panel de luz LED</li><li>Pensado para ambientar espacios</li><li>Bajo consumo</li><li>Fácil de colocar</li></ul><p>Retirá en nuestro local de Caseros 924, Villa Santa Rosa, Córdoba, o pedilo con envío a todo el país.</p>;448
6369;Luz led surface panel lights;Iluminación > Luces de ambiente y evento;Panel LED Surface;panel led surface;luz led surface panel, panel led para techo, panel led de sobreponer, panel led córdoba;Panel LED Surface | Lucas Innovaciones;Panel LED surface de luz blanca para ambientes y espacios que necesitan una iluminación pareja. Retiralo o pedilo con envío.;<p>Panel LED surface para iluminar ambientes de forma pareja y con luz blanca.</p><ul><li>Panel LED tipo surface</li><li>Luz blanca</li><li>Iluminación pareja</li><li>Bajo consumo</li></ul><p>Retirá en nuestro local de Caseros 924, Villa Santa Rosa, Córdoba, o pedilo con envío a todo el país.</p>;387
6364;Seisa led par light P-18;Iluminación > Luces de ambiente y evento;Seisa LED Par Light P-18;par led seisa;seisa p-18, luz par led rgb, par led para eventos, par led córdoba;Seisa LED Par Light P-18 | Lucas Innovaciones;Seisa LED Par Light P-18 con luces RGB para fiestas, bares y eventos. Retirala en Villa Santa Rosa o pedila con envío. Atendemos en Caseros 924, Córdoba.;<p>El Seisa LED Par Light P-18 es un reflector LED RGB para ambientar fiestas, bares y eventos con colores.</p><ul><li>Marca Seisa, modelo P-18</li><li>LED RGB</li><li>Para fiestas y eventos</li><li>Ambientación con colores</li></ul><p>Retirá en nuestro local de Caseros 924, Villa Santa Rosa, Córdoba, o pedilo con envío a todo el país.</p>;488
6356;The original lightbowl;Iluminación > Luces de ambiente y evento;The Original Lightbowl;lightbowl;lámpara lightbowl, lámpara de ambiente, lightbowl luz cálida, lightbowl córdoba;The Original Lightbowl | Lucas Innovaciones;The Original Lightbowl: lámpara de ambiente para decorar y dar luz suave. Retirala en Villa Santa Rosa o pedila con envío.;<p>The Original Lightbowl es una lámpara de ambiente para decorar cualquier rincón de tu casa.</p><ul><li>Lámpara decorativa</li><li>Luz suave de ambiente</li><li>Modelo The Original Lightbowl</li><li>Ideal para dormitorios y livings</li></ul><p>Retirá en nuestro local de Caseros 924, Villa Santa Rosa, Córdoba, o pedilo con envío a todo el país.</p>;425
6891;Tira LED 10m 1200 led;Iluminación > Tiras LED;Tira LED 10 m 1200 LED;tira led 10 metros;tira led 1200 led, tira led 10m, cinta led para decorar, tira led córdoba;Tira LED 10 m 1200 LED | Lucas Innovaciones;Tira LED de 10 metros con 1200 LED para ambientar cuartos, livings y más. Retirala o pedila con envío a todo el país. Atendemos en Caseros 924, Córdoba.;<p>Tira LED de 10 metros con 1200 LED para ambientar habitaciones, livings y otros espacios.</p><ul><li>Largo: 10 metros</li><li>1200 LED</li><li>Bajo consumo</li><li>Ideal para ambientar</li></ul><p>Retirá en nuestro local de Caseros 924, Villa Santa Rosa, Córdoba, o pedilo con envío a todo el país.</p>;565
6631;Tira LED 5050 RGB MTS;Iluminación > Tiras LED;Tira LED 5050 RGB;tira led 5050 rgb;tira led rgb bluetooth, tira led con app, tira led 5050 mts, tira led rgb córdoba;Tira LED 5050 RGB | Lucas Innovaciones;Tira LED 5050 RGB para ambientar tu cuarto o escritorio con colores. Retirala en Villa Santa Rosa o pedila con envío. Atendemos en Caseros 924, Córdoba.;<p>Tira LED 5050 RGB para darle colores a tu cuarto, tu escritorio o cualquier ambiente.</p><ul><li>Tecnología LED 5050</li><li>Colores RGB</li><li>Se pega con adhesivo</li><li>Ideal para ambientar espacios</li></ul><p>Retirá en nuestro local de Caseros 924, Villa Santa Rosa, Córdoba, o pedilo con envío a todo el país.</p>;468
6353;TV led strip;Iluminación > Luces de ambiente y evento;Tira LED RGB para TV;tira led para tv;tira led rgb para tele, luces led para tv, tira led con control remoto, tira led tv córdoba;Tira LED RGB para TV | Lucas Innovaciones;Tira LED RGB para TV con control remoto y alimentación USB: sumá ambiente a tu living. Retirala o pedila con envío. Atendemos en Caseros 924, Córdoba.;<p>Tira LED RGB para colocar detrás de la tele y darle más ambiente a tu living.</p><ul><li>Colores RGB</li><li>Control remoto</li><li>Alimentación USB</li><li>Se pega con adhesivo</li></ul><p>Retirá en nuestro local de Caseros 924, Villa Santa Rosa, Córdoba, o pedilo con envío a todo el país.</p>;486
6367;Tira led tubo 10M rope lights;Iluminación > Tiras LED;Tira LED Tubo Rope Light 10 m;tira led tubo 10 metros;manguera led 10 m, rope light led, tira led con control remoto, tira led tubo córdoba;Tira LED Tubo Rope Light 10 m | Lucas Innovaciones;Tira LED tipo tubo (rope light) de 10 m con control remoto para decorar espacios. Retirala o pedila con envío al país. Atendemos en Caseros 924, Córdoba.;<p>Tira LED tipo tubo (rope light) de 10 metros con control remoto, para decorar cuartos, livings o escritorios.</p><ul><li>Largo: 10 metros</li><li>Formato tubo (rope light)</li><li>Con control remoto</li><li>Instalación rápida</li></ul><p>Retirá en nuestro local de Caseros 924, Villa Santa Rosa, Córdoba, o pedilo con envío a todo el país.</p>;433
6528;Tripodes para aro led;Iluminación > Tiras LED;Trípode para Aro LED;tripode para aro led;trípode para aro de luz, soporte para aro led, trípode regulable, trípode aro led córdoba;Trípode para Aro LED | Lucas Innovaciones;Trípode para aro LED de altura regulable, ideal para fotos, videos y transmisiones. Retiralo o pedilo con envío a todo el país.;<p>Trípode para aro LED que te permite montar el aro a la altura y el ángulo que necesitás.</p><ul><li>Altura regulable</li><li>Pensado para aros LED</li><li>Ideal para videos y fotos</li><li>Fácil de armar</li></ul><p>Retirá en nuestro local de Caseros 924, Villa Santa Rosa, Córdoba, o pedilo con envío a todo el país.</p>;431
6418;Billetera cuero;Mate y Termos > Accesorios de mate;Billetera de Cuero;billetera de cuero;billetera de cuero hombre, billetera de cuero genuino, billetera con tarjetero, billetera córdoba;Billetera de Cuero | Lucas Innovaciones;Billetera de cuero práctica para llevar tarjetas, billetes y documentos. Retirala en Villa Santa Rosa o pedila con envío.;<p>Billetera de cuero para llevar tarjetas, billetes y documentos de forma ordenada.</p><ul><li>Material: cuero</li><li>Varios compartimentos</li><li>Tamaño compacto</li><li>Ideal para el día a día</li></ul><p>Retirá en nuestro local de Caseros 924, Villa Santa Rosa, Córdoba, o pedilo con envío a todo el país.</p>;427
6411;Bolso matero cuero 100%;Mate y Termos > Mates;Bolso Matero de Cuero;bolso matero de cuero;bolso matero cuero, bolso para mate y termo, matera de cuero, bolso matero córdoba;Bolso Matero de Cuero | Lucas Innovaciones;Bolso matero de cuero para llevar el mate y el termo a todos lados. Retiralo en Villa Santa Rosa o pedilo con envío. Atendemos en Caseros 924, Córdoba.;<p>Bolso matero de cuero para llevar tu mate, tu termo y todo lo necesario a donde vayas.</p><ul><li>Material: cuero</li><li>Pensado para mate y termo</li><li>Diseño funcional</li><li>Ideal para salir</li></ul><p>Retirá en nuestro local de Caseros 924, Villa Santa Rosa, Córdoba, o pedilo con envío a todo el país.</p>;393
6427;Bombilla comun;Mate y Termos > Accesorios de mate;Bombilla Común;bombilla comun;bombilla para mate, bombilla mate económica, bombilla tradicional, bombilla córdoba;Bombilla Común | Lucas Innovaciones;Bombilla común para mate, de diseño tradicional. Retirala en Villa Santa Rosa o pedila con envío a todo el país. Atendemos en Caseros 924, Córdoba.;<p>Bombilla común de diseño tradicional para tomar mate todos los días.</p><ul><li>Diseño tradicional</li><li>Ideal para mate</li><li>Fácil de limpiar</li><li>Práctica para el uso diario</li></ul><p>Retirá en nuestro local de Caseros 924, Villa Santa Rosa, Córdoba, o pedilo con envío a todo el país.</p>;341
6426;Bombilla acero;Mate y Termos > Accesorios de mate;Bombilla de Acero;bombilla de acero;bombilla de acero inoxidable, bombilla para mate, bombilla mate, bombilla córdoba;Bombilla de Acero | Lucas Innovaciones;Bombilla de acero para mate: resistente y fácil de limpiar. Retirala en Villa Santa Rosa o pedila con envío a todo el país.;<p>Bombilla de acero para tomar mate todos los días, resistente y fácil de limpiar.</p><ul><li>Material: acero</li><li>Resistente al uso diario</li><li>Fácil de limpiar</li><li>Ideal para mate</li></ul><p>Retirá en nuestro local de Caseros 924, Villa Santa Rosa, Córdoba, o pedilo con envío a todo el país.</p>;402
6425;Bombillón;Mate y Termos > Accesorios de mate;Bombillón;bombillon para mate;bombillón de acero, bombilla para mate, bombillón mate, bombillón córdoba;Bombillón | Lucas Innovaciones;Bombillón para mate, una bombilla más robusta para tomar sin que se tape. Retirala o pedila con envío a todo el país. Atendemos en Caseros 924, Córdoba.;<p>Bombillón para mate, una bombilla robusta pensada para tomar todos los días.</p><ul><li>Formato bombillón</li><li>Ideal para mate</li><li>Fácil de limpiar</li><li>Práctico para el uso diario</li></ul><p>Retirá en nuestro local de Caseros 924, Villa Santa Rosa, Córdoba, o pedilo con envío a todo el país.</p>;368
6569;Botella Aluminio 500ml diseño;Mate y Termos > Vasos y botellas térmicas;Botella de Aluminio 500 ml Diseño;botella de aluminio 500 ml;botella térmica aluminio, botella aluminio con diseño, botella 500ml térmica, botella aluminio córdoba;Botella de Aluminio 500 ml Diseño | Lucas Innovaciones;Botella de aluminio de 500 ml con diseño, para llevar tu bebida al trabajo o la facultad. Retiralo en Villa Santa Rosa o pedilo con envío a todo el país.;<p>Una botella de aluminio de 500 ml con diseño, un tamaño cómodo para llevar tu bebida a la facultad, al trabajo o a cualquier salida.</p><ul><li>Capacidad de 500 ml</li><li>Material aluminio</li><li>Con diseño decorado</li><li>Tamaño ideal para mochila o bolso</li></ul><p>Retiralo en nuestro local de Caseros 924, Villa Santa Rosa, o pedilo con envío a todo el país.</p>;425
6446;Botella plástico c/colgante;Mate y Termos > Vasos y botellas térmicas;Botella de Plástico con Colgante;botella de plástico con colgante;botella con colgante, botella plástica para mochila, botella deportiva con colgante, botella para escuela;Botella de Plástico con Colgante | Lucas Innovaciones;Botella de plástico con colgante para enganchar en la mochila, ideal para la escuela o el gym. Retiralo en el local o pedilo con envío a todo el país.;<p>Una botella de plástico con colgante incorporado, práctica para engancharla en la mochila o el bolso y tener siempre algo para tomar.</p><ul><li>Material plástico liviano</li><li>Colgante para llevarla colgada</li><li>Fácil de llenar y de limpiar</li><li>Ideal para escuela, gym o viajes</li></ul><p>Retiralo en nuestro local de Caseros 924, Villa Santa Rosa, o pedilo con envío a todo el país.</p>;329
6442;Botella plástica Everlast;Mate y Termos > Vasos y botellas térmicas;Botella Plástica Everlast;botella everlast;botella plástica everlast, botella deportiva everlast, botella everlast precio, botella para gym;Botella Plástica Everlast | Lucas Innovaciones;Botella plástica Everlast resistente para llevar al gym, la escuela o el trabajo. Retiralo en Villa Santa Rosa o pedilo con envío a todo el país.;<p>La botella plástica Everlast es una opción liviana y resistente para tener agua a mano en el gimnasio, el trabajo o cualquier salida.</p><ul><li>Marca Everlast</li><li>Plástico resistente</li><li>Liviana y fácil de llevar</li><li>Ideal para entrenar o para el día a día</li></ul><p>Retiralo en nuestro local de Caseros 924, Villa Santa Rosa, o pedilo con envío a todo el país.</p>;419
6580;BOTELLA ROLAN MARMOLADA 500 CC;Mate y Termos > Vasos y botellas térmicas;Botella Rolan Marmolada 500 cc;botella rolan;botella rolan marmolada, botella térmica rolan, botella rolan 500 cc, botella rolan córdoba;Botella Rolan Marmolada 500 cc | Lucas Innovaciones;Botella Rolan Marmolada de 500 cc con diseño marmolado, para llevar tu bebida a todos lados. Retiralo en el local o pedilo con envío a todo el país.;<p>La botella Rolan Marmolada de 500 cc combina un tamaño práctico con un diseño marmolado distinto al resto. Va bien para el día a día.</p><ul><li>Marca Rolan</li><li>Capacidad de 500 cc</li><li>Diseño marmolado</li><li>Tamaño cómodo para mochila o bolso</li></ul><p>Retiralo en nuestro local de Caseros 924, Villa Santa Rosa, o pedilo con envío a todo el país.</p>;425
6444;Botella térmica infantil c/estuche;Mate y Termos > Vasos y botellas térmicas;Botella Térmica Infantil con Estuche;botella térmica infantil;botella térmica para chicos, botella infantil con estuche, botella térmica escolar, botella térmica niños;Botella Térmica Infantil con Estuche | Lucas Innovaciones;Botella térmica infantil con estuche, pensada para que los chicos lleven su bebida a la escuela. Retiralo en el local o pedilo con envío a todo el país.;<p>Una botella térmica pensada para los chicos, con estuche para transportarla. Es un tamaño práctico para la mochila escolar.</p><ul><li>Botella térmica de doble pared</li><li>Incluye estuche para transportarla</li><li>Tamaño pensado para mochilas escolares</li><li>Ideal para agua, jugo u otras bebidas</li></ul><p>Retiralo en nuestro local de Caseros 924, Villa Santa Rosa, o pedilo con envío a todo el país.</p>;454
6443;Botella térmica LUO;Mate y Termos > Vasos y botellas térmicas;Botella Térmica LUO;botella térmica luo;botella luo, botella térmica precio, botella térmica para mate, botella térmica córdoba;Botella Térmica LUO | Lucas Innovaciones;Botella térmica LUO para mate, café o té, con tapa hermética para llevar en la mochila. Retiralo en Villa Santa Rosa o pedilo con envío a todo el país.;<p>La botella térmica LUO te permite llevar tu bebida favorita a donde vayas, ya sea para mate, café o té.</p><ul><li>Modelo LUO</li><li>Doble pared aislante</li><li>Tapa hermética</li><li>Ideal para el trabajo, la facultad o los viajes</li></ul><p>Retiralo en nuestro local de Caseros 924, Villa Santa Rosa, o pedilo con envío a todo el país.</p>;424
6447;Botella térmica Stanley;Mate y Termos > Vasos y botellas térmicas;Botella Térmica Stanley;botella térmica stanley;botella stanley, botella stanley precio, botella térmica stanley córdoba, botella stanley térmica;Botella Térmica Stanley | Lucas Innovaciones;Botella térmica Stanley para llevar té, café o agua con la robustez de la marca. Retiralo en Villa Santa Rosa o pedilo con envío a todo el país.;<p>La botella térmica Stanley es una opción clásica para llevar té, café o agua a donde vayas, con la construcción robusta de la marca.</p><ul><li>Marca Stanley</li><li>Aislación térmica de doble pared</li><li>Tapa a rosca segura</li><li>Ideal para la mochila o el bolso</li></ul><p>Retiralo en nuestro local de Caseros 924, Villa Santa Rosa, o pedilo con envío a todo el país.</p>;467
6579;BOTELLA TERMITO ROLAN SPORT 7500 CC;Mate y Termos > Vasos y botellas térmicas;Botella Termito Rolan Sport;botella termito rolan;termito rolan sport, botella rolan sport, botella térmica rolan, botella térmica para gym;Botella Termito Rolan Sport | Lucas Innovaciones;Botella Termito Rolan Sport para mate, café o agua fría en entrenamientos, trabajo y viajes. Retiralo en el local o pedilo con envío a todo el país.;<p>La botella Termito Rolan Sport es una opción deportiva para tener tu bebida a mano durante entrenamientos, jornadas de trabajo o viajes.</p><ul><li>Marca Rolan, línea Sport</li><li>Aislación térmica de doble pared</li><li>Tapa segura para llevar sin derrames</li><li>Ideal para deporte y actividades al aire libre</li></ul><p>Retiralo en nuestro local de Caseros 924, Villa Santa Rosa, o pedilo con envío a todo el país.</p>;445
6578;BOTELLA TERMITO ROLAN SPORT 500 CC;Mate y Termos > Vasos y botellas térmicas;Botella Termito Rolan Sport 500 cc;botella termito rolan;termito rolan sport, botella rolan sport 500, botella térmica rolan, botella térmica para gym;Botella Termito Rolan Sport 500 cc | Lucas Innovaciones;Botella Termito Rolan Sport de 500 cc para llevar bebidas frías o calientes al gym y al trabajo. Retiralo en el local o pedilo con envío a todo el país.;<p>La botella Termito Rolan Sport de 500 cc es una opción deportiva para llevar al gimnasio, al trabajo o a cualquier salida, sin ocupar mucho lugar.</p><ul><li>Marca Rolan, línea Sport</li><li>Capacidad de 500 cc</li><li>Aislación térmica de doble pared</li><li>Tapa segura con cierre hermético</li></ul><p>Retiralo en nuestro local de Caseros 924, Villa Santa Rosa, o pedilo con envío a todo el país.</p>;497
6415;Chaulata tela;Mate y Termos > Mates;Chaulata de Tela;chaulata de tela;funda de mate, mate de tela, chaulata para mate, chaulata córdoba;Chaulata de Tela | Lucas Innovaciones;Chaulata de tela para tomar mate cómodo y cuidarte las manos del calor. Retirala en Villa Santa Rosa o pedila con envío.;<p>Chaulata de tela para tomar mate cómodo en cualquier lado. Consultá por este modelo en el local.</p><ul><li>Material: tela</li><li>Práctica para llevar</li><li>Ideal para mate</li><li>Uso diario</li></ul><p>Retirá en nuestro local de Caseros 924, Villa Santa Rosa, Córdoba, o pedilo con envío a todo el país.</p>;392
6431;Despulverizador;Mate y Termos > Mates;Despulverizador de Yerba;despulverizador de yerba;despulverizador mate, separador de polvo de yerba, accesorio para mate, despulverizador córdoba;Despulverizador de Yerba | Lucas Innovaciones;Despulverizador de yerba para sacar el polvo y tomar un mate más limpio. Retiralo en Villa Santa Rosa o pedilo con envío.;<p>Despulverizador para yerba mate, pensado para separar el polvo y preparar un mate más limpio.</p><ul><li>Separa el polvo de la yerba</li><li>Diseño compacto</li><li>Fácil de guardar</li><li>Ideal para quienes toman mate seguido</li></ul><p>Retirá en nuestro local de Caseros 924, Villa Santa Rosa, Córdoba, o pedilo con envío a todo el país.</p>;382
6575;Jarra CERVECERO STANLEY 710 ml;Mate y Termos > Vasos y botellas térmicas;Jarra Cervecero Stanley 710 ml;jarra stanley 710 ml;jarra cervecera stanley, jarra térmica stanley, stanley 710 ml, jarra stanley córdoba;Jarra Cervecero Stanley 710 ml | Lucas Innovaciones;Jarra Cervecero Stanley de 710 ml para llevar cerveza, agua o café con la marca de siempre. Retiralo en Villa Santa Rosa o pedilo con envío a todo el país.;<p>La jarra Cervecero Stanley de 710 ml es ideal para llevar cerveza, agua o café sin perder temperatura, con la resistencia típica de Stanley.</p><ul><li>Marca Stanley</li><li>Capacidad de 710 ml</li><li>Aislación térmica de doble pared</li><li>Tapa pensada para no perder líquido</li></ul><p>Retiralo en nuestro local de Caseros 924, Villa Santa Rosa, o pedilo con envío a todo el país.</p>;496
6424;Juego termo y 3 tazas;Mate y Termos > Termos;Juego de Termo con 3 Tazas;juego de termo y tazas;set termo con 3 tazas, termo con tazas, juego termo y tazas precio, termo con tazas córdoba;Juego de Termo con 3 Tazas | Lucas Innovaciones;Juego de termo con 3 tazas para compartir mate, té o café en casa o de viaje. Retiralo en Villa Santa Rosa o pedilo con envío a todo el país.;<p>Este juego trae un termo y 3 tazas para que compartas una bebida caliente sin andar buscando vasos. Va bien para viajes, asados o una tarde en casa.</p><ul><li>Incluye el termo y 3 tazas</li><li>Pensado para bebidas calientes</li><li>Fácil de transportar</li><li>Ideal para viajes, asados o reuniones</li></ul><p>Retiralo en nuestro local de Caseros 924, Villa Santa Rosa, o pedilo con envío a todo el país.</p>;471
6735;Mate camionero Acero;Mate y Termos > Mates;Mate Camionero de Acero;mate camionero acero;mate camionero, mate de acero inoxidable, mate camionero precio, mate camionero córdoba;Mate Camionero de Acero | Lucas Innovaciones;Mate camionero de acero, resistente para el uso diario y para llevar a todos lados. Retiralo o pedilo con envío a todo el país.;<p>Mate camionero de acero, resistente para el uso diario y para llevar de viaje.</p><ul><li>Material: acero</li><li>Formato camionero</li><li>Resistente a golpes</li><li>Fácil de limpiar</li></ul><p>Retirá en nuestro local de Caseros 924, Villa Santa Rosa, Córdoba, o pedilo con envío a todo el país.</p>;465
6715;Mate camionero Algarrobo Acero;Mate y Termos > Mates;Mate Camionero de Algarrobo y Acero;mate camionero algarrobo;mate camionero algarrobo acero, mate de algarrobo, mate camionero precio, mate camionero córdoba;Mate Camionero de Algarrobo y Acero | Lucas Innovaciones;Mate camionero de algarrobo y acero, resistente y cómodo para el mate de todos los días. Retiralo o pedilo con envío. Atendemos en Caseros 924, Córdoba.;<p>Mate camionero que combina algarrobo y acero, para tomar mate todos los días.</p><ul><li>Materiales: algarrobo y acero</li><li>Formato camionero</li><li>Resistente</li><li>Fácil de limpiar</li></ul><p>Retirá en nuestro local de Caseros 924, Villa Santa Rosa, Córdoba, o pedilo con envío a todo el país.</p>;415
6734;Mate camionero Alpaca;Mate y Termos > Mates;Mate Camionero de Alpaca;mate camionero alpaca;mate camionero, mate de alpaca, mate camionero precio, mate camionero córdoba;Mate Camionero de Alpaca | Lucas Innovaciones;Mate camionero de alpaca, robusto y pensado para el uso diario. Retiralo en Villa Santa Rosa o pedilo con envío a todo el país.;<p>Mate camionero de alpaca, robusto y pensado para llevar a todos lados.</p><ul><li>Material: alpaca</li><li>Formato camionero</li><li>Diseño robusto</li><li>Fácil de limpiar</li></ul><p>Retirá en nuestro local de Caseros 924, Villa Santa Rosa, Córdoba, o pedilo con envío a todo el país.</p>;353
6736;Mate Clasic Neo meta;Mate y Termos > Mates;Mate Clasic Neo Meta;mate clasic neo;mate torpedo alpaca, mate neo meta, mate de alpaca, mate clasic córdoba;Mate Clasic Neo Meta | Lucas Innovaciones;Mate Clasic Neo Meta de alpaca, de formato torpedo. Retiralo en Villa Santa Rosa o pedilo con envío a todo el país. Atendemos en Caseros 924, Córdoba.;<p>Mate Clasic Neo Meta de formato torpedo, de alpaca, para tomar mate todos los días.</p><ul><li>Material: alpaca</li><li>Formato torpedo</li><li>Cómodo para tomar</li><li>Fácil de limpiar</li></ul><p>Retirá en nuestro local de Caseros 924, Villa Santa Rosa, Córdoba, o pedilo con envío a todo el país.</p>;408
6436;Mate algarrobo bronce;Mate y Termos > Mates;Mate de Algarrobo con Detalles en Bronce;mate de algarrobo;mate algarrobo bronce, mate de madera, mate artesanal, mate de algarrobo córdoba;Mate de Algarrobo con Detalles en Bronce;Mate de algarrobo con detalles en bronce, tradicional y con carácter. Retiralo en Villa Santa Rosa o pedilo con envío al país.;<p>Mate de algarrobo con detalles en bronce para disfrutar el mate de todos los días.</p><ul><li>Material: algarrobo</li><li>Detalles en bronce</li><li>Diseño tradicional</li><li>Cómodo de sostener</li></ul><p>Retirá en nuestro local de Caseros 924, Villa Santa Rosa, Córdoba, o pedilo con envío a todo el país.</p>;464
6440;Matepa alpaca;Mate y Termos > Mates;Mate de Alpaca;mate de alpaca;matepa alpaca, mate alpaca precio, mate de alpaca pulido, mate alpaca córdoba;Mate de Alpaca | Lucas Innovaciones;Mate de alpaca de estilo clásico y buena terminación. Retiralo en Villa Santa Rosa o pedilo con envío a todo el país. Atendemos en Caseros 924, Córdoba.;<p>Mate de alpaca de estilo clásico, ideal para tomar mate con estilo.</p><ul><li>Material: alpaca</li><li>Estilo clásico</li><li>Acabado pulido</li><li>Ideal para regalar</li></ul><p>Retirá en nuestro local de Caseros 924, Villa Santa Rosa, Córdoba, o pedilo con envío a todo el país.</p>;492
6435;Mate cuero y alpaca;Mate y Termos > Mates;Mate de Cuero y Alpaca;mate de cuero y alpaca;mate cuero alpaca, mate de cuero, mate de alpaca, mate cuero córdoba;Mate de Cuero y Alpaca | Lucas Innovaciones;Mate de cuero y alpaca, de estilo clásico y buena terminación. Retiralo en Villa Santa Rosa o pedilo con envío a todo el país.;<p>Mate de cuero y alpaca, de estilo clásico, para tomar mate todos los días.</p><ul><li>Materiales: cuero y alpaca</li><li>Diseño clásico</li><li>Cómodo para sostener</li><li>Ideal para regalar</li></ul><p>Retirá en nuestro local de Caseros 924, Villa Santa Rosa, Córdoba, o pedilo con envío a todo el país.</p>;488
6437;Mate PVC;Mate y Termos > Mates;Mate de PVC;mate pvc;mate de plástico, mate económico, mate resistente, mate pvc córdoba;Mate de PVC | Lucas Innovaciones;Mate de PVC liviano y resistente, ideal para el uso diario y para llevar. Retiralo en Villa Santa Rosa o pedilo con envío.;<p>Mate de PVC, un material resistente a golpes y caídas, para el uso diario.</p><ul><li>Material: PVC</li><li>Resistente a golpes</li><li>Fácil de limpiar</li><li>Práctico para llevar</li></ul><p>Retirá en nuestro local de Caseros 924, Villa Santa Rosa, Córdoba, o pedilo con envío a todo el país.</p>;332
6733;Mate imperial;Mate y Termos > Mates;Mate Imperial;mate imperial;mate imperial precio, mate imperial clásico, mate para regalar, mate imperial córdoba;Mate Imperial | Lucas Innovaciones;Mate imperial de estilo clásico, ideal para tu mate de todos los días o para regalar. Retiralo o pedilo con envío al país.;<p>Mate imperial de estilo clásico, ideal para tomar mate todos los días o para regalar.</p><ul><li>Modelo imperial</li><li>Diseño clásico</li><li>Cómodo para sostener</li><li>Ideal para regalar</li></ul><p>Retirá en nuestro local de Caseros 924, Villa Santa Rosa, Córdoba, o pedilo con envío a todo el país.</p>;343
6732;Mate imperial PROMO;Mate y Termos > Mates;Mate Imperial Promo;mate imperial;mate imperial económico, mate imperial precio, mate para regalar, mate imperial córdoba;Mate Imperial Promo | Lucas Innovaciones;Mate imperial en versión Promo, de estilo clásico para el uso diario. Retiralo en Villa Santa Rosa o pedilo con envío. Atendemos en Caseros 924, Córdoba.;<p>Mate imperial en versión Promo, de estilo clásico, para tomar mate todos los días.</p><ul><li>Modelo imperial</li><li>Versión Promo</li><li>Diseño clásico</li><li>Ideal para regalar</li></ul><p>Retirá en nuestro local de Caseros 924, Villa Santa Rosa, Córdoba, o pedilo con envío a todo el país.</p>;441
6602;Mate Neo pampa;Mate y Termos > Mates;Mate Neo Pampa;mate neo pampa;mate pampa, mate de cerámica, mate neo pampa precio, mate pampa córdoba;Mate Neo Pampa | Lucas Innovaciones;Mate Neo Pampa para disfrutar tu ritual del mate todos los días. Retiralo en Villa Santa Rosa o pedilo con envío a todo el país.;<p>El Mate Neo Pampa es un mate práctico para tomar todos los días.</p><ul><li>Modelo Neo Pampa</li><li>Tamaño práctico</li><li>Fácil de limpiar</li><li>Ideal para el uso diario</li></ul><p>Retirá en nuestro local de Caseros 924, Villa Santa Rosa, Córdoba, o pedilo con envío a todo el país.</p>;396
6433;Mate pampa XL;Mate y Termos > Mates;Mate Pampa XL;mate pampa xl;mate pampa grande, mate xl, mate pampa precio, mate pampa córdoba;Mate Pampa XL | Lucas Innovaciones;Mate Pampa XL de tamaño grande, para quienes toman mates bien cargados. Retiralo en Villa Santa Rosa o pedilo con envío.;<p>El Mate Pampa XL es un mate de tamaño grande, ideal para quienes lo prefieren bien cargado.</p><ul><li>Tamaño XL</li><li>Modelo Pampa</li><li>Fácil de limpiar</li><li>Ideal para el uso diario</li></ul><p>Retirá en nuestro local de Caseros 924, Villa Santa Rosa, Córdoba, o pedilo con envío a todo el país.</p>;411
6438;Mate tipo Stanley;Mate y Termos > Mates;Mate Tipo Stanley;mate tipo stanley;mate estilo stanley, mate térmico, mate de acero, mate tipo stanley córdoba;Mate Tipo Stanley | Lucas Innovaciones;Mate tipo Stanley, resistente y práctico para tomar mate donde quieras. Retiralo en Villa Santa Rosa o pedilo con envío.;<p>Mate con estilo Stanley, pensado para llevar a todos lados y tomar mate donde quieras.</p><ul><li>Estilo Stanley</li><li>Resistente a golpes</li><li>Fácil de limpiar</li><li>Ideal para llevar</li></ul><p>Retirá en nuestro local de Caseros 924, Villa Santa Rosa, Córdoba, o pedilo con envío a todo el país.</p>;360
6737;Mate Torpedo Bronce;Mate y Termos > Mates;Mate Torpedo Bronce;mate torpedo bronce;mate torpedo, mate de bronce, mate torpedo precio, mate torpedo córdoba;Mate Torpedo Bronce | Lucas Innovaciones;Mate torpedo con acabado bronce, de estilo clásico. Retiralo en Villa Santa Rosa o pedilo con envío a todo el país. Atendemos en Caseros 924, Córdoba.;<p>Mate torpedo con acabado bronce, de estilo clásico, para tomar mate todos los días.</p><ul><li>Forma torpedo</li><li>Acabado bronce</li><li>Cómodo de sostener</li><li>Fácil de limpiar</li></ul><p>Retirá en nuestro local de Caseros 924, Villa Santa Rosa, Córdoba, o pedilo con envío a todo el país.</p>;502
6716;Mochila Matera Ona Eco Blanco;Mate y Termos > Mates;Mochila Matera Ona Eco Blanco;mochila matera;bolso matero, mochila matera blanca, mochila para mate y termo, mochila matera córdoba;Mochila Matera Ona Eco Blanco | Lucas Innovaciones;Mochila matera Ona Eco en color blanco para llevar mate, termo y accesorios. Retiralo en Villa Santa Rosa o pedilo con envío a todo el país.;<p>La mochila matera Ona Eco en color blanco está pensada para llevar tu mate a todos lados: el termo, el mate y lo que necesites para cebar, todo en un solo lugar.</p><ul><li>Modelo Ona Eco, color blanco</li><li>Compartimentos para mate, termo y accesorios</li><li>Ideal para la facultad, el trabajo o una juntada</li><li>Se lleva cómoda a la espalda</li></ul><p>Retiralo en nuestro local de Caseros 924, Villa Santa Rosa, o pedilo con envío a todo el país.</p>;436
6717;Mochila Matera Ona Eco Plata;Mate y Termos > Mates;Mochila Matera Ona Eco Plata;mochila matera;bolso matero, mochila matera plata, mochila para mate y termo, mochila matera córdoba;Mochila Matera Ona Eco Plata | Lucas Innovaciones;Mochila matera Ona Eco en color plata para llevar mate, termo y accesorios. Retiralo en Villa Santa Rosa o pedilo con envío a todo el país.;<p>La mochila matera Ona Eco en color plata te permite salir con todo el equipo de mate encima: termo, mate y accesorios organizados y a mano.</p><ul><li>Modelo Ona Eco, color plata</li><li>Espacio para mate, termo y accesorios</li><li>Práctica para salidas, trabajo o viajes</li><li>Se lleva cómoda a la espalda</li></ul><p>Retiralo en nuestro local de Caseros 924, Villa Santa Rosa, o pedilo con envío a todo el país.</p>;427
6417;Posa mate auto cuero;Mate y Termos > Mates;Posa Mate para Auto de Cuero;posa mate para auto;posa mate auto cuero, porta mate para auto, soporte de mate para auto, posa mate córdoba;Posa Mate para Auto de Cuero | Lucas Innovaciones;Posa mate de cuero para el auto: apoyá tu mate o termo de forma segura al manejar. Retiralo en Villa Santa Rosa o pedilo con envío a todo el país.;<p>Este posa mate de cuero para auto te ayuda a viajar con tu mate a mano y bien apoyado. Se coloca en el portavasos y le da más orden al interior del vehículo.</p><ul><li>Terminación en cuero</li><li>Pensado para usar en el portavasos del auto</li><li>Ayuda a evitar golpes y vuelcos del mate</li><li>Ideal para viajes largos o el trayecto diario</li></ul><p>Retiralo en nuestro local de Caseros 924, Villa Santa Rosa, o pedilo con envío a todo el país.</p>;381
6416;Posa mate auto tela;Mate y Termos > Mates;Posa Mate para Auto de Tela;posa mate para auto;posa mate auto tela, porta mate para auto, soporte de mate para auto, posa mate córdoba;Posa Mate para Auto de Tela | Lucas Innovaciones;Posa mate de tela para el auto: sostené tu mate firme mientras viajás. Retiralo en Villa Santa Rosa o pedilo con envío a todo el país.;<p>El posa mate de tela para auto mantiene tu mate firme mientras manejás o viajás, para que no se te vuelque ni ruede por el asiento.</p><ul><li>Fabricado en tela</li><li>Sirve para llevar el mate en el auto</li><li>Práctico también para usar en el trabajo</li><li>Simple de colocar y de guardar</li></ul><p>Retiralo en nuestro local de Caseros 924, Villa Santa Rosa, o pedilo con envío a todo el país.</p>;393
6420;Set mate y termo Charly 1L;Mate y Termos > Termos;Set Mate y Termo Charly 1 L;set matero con termo;set mate y termo, set matero charly, termo 1 litro con mate, set matero córdoba;Set Mate y Termo Charly 1 L | Lucas Innovaciones;Set Charly de mate y termo de 1 litro para tener todo junto y salir a cebar. Retiralo en Villa Santa Rosa o pedilo con envío a todo el país.;<p>El set Charly reúne mate y termo de 1 litro en un solo conjunto, listo para usar en la oficina, la facultad o cuando salís a pasear.</p><ul><li>Incluye mate y termo</li><li>Termo de 1 litro de capacidad</li><li>Todo lo básico para cebar en un solo set</li><li>Buena opción para regalar</li></ul><p>Retiralo en nuestro local de Caseros 924, Villa Santa Rosa, o pedilo con envío a todo el país.</p>;416
6449;Tapa de termo;Mate y Termos > Accesorios de mate;Tapa de Termo;tapa de termo;tapa para termo, repuesto de tapa de termo, tapón de termo, tapa de termo córdoba;Tapa de Termo | Lucas Innovaciones;Tapa de repuesto para termo: reemplazá la que perdiste o rompiste. Retirala en Villa Santa Rosa o pedila con envío al país.;<p>Tapa de repuesto para termo, útil si perdiste la original o querés tener una de más.</p><ul><li>Repuesto para termo</li><li>Ideal si se perdió o rompió la original</li><li>Práctica y simple</li><li>Revisá que coincida con tu termo</li></ul><p>Retirá en nuestro local de Caseros 924, Villa Santa Rosa, Córdoba, o pedilo con envío a todo el país.</p>;339
6718;Termo media manija 1L;Mate y Termos > Mates;Termo Media Manija 1 L;termo media manija 1 litro;termo 1 litro con manija, termo media manija, termo para mate 1 litro, termo media manija córdoba;Termo Media Manija 1 L | Lucas Innovaciones;Termo media manija de 1 litro para mate, café o té, con transporte cómodo en la mano. Retiralo en Villa Santa Rosa o pedilo con envío a todo el país.;<p>El termo con media manija de 1 litro es ideal para mate, café o té. La manija facilita llevarlo y servir, y el litro alcanza para varias rondas.</p><ul><li>Capacidad de 1 litro</li><li>Media manija para transportarlo cómodo</li><li>Sirve para bebidas calientes</li><li>Ideal para compartir en casa o en el trabajo</li></ul><p>Retiralo en nuestro local de Caseros 924, Villa Santa Rosa, o pedilo con envío a todo el país.</p>;507
6419;Termo MyR Stanley 1.2L;Mate y Termos > Termos;Termo MyR Stanley 1.2 L;termo stanley 1.2 litros;termo myr stanley, stanley 1.2 litros, termo stanley 1200 ml, termo stanley córdoba;Termo MyR Stanley 1.2 L | Lucas Innovaciones;Termo MyR Stanley de 1.2 litros para llevar bebidas frías o calientes todo el día. Retiralo en Villa Santa Rosa o pedilo con envío a todo el país.;<p>El termo MyR Stanley de 1.2 litros ofrece un poco más de capacidad que el clásico de 1 litro, ideal para la oficina, el campo o los viajes.</p><ul><li>Marca Stanley, modelo MyR</li><li>Capacidad de 1.2 litros</li><li>Aislación térmica de doble pared</li><li>Para bebidas frías en verano o calientes en invierno</li></ul><p>Retiralo en nuestro local de Caseros 924, Villa Santa Rosa, o pedilo con envío a todo el país.</p>;512
6441;Termo mate;Mate y Termos > Mates;Termo para Mate;termo para mate;termo mate, termo para agua caliente, termo de mate precio, termo córdoba;Termo para Mate | Lucas Innovaciones;Termo para mate para tener agua caliente a mano en casa, el trabajo o la calle. Retiralo en Villa Santa Rosa o pedilo con envío a todo el país.;<p>Un termo para mate es el básico de todo cebador: te permite llevar el agua caliente y tomar mate durante horas sin tener que volver a calentarla.</p><ul><li>Pensado para conservar la temperatura del agua</li><li>Fácil de limpiar y de transportar</li><li>Ideal para la casa, la oficina o la facultad</li><li>Un clásico para el día a día</li></ul><p>Retiralo en nuestro local de Caseros 924, Villa Santa Rosa, o pedilo con envío a todo el país.</p>;390
6422;Stanley 1L;Mate y Termos > Termos;Termo Stanley 1 L;termo stanley 1 litro;stanley 1 litro, termo stanley precio, termo stanley córdoba, termo stanley para mate;Termo Stanley 1 L | Lucas Innovaciones;Termo Stanley de 1 litro para mate, café o té, con tapa a rosca segura. Retiralo en Villa Santa Rosa o pedilo con envío a todo el país.;<p>El termo Stanley de 1 litro es un clásico para llevar bebidas calientes o frías al trabajo, a la facultad o a una salida al aire libre.</p><ul><li>Marca Stanley</li><li>Capacidad de 1 litro</li><li>Aislación térmica de doble pared</li><li>Tapa a rosca para evitar derrames</li></ul><p>Retiralo en nuestro local de Caseros 924, Villa Santa Rosa, o pedilo con envío a todo el país.</p>;404
6421;Stanley mod. nuevo 1L;Mate y Termos > Termos;Termo Stanley Modelo Nuevo 1 L;termo stanley 1 litro;stanley modelo nuevo, termo stanley precio, stanley 1 litro nuevo, termo stanley córdoba;Termo Stanley Modelo Nuevo 1 L | Lucas Innovaciones;Termo Stanley modelo nuevo de 1 litro para llevar mate, café o agua fría. Retiralo en Villa Santa Rosa o pedilo con envío a todo el país.;<p>El Stanley de 1 litro en su modelo nuevo es un termo pensado para acompañarte todo el día, sea con agua caliente para el mate o una bebida fría para el gym.</p><ul><li>Marca Stanley, modelo nuevo</li><li>Capacidad de 1 litro</li><li>Aislación térmica de doble pared</li><li>Tapa pensada para llevarlo en la mochila</li></ul><p>Retiralo en nuestro local de Caseros 924, Villa Santa Rosa, o pedilo con envío a todo el país.</p>;435
6423;Termo tipo Termolar 1L;Mate y Termos > Termos;Termo tipo Termolar 1 L;termo tipo termolar 1 litro;termo termolar 1 litro, termo 1 litro para mate, termo económico 1 litro, termo tipo termolar córdoba;Termo tipo Termolar 1 L | Lucas Innovaciones;Termo tipo Termolar de 1 litro para mantener el agua del mate caliente por horas. Retiralo en Villa Santa Rosa o pedilo con envío a todo el país.;<p>Este termo de 1 litro, de estilo Termolar, es una opción práctica para tener agua caliente durante el día en el trabajo, la facultad o los viajes.</p><ul><li>Capacidad de 1 litro</li><li>Doble pared para aislar la temperatura</li><li>Tapa segura y fácil de usar</li><li>Ideal para compartir el mate</li></ul><p>Retiralo en nuestro local de Caseros 924, Villa Santa Rosa, o pedilo con envío a todo el país.</p>;365
6445;Toma todo Stanley 350ml;Mate y Termos > Vasos y botellas térmicas;Toma Todo Stanley 350 ml;toma todo stanley;vaso stanley 350 ml, toma todo stanley precio, vaso térmico stanley, toma todo stanley córdoba;Toma Todo Stanley 350 ml | Lucas Innovaciones;Toma Todo Stanley de 350 ml, vaso térmico compacto para café, té y más. Retiralo en Villa Santa Rosa o pedilo con envío a todo el país.;<p>El Toma Todo Stanley de 350 ml es un vaso térmico compacto para llevar café, té o lo que quieras tomar, con la durabilidad de la marca.</p><ul><li>Marca Stanley</li><li>Capacidad de 350 ml</li><li>Aislación térmica de doble pared</li><li>Tapa hermética</li></ul><p>Retiralo en nuestro local de Caseros 924, Villa Santa Rosa, o pedilo con envío a todo el país.</p>;452
6577;Vaso Cafe 473ml c/destapador;Mate y Termos > Vasos y botellas térmicas;Vaso Café 473 ml con Destapador;vaso térmico 473 ml;vaso café térmico, vaso térmico con destapador, vaso térmico para café, vaso térmico córdoba;Vaso Café 473 ml con Destapador | Lucas Innovaciones;Vaso térmico de café de 473 ml con destapador, para llevar tu café al trabajo o al auto. Retiralo en Villa Santa Rosa o pedilo con envío a todo el país.;<p>Un vaso térmico de 473 ml para llevar tu café a todos lados. Incluye destapador, un extra práctico para el día a día.</p><ul><li>Capacidad de 473 ml</li><li>Doble pared para aislar la temperatura</li><li>Incluye destapador</li><li>Ideal para café, té u otras bebidas</li></ul><p>Retiralo en nuestro local de Caseros 924, Villa Santa Rosa, o pedilo con envío a todo el país.</p>;461
6428;Vaso café Stanley;Mate y Termos > Vasos y botellas térmicas;Vaso Café Stanley;vaso stanley;vaso térmico stanley, vaso café stanley, vaso stanley precio, vaso stanley córdoba;Vaso Café Stanley | Lucas Innovaciones;Vaso café Stanley térmico para llevar café o té a la temperatura justa. Retiralo en Villa Santa Rosa o pedilo con envío a todo el país.;<p>El vaso café Stanley es una opción práctica para llevar tu café, té o lo que más tomes, con la marca de siempre en termos y vasos.</p><ul><li>Marca Stanley</li><li>Aislación térmica de doble pared</li><li>Material resistente</li><li>Fácil de limpiar</li></ul><p>Retiralo en nuestro local de Caseros 924, Villa Santa Rosa, o pedilo con envío a todo el país.</p>;440
6434;Vaso café Starbucks;Mate y Termos > Vasos y botellas térmicas;Vaso Café Starbucks;vaso starbucks;vaso térmico starbucks, vaso café starbucks, vaso starbucks precio, vaso starbucks córdoba;Vaso Café Starbucks | Lucas Innovaciones;Vaso café Starbucks térmico para llevar tu café o té a la oficina, al auto o a la facultad. Retiralo en Villa Santa Rosa o pedilo con envío a todo el país.;<p>Un vaso térmico con diseño Starbucks para llevar tu café, té o la bebida que prefieras al trabajo, al auto o a la mochila.</p><ul><li>Diseño Starbucks</li><li>Doble pared aislante</li><li>Tamaño compacto</li><li>Ideal para portavasos del auto</li></ul><p>Retiralo en nuestro local de Caseros 924, Villa Santa Rosa, o pedilo con envío a todo el país.</p>;528
6429;Vaso Rolan;Mate y Termos > Vasos y botellas térmicas;Vaso Rolan;vaso rolan;vaso térmico rolan, vaso rolan precio, vaso rolan café, vaso rolan córdoba;Vaso Rolan | Lucas Innovaciones;Vaso térmico Rolan para llevar café, té o lo que quieras tomar sin que se enfríe. Retiralo en Villa Santa Rosa o pedilo con envío a todo el país.;<p>El vaso Rolan es una opción simple para llevar tu café o té a la oficina, el auto o la facultad, y mantener la bebida a buena temperatura.</p><ul><li>Marca Rolan</li><li>Doble pared aislante</li><li>Tapa hermética</li><li>Ideal para uso diario</li></ul><p>Retiralo en nuestro local de Caseros 924, Villa Santa Rosa, o pedilo con envío a todo el país.</p>;453
6954;Vaso térmico 1.2L doble pico;Mate y Termos > Vasos y botellas térmicas;Vaso Térmico 1.2 L Doble Pico;vaso térmico 1.2 litros;vaso térmico doble pico, vaso térmico 1200 ml, vaso térmico grande, vaso térmico para mate;Vaso Térmico 1.2 L Doble Pico | Lucas Innovaciones;Vaso térmico de 1.2 litros con doble pico, para tomar mate, té o lo que quieras todo el día. Retiralo en el local o pedilo con envío a todo el país.;<p>Un vaso térmico de 1.2 litros con doble pico, una opción grande para llevar tu bebida a todos lados sin tener que recargar.</p><ul><li>Capacidad de 1.2 litros</li><li>Doble pico</li><li>Aislación térmica</li><li>Ideal para mate, té u otras bebidas</li></ul><p>Retiralo en nuestro local de Caseros 924, Villa Santa Rosa, o pedilo con envío a todo el país.</p>;380
6414;Yerbera chaulata Cuero;Mate y Termos > Mates;Yerbera Chaulata de Cuero;yerbera de cuero;yerbera chaulata, yerbera chaulata cuero, yerbera para llevar, yerbera córdoba;Yerbera Chaulata de Cuero | Lucas Innovaciones;Yerbera chaulata de cuero para llevar la yerba del mate a cualquier lado. Retiralo en Villa Santa Rosa o pedilo con envío a todo el país.;<p>La yerbera chaulata de cuero te permite llevar la yerba a todos lados sin que se desparrame, con ese estilo artesanal que tienen las piezas de cuero.</p><ul><li>Hecha en cuero</li><li>Diseño chaulata clásico</li><li>Práctica para llevar en el bolso o la mochila</li><li>Complemento ideal para tu equipo de mate</li></ul><p>Retiralo en nuestro local de Caseros 924, Villa Santa Rosa, o pedilo con envío a todo el país.</p>;477
6653;Botella Ice Cream;Otros > Varios;Botella Ice Cream;botella ice cream;botella ice cream precio, botella de diseño ice cream, botella para agua, botella ice cream córdoba;Botella Ice Cream | Lucas Innovaciones;Botella Ice Cream para llevar tu bebida a la escuela, el trabajo o una salida. Retiralo en Villa Santa Rosa o pedilo con envío a todo el país.;<p>La botella Ice Cream es una opción práctica para tener tu bebida a mano en la escuela, el trabajo o una salida al aire libre.</p><ul><li>Modelo Ice Cream</li><li>Tapa de uso simple</li><li>Fácil de llevar en mochila o bolso</li><li>Ideal para el día a día</li></ul><p>Retiralo en nuestro local de Caseros 924, Villa Santa Rosa, o pedilo con envío a todo el país.</p>;442
6622;Cafetera Espresso Oryx;Otros > Varios;Cafetera Espresso Oryx;cafetera espresso;cafetera espresso oryx, cafetera express, cafetera para espresso en casa, cafetera oryx córdoba;Cafetera Espresso Oryx | Lucas Innovaciones;Cafetera espresso Oryx para preparar café en casa, de tamaño compacto. Retiralo en Villa Santa Rosa o pedilo con envío a todo el país.;<p>La cafetera espresso Oryx te permite preparar tu café en casa sin depender de la cafetería, con un diseño pensado para ocupar poco lugar.</p><ul><li>Marca Oryx</li><li>Cafetera de tipo espresso</li><li>Diseño compacto</li><li>Ideal para la cocina del hogar</li></ul><p>Retiralo en nuestro local de Caseros 924, Villa Santa Rosa, o pedilo con envío a todo el país.</p>;428
6790;Calculadora OASIS colores;Otros > Varios;Calculadora Oasis de Colores;calculadora oasis;calculadora de colores, calculadora oasis colores, calculadora escolar, calculadora para oficina;Calculadora Oasis de Colores | Lucas Innovaciones;Calculadora Oasis de colores para el escritorio, el estudio o la oficina. Retiralo en Villa Santa Rosa o pedilo con envío a todo el país.;<p>La calculadora Oasis viene en varios colores y es ideal para hacer las operaciones de todos los días en el estudio, la oficina o el comercio.</p><ul><li>Marca Oasis</li><li>Disponible en distintos colores</li><li>Tamaño cómodo para el escritorio o la mochila</li><li>Ideal para estudio y trabajo</li></ul><p>Retiralo en nuestro local de Caseros 924, Villa Santa Rosa, o pedilo con envío a todo el país.</p>;349
6841;Contadora de billetes IBEK COB241001;Otros > Contadoras de billetes;Contadora de Billetes IBEK COB241001;contadora de billetes;contadora de billetes ibek, maquina contadora de billetes, contadora de billetes precio, contadora de billetes córdoba;Contadora de Billetes IBEK COB241001 | Lucas Innovaciones;Contadora de billetes IBEK COB241001 para comercios y negocios que manejan efectivo. Retiralo en Villa Santa Rosa o pedilo con envío a todo el país.;<p>La contadora de billetes IBEK COB241001 te ayuda a contar el efectivo sin hacerlo a mano. Es útil para comercios, kioscos y cualquier negocio con caja.</p><ul><li>Marca IBEK, modelo COB241001</li><li>Pensada para el conteo de billetes</li><li>Con display para ver el resultado</li><li>Ideal para comercios y cajas de atención</li></ul><p>Retiralo en nuestro local de Caseros 924, Villa Santa Rosa, o pedilo con envío a todo el país.</p>;485
6842;Contadora de billetes IBEK COB241002;Otros > Contadoras de billetes;Contadora de Billetes IBEK COB241002;contadora de billetes;contadora de billetes ibek, maquina contadora de billetes, contadora de billetes precio, contadora de billetes córdoba;Contadora de Billetes IBEK COB241002 | Lucas Innovaciones;Contadora de billetes IBEK COB241002 para comercios y negocios que manejan efectivo. Retiralo en Villa Santa Rosa o pedilo con envío a todo el país.;<p>La contadora de billetes IBEK COB241002 hace el conteo de efectivo por vos, con menos errores y más rapidez que contar a mano.</p><ul><li>Marca IBEK, modelo COB241002</li><li>Pensada para el conteo de billetes</li><li>Con display para ver el resultado</li><li>Ideal para locales, negocios y cajas de atención</li></ul><p>Retiralo en nuestro local de Caseros 924, Villa Santa Rosa, o pedilo con envío a todo el país.</p>;436
6650;Drone TXD85 HD;Otros > Varios;Drone TXD85 HD;drone txd85;drone hd, drone con cámara, drone para principiantes, drone córdoba;Drone TXD85 HD | Lucas Innovaciones;Drone TXD85 HD con cámara, una opción para empezar a volar y grabar desde el aire. Retiralo en Villa Santa Rosa o pedilo con envío a todo el país.;<p>El drone TXD85 HD con cámara es una buena puerta de entrada para quien quiere empezar a volar y hacer sus primeras imágenes aéreas.</p><ul><li>Modelo TXD85 con cámara HD</li><li>Pensado para quienes empiezan</li><li>Para fotos y videos desde el aire</li><li>Ideal para pasear y practicar</li></ul><p>Retiralo en nuestro local de Caseros 924, Villa Santa Rosa, o pedilo con envío a todo el país.</p>;375
6372;Humificador;Otros > Varios;Humidificador de Ambiente;humidificador de ambiente;humidificador, humificador, humidificador para habitación, humidificador córdoba;Humidificador de Ambiente | Lucas Innovaciones;Humidificador de ambiente para sumar humedad al aire en tu habitación o lugar de trabajo. Retiralo en Villa Santa Rosa o pedilo con envío a todo el país.;<p>Un humidificador de ambiente ayuda a que el aire no esté tan seco, sobre todo en invierno o cuando usás calefacción.</p><ul><li>Ideal para habitaciones y espacios de trabajo</li><li>Útil en ambientes secos</li><li>Sirve en épocas de calefacción</li><li>Tamaño práctico para el hogar</li></ul><p>Retiralo en nuestro local de Caseros 924, Villa Santa Rosa, o pedilo con envío a todo el país.</p>;421
8338;Kit de cables 1500w 8 Gauge JDM;Otros > Varios;Kit de Cables 1500 W 8 Gauge JDM;kit de cables 1500w;kit de cables 8 gauge, kit de cables 1500 w jdm, kit de instalación 8 gauge, kit de cables córdoba;Kit de Cables 1500 W 8 Gauge JDM | Lucas Innovaciones;Kit de cables JDM de 1500 W y 8 Gauge para instalaciones eléctricas del vehículo. Retiralo en Villa Santa Rosa o pedilo con envío a todo el país.;<p>Este kit de cables JDM de 1500 W y 8 Gauge está pensado para realizar conexiones de potencia con el calibre adecuado. Consultanos por el uso que le querés dar.</p><ul><li>Marca JDM</li><li>Potencia de 1500 W</li><li>Calibre 8 Gauge</li><li>Consultá en el local para qué instalación te sirve</li></ul><p>Retiralo en nuestro local de Caseros 924, Villa Santa Rosa, o pedilo con envío a todo el país.</p>;0
6598;Kit de herramientas manuales NAPPO nhk 237;Otros > Varios;Kit de Herramientas Manuales NAPPO NHK 237;kit de herramientas manuales;set de herramientas nappo, nappo nhk 237, kit de herramientas para el hogar, juego de herramientas córdoba;Kit de Herramientas Manuales NAPPO NHK 237;Kit de herramientas manuales NAPPO NHK 237 para reparaciones y trabajos en el hogar. Retiralo en Villa Santa Rosa o pedilo con envío a todo el país.;<p>El kit de herramientas manuales NAPPO NHK 237 reúne lo básico para resolver arreglos en casa, armar muebles o hacer trabajos generales.</p><ul><li>Marca NAPPO, modelo NHK 237</li><li>Set con herramientas manuales</li><li>Ideal para reparaciones del hogar</li><li>Fácil de guardar</li></ul><p>Retiralo en nuestro local de Caseros 924, Villa Santa Rosa, o pedilo con envío a todo el país.</p>;489
6668;Pendrive Hiksemi 64gb;Otros > Varios;Pendrive Hiksemi 64 GB;pendrive 64 gb;pendrive hiksemi, pendrive hiksemi 64gb, pendrive 64gb precio, pendrive córdoba;Pendrive Hiksemi 64 GB | Lucas Innovaciones;Pendrive Hiksemi de 64 GB para guardar y mover documentos, fotos y videos. Retiralo en Villa Santa Rosa o pedilo con envío a todo el país.;<p>El pendrive Hiksemi de 64 GB te da espacio para guardar documentos, fotos y videos, y para pasar archivos de una computadora a otra.</p><ul><li>Marca Hiksemi</li><li>Capacidad de 64 GB</li><li>Diseño compacto para llevar a todos lados</li><li>Ideal para trabajo, estudio y uso personal</li></ul><p>Retiralo en nuestro local de Caseros 924, Villa Santa Rosa, o pedilo con envío a todo el país.</p>;405
6596;Riñonera deportiva;Otros > Varios;Riñonera Deportiva;riñonera deportiva;riñonera, riñonera para correr, riñonera para celular, riñonera córdoba;Riñonera Deportiva | Lucas Innovaciones;Riñonera deportiva con compartimentos para llevar celular, llaves y lo que necesites. Retiralo en Villa Santa Rosa o pedilo con envío a todo el país.;<p>La riñonera deportiva te permite salir con lo básico sin cargar una mochila: celular, llaves y documentos siempre a mano.</p><ul><li>Varios compartimentos para organizar</li><li>Correa regulable</li><li>Deja las manos libres</li><li>Ideal para entrenar, pasear o viajar</li></ul><p>Retiralo en nuestro local de Caseros 924, Villa Santa Rosa, o pedilo con envío a todo el país.</p>;472
6729;Stick Pad;Otros > Varios;Stick Pad;stick pad;stick pad adhesivo, pad adhesivo para celular, almohadilla adhesiva, stick pad córdoba;Stick Pad | Lucas Innovaciones;Stick Pad adhesivo reutilizable para fijar el celular y otros objetos sobre superficies lisas. Retiralo en el local o pedilo con envío a todo el país.;<p>El Stick Pad es un accesorio adhesivo pensado para fijar objetos sobre superficies lisas, y se puede despegar y volver a usar.</p><ul><li>Adhesivo reutilizable</li><li>Pensado para superficies lisas</li><li>Se limpia fácilmente</li><li>Útil para celulares y accesorios</li></ul><p>Retiralo en nuestro local de Caseros 924, Villa Santa Rosa, o pedilo con envío a todo el país.</p>;379
7125;Camara de seguridad EZVIZ H1C fija interior;Seguridad y Cámaras > Cámaras de seguridad;Cámara de Seguridad EZVIZ H1C Fija Interior;cámara de seguridad ezviz h1c;ezviz h1c, cámara ezviz interior, cámara de seguridad interior, cámara ezviz córdoba;Cámara de Seguridad EZVIZ H1C Fija Interior;Cámara de seguridad EZVIZ H1C fija para interior, para vigilar tu casa o negocio. Retiralo en Villa Santa Rosa o pedilo con envío a todo el país.;<p>La cámara EZVIZ H1C es un modelo fijo para interior, pensada para vigilar tu casa, tu oficina o tu local.</p><ul><li>Marca EZVIZ, modelo H1C</li><li>Cámara fija para interior</li><li>Ideal para casa, oficina o local</li><li>Consultanos por la configuración y la app</li></ul><p>Retiralo en nuestro local de Caseros 924, Villa Santa Rosa, o pedilo con envío a todo el país.</p>;0
6683;Camara de seguridad ip SEISA IPC-ZAS01  interior;Seguridad y Cámaras > Cámaras de seguridad;Cámara de Seguridad IP Seisa IPC-ZAS01 Interior;cámara de seguridad ip interior;cámara ip seisa, seisa ipc-zas01, cámara ip wifi interior, cámara de seguridad córdoba;Cámara de Seguridad IP Seisa IPC-ZAS01 Interior;Cámara de seguridad IP Seisa IPC-ZAS01 para interior, para vigilar tu casa o negocio. Retiralo en Villa Santa Rosa o pedilo con envío a todo el país.;<p>La cámara IP Seisa IPC-ZAS01 es un modelo para interior, pensado para vigilar tu casa, oficina o local a distancia.</p><ul><li>Marca Seisa, modelo IPC-ZAS01</li><li>Cámara IP para interior</li><li>Ideal para casa, oficina o local</li><li>Consultanos por las funciones disponibles</li></ul><p>Retiralo en nuestro local de Caseros 924, Villa Santa Rosa, o pedilo con envío a todo el país.</p>;409
6895;Camara de seguridad EZVIZ H8C Domo HD vision nocturna 30m;Seguridad y Cámaras > Cámaras de seguridad;Cámara EZVIZ H8C Domo HD Visión Nocturna 30 m;cámara ezviz h8c;ezviz h8c, cámara domo ezviz, cámara de seguridad visión nocturna, cámara ezviz córdoba;Cámara EZVIZ H8C Domo HD Visión Nocturna 30 m;Cámara EZVIZ H8C tipo domo en HD con visión nocturna de hasta 30 metros. Retiralo en Villa Santa Rosa o pedilo con envío a todo el país.;<p>La cámara EZVIZ H8C es un modelo tipo domo en HD, con visión nocturna de hasta 30 metros para vigilar tu casa o tu negocio.</p><ul><li>Marca EZVIZ, modelo H8C</li><li>Diseño tipo domo</li><li>Resolución HD</li><li>Visión nocturna de hasta 30 m</li></ul><p>Retiralo en nuestro local de Caseros 924, Villa Santa Rosa, o pedilo con envío a todo el país.</p>;503
7315;Camara instantanea digital S09;Seguridad y Cámaras > Cámaras de seguridad;Cámara Instantánea Digital S09;cámara instantánea digital;cámara instantánea s09, cámara digital s09, cámara de fotos instantánea, cámara instantánea córdoba;Cámara Instantánea Digital S09 | Lucas Innovaciones;Cámara instantánea digital S09 para sacar fotos y tener un recuerdo al momento. Retiralo en Villa Santa Rosa o pedilo con envío a todo el país.;<p>La cámara instantánea digital S09 es una opción divertida para sacar fotos y tener un recuerdo en el momento.</p><ul><li>Modelo S09</li><li>Cámara instantánea digital</li><li>Ideal para regalar</li><li>Consultanos por los insumos necesarios</li></ul><p>Retiralo en nuestro local de Caseros 924, Villa Santa Rosa, o pedilo con envío a todo el país.</p>;0
7807;Camara ip wifi inteligente;Seguridad y Cámaras > Cámaras de seguridad;Cámara IP Wi-Fi Inteligente;cámara ip wifi;cámara ip wifi inteligente, cámara wifi para casa, cámara de seguridad wifi, cámara ip córdoba;Cámara IP Wi-Fi Inteligente | Lucas Innovaciones;Cámara IP Wi-Fi inteligente para vigilar tu casa o negocio desde el celular. Retiralo en Villa Santa Rosa o pedilo con envío a todo el país.;<p>La cámara IP Wi-Fi inteligente te permite vigilar tu casa, tu oficina o tu local conectándote desde el celular.</p><ul><li>Cámara IP con conexión Wi-Fi</li><li>Para controlar desde el celular</li><li>Ideal para casa, oficina o local</li><li>Consultanos por las funciones disponibles</li></ul><p>Retiralo en nuestro local de Caseros 924, Villa Santa Rosa, o pedilo con envío a todo el país.</p>;0
8023;Camara para auto KM61129;Seguridad y Cámaras > Cámaras de seguridad;Cámara para Auto KM61129;camara para auto;camara de auto, camara para vehiculo, camara para auto córdoba, cámara KM61129;Cámara para Auto KM61129 | Lucas Innovaciones;Cámara para auto modelo KM61129 para sumar registro y seguridad a tu vehículo. Retiralo en Villa Santa Rosa o pedilo con envío a todo el país.;<p>Cámara para auto modelo KM61129, pensada para sumar un respaldo de lo que pasa en el camino y mayor tranquilidad cuando manejás o dejás el vehículo.</p><ul><li>Modelo KM61129</li><li>Pensada para uso en vehículos</li><li>Una ayuda extra ante imprevistos en la calle o en la ruta</li><li>Consultanos en el local por la instalación y el uso</li></ul><p>Retiralo gratis en nuestro local de Villa Santa Rosa, Córdoba, o pedilo con envío a todo el país.</p>;0
8284;Camara de seguridad TAPO C200 Interior movimiento;Seguridad y Cámaras > Cámaras de seguridad;Cámara Tapo C200 Interior con Detección de Movimiento;cámara tapo c200;tapo c200, cámara tapo interior, cámara de seguridad tapo, cámara tapo córdoba;Cámara Tapo C200 Interior con Detección de Movimiento;Cámara de seguridad Tapo C200 para interior con detección de movimiento. Retiralo en Villa Santa Rosa o pedilo con envío a todo el país.;<p>La cámara Tapo C200 es un modelo para interior con detección de movimiento, para tener control de tu casa o negocio.</p><ul><li>Marca Tapo, modelo C200</li><li>Uso en interior</li><li>Detección de movimiento</li><li>Ideal para casa, oficina o local</li></ul><p>Retiralo en nuestro local de Caseros 924, Villa Santa Rosa, o pedilo con envío a todo el país.</p>;0
6896;Camara de seguridad TAPO C310 Exterior Full HD vis noct y mov;Seguridad y Cámaras > Cámaras de seguridad;Cámara Tapo C310 Exterior Full HD Visión Nocturna;cámara tapo c310;tapo c310, cámara tapo exterior, cámara de seguridad exterior, cámara tapo full hd;Cámara Tapo C310 Exterior Full HD Visión Nocturna;Cámara Tapo C310 para exterior en Full HD, con visión nocturna y detección de movimiento. Retiralo en Villa Santa Rosa o pedilo con envío a todo el país.;<p>La cámara Tapo C310 es un modelo para exterior, con imagen Full HD, visión nocturna y detección de movimiento para cuidar tu casa o negocio.</p><ul><li>Marca Tapo, modelo C310</li><li>Uso en exterior</li><li>Resolución Full HD</li><li>Visión nocturna y detección de movimiento</li></ul><p>Retiralo en nuestro local de Caseros 924, Villa Santa Rosa, o pedilo con envío a todo el país.</p>;441
6897;Camara de seguridad TAPO C500 Exterior movimiento remoto;Seguridad y Cámaras > Cámaras de seguridad;Cámara Tapo C500 Exterior Movimiento Remoto;cámara tapo c500;tapo c500, cámara tapo exterior, cámara exterior con movimiento, cámara tapo córdoba;Cámara Tapo C500 Exterior Movimiento Remoto;Cámara Tapo C500 para exterior con movimiento remoto y detección de movimiento. Retiralo en Villa Santa Rosa o pedilo con envío a todo el país.;<p>La cámara Tapo C500 es un modelo para exterior con movimiento remoto, que te deja orientar la cámara desde el celular.</p><ul><li>Marca Tapo, modelo C500</li><li>Uso en exterior</li><li>Movimiento remoto de la cámara</li><li>Detección de movimiento</li></ul><p>Retiralo en nuestro local de Caseros 924, Villa Santa Rosa, o pedilo con envío a todo el país.</p>;417
7317;Camara de seguridad TAPO C510 Exterior movimiento remoto;Seguridad y Cámaras > Cámaras de seguridad;Cámara Tapo C510 Exterior Movimiento Remoto;cámara tapo c510;tapo c510, cámara tapo exterior, cámara exterior con movimiento, cámara tapo córdoba;Cámara Tapo C510 Exterior Movimiento Remoto;Cámara Tapo C510 para exterior con movimiento remoto y detección de movimiento. Retiralo en Villa Santa Rosa o pedilo con envío a todo el país.;<p>La cámara Tapo C510 es un modelo para exterior con movimiento remoto, que permite orientar la cámara a distancia.</p><ul><li>Marca Tapo, modelo C510</li><li>Uso en exterior</li><li>Movimiento remoto de la cámara</li><li>Detección de movimiento</li></ul><p>Retiralo en nuestro local de Caseros 924, Villa Santa Rosa, o pedilo con envío a todo el país.</p>;0
6691;Foco Camara IP wifi V380;Seguridad y Cámaras > Cámaras de seguridad;Foco Cámara IP Wi-Fi V380;camara ip wifi foco;foco camara wifi, camara v380, camara de seguridad wifi, camara ip v380 córdoba;Foco Cámara IP Wi-Fi V380 | Lucas Innovaciones;Foco con cámara IP Wi-Fi V380 para vigilar tu casa o local desde el celular. Retiralo en Villa Santa Rosa o pedilo con envío a todo el país.;<p>Foco con cámara IP Wi-Fi V380 para vigilar tu casa o local desde el celular, sin cableado de datos: se conecta a tu red wifi y la ves desde la app.</p><ul><li>Conexión Wi-Fi</li><li>Se maneja desde una app en el celular</li><li>Visión nocturna y detección de movimiento</li><li>Pensada para sumar seguridad en el hogar o el comercio</li></ul><p>Retiralo gratis en nuestro local de Villa Santa Rosa, Córdoba, o pedilo con envío a todo el país.</p>;366
6289;Oryx Kit de cámaras CCTVAHD x8;Seguridad y Cámaras > Kits CCTV;Oryx Kit de 8 Cámaras CCTV AHD;kit camaras de seguridad 8 camaras;kit cctv 8 camaras, kit camaras ahd, oryx cctv, kit de camaras de seguridad córdoba, camaras de seguridad precio;Oryx Kit de 8 Cámaras CCTV AHD | Lucas Innovaciones;Kit Oryx de 8 cámaras CCTV AHD para vigilar casa, comercio o galpón. Retiralo en Villa Santa Rosa o pedilo con envío a todo el país.;<p>Kit Oryx con 8 cámaras CCTV AHD para armar un sistema de videovigilancia en tu casa, comercio u oficina y tener cubiertos distintos puntos.</p><ul><li>Incluye 8 cámaras AHD</li><li>Tecnología AHD para cableado coaxial</li><li>Sirve para interiores y exteriores</li><li>Consultanos qué grabador y accesorios necesitás para completar la instalación</li></ul><p>Retiralo gratis en nuestro local de Villa Santa Rosa, Córdoba, o pedilo con envío a todo el país.</p>;378
7290;iPhone 11 Pro 256gb 100%;Smartphones > Smartphones usados;iPhone 11 Pro 256 GB Usado – Batería 100%;iphone 11 pro usado;iphone 11 pro 256gb, iphone 11 pro usado córdoba, iphone 11 pro 256 gb usado, comprar iphone 11 pro usado;iPhone 11 Pro 256 GB Usado – Batería 100%;iPhone 11 Pro de 256 GB usado, con batería al 100%, para usarlo todos los días. Retiralo en Villa Santa Rosa o pedilo con envío a todo el país.;<p>iPhone 11 Pro de 256 GB usado, con 100% de salud de batería. Una opción para tener un iPhone de esta línea sin pagar un equipo nuevo, con espacio para fotos, videos y aplicaciones.</p><ul><li>Equipo usado, no es un producto nuevo</li><li>Almacenamiento de 256 GB</li><li>Salud de batería: 100%</li><li>Ideal para quien quiere pasarse a iPhone sin comprar uno nuevo</li></ul><p>Retiralo gratis en nuestro local de Villa Santa Rosa, Córdoba, o pedilo con envío a todo el país.</p>;0
7281;iPhone 13 128gb 87%;Smartphones > Smartphones usados;iPhone 13 128 GB Usado – Batería 87%;iphone 13 usado;iphone 13 128gb, iphone 13 usado córdoba, iphone 13 128 gb usado, comprar iphone 13 usado;iPhone 13 128 GB Usado – Batería 87% | Lucas Innovaciones;iPhone 13 de 128 GB usado, con batería al 87%, para usarlo todos los días. Retiralo en Villa Santa Rosa o pedilo con envío a todo el país.;<p>iPhone 13 de 128 GB usado, con 87% de salud de batería. Una opción para tener un iPhone de esta línea sin pagar un equipo nuevo, con espacio para fotos, videos y aplicaciones.</p><ul><li>Equipo usado, no es un producto nuevo</li><li>Almacenamiento de 128 GB</li><li>Salud de batería: 87%</li><li>Ideal para quien quiere pasarse a iPhone sin comprar uno nuevo</li></ul><p>Retiralo gratis en nuestro local de Villa Santa Rosa, Córdoba, o pedilo con envío a todo el país.</p>;0
6701;iPhone 13 Pro 128gb 100% (Pant Original);Smartphones > Smartphones usados;iPhone 13 Pro 128 GB Usado – Batería 100% (Pantalla Original);iphone 13 pro usado;iphone 13 pro 128gb, iphone 13 pro usado córdoba, iphone 13 pro 128 gb usado, comprar iphone 13 pro usado;iPhone 13 Pro 128 GB Usado – Batería 100%;iPhone 13 Pro de 128 GB usado, con batería al 100%, para usarlo todos los días. Retiralo en Villa Santa Rosa o pedilo con envío a todo el país.;<p>iPhone 13 Pro de 128 GB usado, con 100% de salud de batería. Una opción para tener un iPhone de esta línea sin pagar un equipo nuevo, con espacio para fotos, videos y aplicaciones.</p><ul><li>Equipo usado, no es un producto nuevo</li><li>Almacenamiento de 128 GB</li><li>Salud de batería: 100%</li><li>Pantalla original</li><li>Ideal para quien quiere pasarse a iPhone sin comprar uno nuevo</li></ul><p>Retiralo gratis en nuestro local de Villa Santa Rosa, Córdoba, o pedilo con envío a todo el país.</p>;421
6871;iPhone 13 Pro Max 128gb 100%;Smartphones > Smartphones usados;iPhone 13 Pro Max 128 GB Usado – Batería 100%;iphone 13 pro max usado;iphone 13 pro max 128gb, iphone 13 pro max usado córdoba, iphone 13 pro max 128 gb usado, comprar iphone 13 pro max usado;iPhone 13 Pro Max 128 GB Usado – Batería 100%;iPhone 13 Pro Max de 128 GB usado, con batería al 100%, para usarlo todos los días. Retiralo en Villa Santa Rosa o pedilo con envío a todo el país.;<p>iPhone 13 Pro Max de 128 GB usado, con 100% de salud de batería. Una opción para tener un iPhone de esta línea sin pagar un equipo nuevo, con espacio para fotos, videos y aplicaciones.</p><ul><li>Equipo usado, no es un producto nuevo</li><li>Almacenamiento de 128 GB</li><li>Salud de batería: 100%</li><li>Ideal para quien quiere pasarse a iPhone sin comprar uno nuevo</li></ul><p>Retiralo gratis en nuestro local de Villa Santa Rosa, Córdoba, o pedilo con envío a todo el país.</p>;471
7101;iPhone 14 128gb 84%;Smartphones > Smartphones usados;iPhone 14 128 GB Usado – Batería 84%;iphone 14 usado;iphone 14 128gb, iphone 14 usado córdoba, iphone 14 128 gb usado, comprar iphone 14 usado;iPhone 14 128 GB Usado – Batería 84% | Lucas Innovaciones;iPhone 14 de 128 GB usado, con batería al 84%, para usarlo todos los días. Retiralo en Villa Santa Rosa o pedilo con envío a todo el país.;<p>iPhone 14 de 128 GB usado, con 84% de salud de batería. Una opción para tener un iPhone de esta línea sin pagar un equipo nuevo, con espacio para fotos, videos y aplicaciones.</p><ul><li>Equipo usado, no es un producto nuevo</li><li>Almacenamiento de 128 GB</li><li>Salud de batería: 84%</li><li>Ideal para quien quiere pasarse a iPhone sin comprar uno nuevo</li></ul><p>Retiralo gratis en nuestro local de Villa Santa Rosa, Córdoba, o pedilo con envío a todo el país.</p>;0
6969;iPhone 14 128gb 89%;Smartphones > Smartphones usados;iPhone 14 128 GB Usado – Batería 89%;iphone 14 usado;iphone 14 128gb, iphone 14 usado córdoba, iphone 14 128 gb usado, comprar iphone 14 usado;iPhone 14 128 GB Usado – Batería 89% | Lucas Innovaciones;iPhone 14 de 128 GB usado, con batería al 89%, para usarlo todos los días. Retiralo en Villa Santa Rosa o pedilo con envío a todo el país.;<p>iPhone 14 de 128 GB usado, con 89% de salud de batería. Una opción para tener un iPhone de esta línea sin pagar un equipo nuevo, con espacio para fotos, videos y aplicaciones.</p><ul><li>Equipo usado, no es un producto nuevo</li><li>Almacenamiento de 128 GB</li><li>Salud de batería: 89%</li><li>Ideal para quien quiere pasarse a iPhone sin comprar uno nuevo</li></ul><p>Retiralo gratis en nuestro local de Villa Santa Rosa, Córdoba, o pedilo con envío a todo el país.</p>;519
6971;iPhone 14 Pro 128gb 98%;Smartphones > Smartphones usados;iPhone 14 Pro 128 GB Usado – Batería 98%;iphone 14 pro usado;iphone 14 pro 128gb, iphone 14 pro usado córdoba, iphone 14 pro 128 gb usado, comprar iphone 14 pro usado;iPhone 14 Pro 128 GB Usado – Batería 98%;iPhone 14 Pro de 128 GB usado, con batería al 98%, para usarlo todos los días. Retiralo en Villa Santa Rosa o pedilo con envío a todo el país.;<p>iPhone 14 Pro de 128 GB usado, con 98% de salud de batería. Una opción para tener un iPhone de esta línea sin pagar un equipo nuevo, con espacio para fotos, videos y aplicaciones.</p><ul><li>Equipo usado, no es un producto nuevo</li><li>Almacenamiento de 128 GB</li><li>Salud de batería: 98%</li><li>Ideal para quien quiere pasarse a iPhone sin comprar uno nuevo</li></ul><p>Retiralo gratis en nuestro local de Villa Santa Rosa, Córdoba, o pedilo con envío a todo el país.</p>;526
6913;iPhone 14 Pro 256gb 97%;Smartphones > Smartphones usados;iPhone 14 Pro 256 GB Usado – Batería 97%;iphone 14 pro usado;iphone 14 pro 256gb, iphone 14 pro usado córdoba, iphone 14 pro 256 gb usado, comprar iphone 14 pro usado;iPhone 14 Pro 256 GB Usado – Batería 97%;iPhone 14 Pro de 256 GB usado, con batería al 97%, para usarlo todos los días. Retiralo en Villa Santa Rosa o pedilo con envío a todo el país.;<p>iPhone 14 Pro de 256 GB usado, con 97% de salud de batería. Una opción para tener un iPhone de esta línea sin pagar un equipo nuevo, con espacio para fotos, videos y aplicaciones.</p><ul><li>Equipo usado, no es un producto nuevo</li><li>Almacenamiento de 256 GB</li><li>Salud de batería: 97%</li><li>Ideal para quien quiere pasarse a iPhone sin comprar uno nuevo</li></ul><p>Retiralo gratis en nuestro local de Villa Santa Rosa, Córdoba, o pedilo con envío a todo el país.</p>;502
6822;iPhone 14 Pro Max 256gb 100%;Smartphones > Smartphones usados;iPhone 14 Pro Max 256 GB Usado – Batería 100%;iphone 14 pro max usado;iphone 14 pro max 256gb, iphone 14 pro max usado córdoba, iphone 14 pro max 256 gb usado, comprar iphone 14 pro max usado;iPhone 14 Pro Max 256 GB Usado – Batería 100%;iPhone 14 Pro Max de 256 GB usado, con batería al 100%, para usarlo todos los días. Retiralo en Villa Santa Rosa o pedilo con envío a todo el país.;<p>iPhone 14 Pro Max de 256 GB usado, con 100% de salud de batería. Una opción para tener un iPhone de esta línea sin pagar un equipo nuevo, con espacio para fotos, videos y aplicaciones.</p><ul><li>Equipo usado, no es un producto nuevo</li><li>Almacenamiento de 256 GB</li><li>Salud de batería: 100%</li><li>Ideal para quien quiere pasarse a iPhone sin comprar uno nuevo</li></ul><p>Retiralo gratis en nuestro local de Villa Santa Rosa, Córdoba, o pedilo con envío a todo el país.</p>;468
6878;iPhone 15 128gb 86%;Smartphones > Smartphones usados;iPhone 15 128 GB Usado – Batería 86%;iphone 15 usado;iphone 15 128gb, iphone 15 usado córdoba, iphone 15 128 gb usado, comprar iphone 15 usado;iPhone 15 128 GB Usado – Batería 86% | Lucas Innovaciones;iPhone 15 de 128 GB usado, con batería al 86%, para usarlo todos los días. Retiralo en Villa Santa Rosa o pedilo con envío a todo el país.;<p>iPhone 15 de 128 GB usado, con 86% de salud de batería. Una opción para tener un iPhone de esta línea sin pagar un equipo nuevo, con espacio para fotos, videos y aplicaciones.</p><ul><li>Equipo usado, no es un producto nuevo</li><li>Almacenamiento de 128 GB</li><li>Salud de batería: 86%</li><li>Ideal para quien quiere pasarse a iPhone sin comprar uno nuevo</li></ul><p>Retiralo gratis en nuestro local de Villa Santa Rosa, Córdoba, o pedilo con envío a todo el país.</p>;607
6868;iPhone 15 128gb 87%;Smartphones > Smartphones usados;iPhone 15 128 GB Usado – Batería 87%;iphone 15 usado;iphone 15 128gb, iphone 15 usado córdoba, iphone 15 128 gb usado, comprar iphone 15 usado;iPhone 15 128 GB Usado – Batería 87% | Lucas Innovaciones;iPhone 15 de 128 GB usado, con batería al 87%, para usarlo todos los días. Retiralo en Villa Santa Rosa o pedilo con envío a todo el país.;<p>iPhone 15 de 128 GB usado, con 87% de salud de batería. Una opción para tener un iPhone de esta línea sin pagar un equipo nuevo, con espacio para fotos, videos y aplicaciones.</p><ul><li>Equipo usado, no es un producto nuevo</li><li>Almacenamiento de 128 GB</li><li>Salud de batería: 87%</li><li>Ideal para quien quiere pasarse a iPhone sin comprar uno nuevo</li></ul><p>Retiralo gratis en nuestro local de Villa Santa Rosa, Córdoba, o pedilo con envío a todo el país.</p>;481
6869;iPhone 15 Pro 256gb 87%;Smartphones > Smartphones usados;iPhone 15 Pro 256 GB Usado – Batería 87%;iphone 15 pro usado;iphone 15 pro 256gb, iphone 15 pro usado córdoba, iphone 15 pro 256 gb usado, comprar iphone 15 pro usado;iPhone 15 Pro 256 GB Usado – Batería 87%;iPhone 15 Pro de 256 GB usado, con batería al 87%, para usarlo todos los días. Retiralo en Villa Santa Rosa o pedilo con envío a todo el país.;<p>iPhone 15 Pro de 256 GB usado, con 87% de salud de batería. Una opción para tener un iPhone de esta línea sin pagar un equipo nuevo, con espacio para fotos, videos y aplicaciones.</p><ul><li>Equipo usado, no es un producto nuevo</li><li>Almacenamiento de 256 GB</li><li>Salud de batería: 87%</li><li>Ideal para quien quiere pasarse a iPhone sin comprar uno nuevo</li></ul><p>Retiralo gratis en nuestro local de Villa Santa Rosa, Córdoba, o pedilo con envío a todo el país.</p>;486
8250;iPhone 15 Pro Max 256gb 86%;Smartphones > Smartphones usados;iPhone 15 Pro Max 256 GB Usado – Batería 86%;iphone 15 pro max usado;iphone 15 pro max 256gb, iphone 15 pro max usado córdoba, iphone 15 pro max 256 gb usado, comprar iphone 15 pro max usado;iPhone 15 Pro Max 256 GB Usado – Batería 86%;iPhone 15 Pro Max de 256 GB usado, con batería al 86%, para usarlo todos los días. Retiralo en Villa Santa Rosa o pedilo con envío a todo el país.;<p>iPhone 15 Pro Max de 256 GB usado, con 86% de salud de batería. Una opción para tener un iPhone de esta línea sin pagar un equipo nuevo, con espacio para fotos, videos y aplicaciones.</p><ul><li>Equipo usado, no es un producto nuevo</li><li>Almacenamiento de 256 GB</li><li>Salud de batería: 86%</li><li>Ideal para quien quiere pasarse a iPhone sin comprar uno nuevo</li></ul><p>Retiralo gratis en nuestro local de Villa Santa Rosa, Córdoba, o pedilo con envío a todo el país.</p>;0
6844;iPhone 16 Pro 256gb 89%;Smartphones > Smartphones usados;iPhone 16 Pro 256 GB Usado – Batería 89%;iphone 16 pro usado;iphone 16 pro 256gb, iphone 16 pro usado córdoba, iphone 16 pro 256 gb usado, comprar iphone 16 pro usado;iPhone 16 Pro 256 GB Usado – Batería 89%;iPhone 16 Pro de 256 GB usado, con batería al 89%, para usarlo todos los días. Retiralo en Villa Santa Rosa o pedilo con envío a todo el país.;<p>iPhone 16 Pro de 256 GB usado, con 89% de salud de batería. Una opción para tener un iPhone de esta línea sin pagar un equipo nuevo, con espacio para fotos, videos y aplicaciones.</p><ul><li>Equipo usado, no es un producto nuevo</li><li>Almacenamiento de 256 GB</li><li>Salud de batería: 89%</li><li>Ideal para quien quiere pasarse a iPhone sin comprar uno nuevo</li></ul><p>Retiralo gratis en nuestro local de Villa Santa Rosa, Córdoba, o pedilo con envío a todo el país.</p>;594
7162;iPhone 16 Pro Max 256gb 92%;Smartphones > Smartphones usados;iPhone 16 Pro Max 256 GB Usado – Batería 92%;iphone 16 pro max usado;iphone 16 pro max 256gb, iphone 16 pro max usado córdoba, iphone 16 pro max 256 gb usado, comprar iphone 16 pro max usado;iPhone 16 Pro Max 256 GB Usado – Batería 92%;iPhone 16 Pro Max de 256 GB usado, con batería al 92%, para usarlo todos los días. Retiralo en Villa Santa Rosa o pedilo con envío a todo el país.;<p>iPhone 16 Pro Max de 256 GB usado, con 92% de salud de batería. Una opción para tener un iPhone de esta línea sin pagar un equipo nuevo, con espacio para fotos, videos y aplicaciones.</p><ul><li>Equipo usado, no es un producto nuevo</li><li>Almacenamiento de 256 GB</li><li>Salud de batería: 92%</li><li>Ideal para quien quiere pasarse a iPhone sin comprar uno nuevo</li></ul><p>Retiralo gratis en nuestro local de Villa Santa Rosa, Córdoba, o pedilo con envío a todo el país.</p>;0
6880;iPhone 17 256gb Nuevo;Smartphones > Smartphones nuevos;iPhone 17 256 GB Nuevo;iphone 17 256gb;iphone 17 nuevo, iphone 17 256 gb, iphone 17 córdoba, comprar iphone 17;iPhone 17 256 GB Nuevo | Lucas Innovaciones;iPhone 17 de 256 GB nuevo para tener toda tu info, fotos y apps en un solo equipo. Retiralo en Villa Santa Rosa o pedilo con envío a todo el país.;<p>iPhone 17 de 256 GB nuevo, con espacio de sobra para tus fotos, videos y aplicaciones.</p><ul><li>Equipo nuevo</li><li>Almacenamiento de 256 GB</li><li>Marca Apple</li><li>Consultanos por colores disponibles en el local</li></ul><p> Retiralo gratis en nuestro local de Villa Santa Rosa, Córdoba, o pedilo con envío a todo el país.</p>;384
7283;iPhone 17 Pro 256gb 100%;Smartphones > Smartphones usados;iPhone 17 Pro 256 GB Usado – Batería 100%;iphone 17 pro usado;iphone 17 pro 256gb, iphone 17 pro usado córdoba, iphone 17 pro 256 gb usado, comprar iphone 17 pro usado;iPhone 17 Pro 256 GB Usado – Batería 100%;iPhone 17 Pro de 256 GB usado, con batería al 100%, para usarlo todos los días. Retiralo en Villa Santa Rosa o pedilo con envío a todo el país.;<p>iPhone 17 Pro de 256 GB usado, con 100% de salud de batería. Una opción para tener un iPhone de esta línea sin pagar un equipo nuevo, con espacio para fotos, videos y aplicaciones.</p><ul><li>Equipo usado, no es un producto nuevo</li><li>Almacenamiento de 256 GB</li><li>Salud de batería: 100%</li><li>Ideal para quien quiere pasarse a iPhone sin comprar uno nuevo</li></ul><p>Retiralo gratis en nuestro local de Villa Santa Rosa, Córdoba, o pedilo con envío a todo el país.</p>;0
6573;Nokia 106;Smartphones > Smartphones nuevos;Nokia 106;nokia 106;celular nokia 106, nokia 106 precio, celular basico nokia, telefono nokia córdoba;Nokia 106 | Lucas Innovaciones;Nokia 106, un celular simple para llamadas y mensajes, fácil de usar todos los días. Retiralo en Villa Santa Rosa o pedilo con envío a todo el país.;<p>Nokia 106, un teléfono simple pensado para lo esencial: llamar y mandar mensajes sin vueltas. Una opción práctica para quien no necesita funciones de más.</p><ul><li>Teléfono básico de uso sencillo</li><li>Pantalla de 1.8 pulgadas</li><li>Ideal como segundo equipo o para adultos mayores</li><li>Fácil de manejar</li></ul><p>Retiralo gratis en nuestro local de Villa Santa Rosa, Córdoba, o pedilo con envío a todo el país.</p>;377
6658;Samsung A16 128gb;Smartphones > Smartphones nuevos;Samsung Galaxy A16 128 GB;samsung a16 128gb;samsung galaxy a16, celular samsung a16, samsung a16 precio, samsung a16 córdoba;Samsung Galaxy A16 128 GB | Lucas Innovaciones;Samsung Galaxy A16 de 128 GB, un celular para el uso diario con espacio para fotos y apps. Retiralo en Villa Santa Rosa o pedilo con envío a todo el país.;<p>Samsung Galaxy A16 de 128 GB, un celular pensado para el día a día: redes, videos, mensajes y fotos.</p><ul><li>Almacenamiento de 128 GB</li><li>Marca Samsung, línea Galaxy A</li><li>Pensado para el uso diario</li><li>Consultanos por colores disponibles en el local</li></ul><p> Retiralo gratis en nuestro local de Villa Santa Rosa, Córdoba, o pedilo con envío a todo el país.</p>;528
6623;Samsung A36 5g 256gb;Smartphones > Smartphones nuevos;Samsung Galaxy A36 5G 256 GB;samsung a36 5g;samsung galaxy a36, samsung a36 256gb, celular samsung a36 5g, samsung a36 córdoba;Samsung Galaxy A36 5G 256 GB | Lucas Innovaciones;Samsung Galaxy A36 5G de 256 GB, con conexión 5G y espacio de sobra para fotos y apps. Retiralo en Villa Santa Rosa o pedilo con envío a todo el país.;<p>Samsung Galaxy A36 5G de 256 GB, un celular con conectividad 5G y mucho espacio para tus fotos, videos y aplicaciones.</p><ul><li>Conectividad 5G</li><li>Almacenamiento de 256 GB</li><li>Marca Samsung, línea Galaxy A</li><li>Consultanos por colores disponibles en el local</li></ul><p> Retiralo gratis en nuestro local de Villa Santa Rosa, Córdoba, o pedilo con envío a todo el país.</p>;589
6775;Redmi 15C 256gb 4gb;Smartphones > Smartphones nuevos;Xiaomi Redmi 15C 256 GB 8 GB RAM;redmi 15c 256gb;xiaomi redmi 15c, redmi 15c 8gb ram, celular redmi 15c, redmi 15c córdoba;Xiaomi Redmi 15C 256 GB 8 GB RAM | Lucas Innovaciones;Xiaomi Redmi 15C con 256 GB de almacenamiento y 8 GB de RAM para el uso diario. Retiralo en Villa Santa Rosa o pedilo con envío a todo el país.;<p>Xiaomi Redmi 15C con 256 GB de almacenamiento, un celular para el uso diario con espacio para fotos, videos y aplicaciones.</p><ul><li>Almacenamiento de 256 GB</li><li>Memoria RAM de 8 GB</li><li>Marca Xiaomi, línea Redmi</li><li>Ideal para redes, videos y mensajes</li></ul><p> Retiralo gratis en nuestro local de Villa Santa Rosa, Córdoba, o pedilo con envío a todo el país.</p>;594
6884;Redmi Note 15 Pro 8gb 256gb 5G;Smartphones > Smartphones nuevos;Xiaomi Redmi Note 15 Pro 5G 256 GB 8 GB RAM;redmi note 15 pro 5g;xiaomi redmi note 15 pro, redmi note 15 pro 256gb, redmi note 15 pro 8gb, celular xiaomi 5g córdoba;Xiaomi Redmi Note 15 Pro 5G 256 GB 8 GB RAM;Xiaomi Redmi Note 15 Pro 5G con 8 GB de RAM y 256 GB de almacenamiento. Retiralo en Villa Santa Rosa o pedilo con envío a todo el país.;<p>Xiaomi Redmi Note 15 Pro 5G con 8 GB de RAM y 256 GB de almacenamiento, un celular de gama media con conexión 5G para trabajar, jugar y sacar fotos.</p><ul><li>Conectividad 5G</li><li>Memoria RAM de 8 GB</li><li>Almacenamiento de 256 GB</li><li>Marca Xiaomi, línea Redmi Note</li></ul><p>Retiralo gratis en nuestro local de Villa Santa Rosa, Córdoba, o pedilo con envío a todo el país.</p>;685
6595;Brazalete deportivo iglufive;Smartwatch y Wearables > Smart Bands;Brazalete Deportivo Iglufive;brazalete deportivo;brazalete deportivo iglufive, brazalete para correr, brazalete deportivo córdoba, iglufive;Brazalete Deportivo Iglufive | Lucas Innovaciones;Brazalete deportivo Iglufive para acompañarte al entrenar, correr o hacer actividad. Retiralo en Villa Santa Rosa o pedilo con envío a todo el país.;<p>Brazalete deportivo Iglufive, un accesorio pensado para acompañarte cuando entrenás, salís a correr o hacés actividad física.</p><ul><li>Marca Iglufive</li><li>Pensado para el uso deportivo</li><li>Se lleva en el brazo o la muñeca para tener las manos libres</li><li>Consultanos en el local por las características y el modo de uso</li></ul><p>Retiralo gratis en nuestro local de Villa Santa Rosa, Córdoba, o pedilo con envío a todo el país.</p>;446
6555;Malla mi band 7 NEGRA;Smartwatch y Wearables > Smart Bands;Malla Negra para Xiaomi Mi Band 7;malla negra mi band 7;correa negra mi band 7, malla mi band 7 negra, pulsera mi band 7 negra, malla xiaomi mi band 7;Malla Negra para Xiaomi Mi Band 7 | Lucas Innovaciones;Malla negra de repuesto para Xiaomi Mi Band 7, un recambio simple para tu pulsera inteligente. Retiralo en Villa Santa Rosa o pedilo con envío.;<p>Malla negra de repuesto para Xiaomi Mi Band 7. Un recambio simple si la tuya se desgastó o querés un look más sobrio.</p><ul><li>Color negro</li><li>Compatible con Mi Band 7</li><li>Para reemplazo de la malla original</li><li>Uso diario</li></ul><p> Retiralo gratis en nuestro local de Villa Santa Rosa, Córdoba, o pedilo con envío a todo el país.</p>;391
6554;Malla smart band 2;Smartwatch y Wearables > Smart Bands;Malla para Smart Band 2;malla smart band 2;correa smart band 2, pulsera smart band 2, malla para smart band, malla smart band córdoba;Malla para Smart Band 2 | Lucas Innovaciones;Malla de repuesto para Smart Band 2 para reemplazar la tuya o cambiar de estilo. Retiralo en Villa Santa Rosa o pedilo con envío a todo el país.;<p>Malla de repuesto para Smart Band 2, ideal para reemplazar la que se gastó o darle otro aspecto a tu pulsera.</p><ul><li>Pensada para Smart Band 2</li><li>Para reemplazo de la malla</li><li>Uso diario</li><li>Consultanos en el local para confirmar la compatibilidad con tu pulsera</li></ul><p>Retiralo gratis en nuestro local de Villa Santa Rosa, Córdoba, o pedilo con envío a todo el país.</p>;416
6637;Malla mi band 7;Smartwatch y Wearables > Smart Bands;Malla para Xiaomi Mi Band 7;malla mi band 7;correa mi band 7, malla xiaomi mi band 7, pulsera mi band 7, malla mi band 7 córdoba;Malla para Xiaomi Mi Band 7 | Lucas Innovaciones;Malla de repuesto para Xiaomi Mi Band 7 para renovar el look de tu pulsera inteligente. Retiralo en Villa Santa Rosa o pedilo con envío a todo el país.;<p>Malla de repuesto para Xiaomi Mi Band 7. Una forma simple de cambiar el estilo de tu pulsera o reemplazar la que se desgastó, sin comprar un dispositivo nuevo.</p><ul><li>Compatible con Mi Band 7</li><li>Para reemplazo o cambio de estilo</li><li>Uso diario</li><li>Se cambia fácil</li></ul><p>Retiralo gratis en nuestro local de Villa Santa Rosa, Córdoba, o pedilo con envío a todo el país.</p>;401
7811;Reloj Smartwatch Bulltec DUO Watch;Smartwatch y Wearables > Smartwatch;Smartwatch Bulltec Duo Watch;smartwatch bulltec;reloj bulltec duo watch, bulltec duo watch, reloj inteligente bulltec, smartwatch bulltec córdoba;Smartwatch Bulltec Duo Watch | Lucas Innovaciones;Smartwatch Bulltec Duo Watch, un reloj inteligente para tener las notificaciones en la muñeca. Retiralo en Villa Santa Rosa o pedilo con envío.;<p>Smartwatch Bulltec Duo Watch, un reloj inteligente para ver la hora y las notificaciones del celular en la muñeca.</p><ul><li>Marca Bulltec, modelo Duo Watch</li><li>Reloj inteligente para usar a diario</li><li>Se sincroniza con tu celular</li><li>Consultanos en el local por las funciones y la compatibilidad</li></ul><p>Retiralo gratis en nuestro local de Villa Santa Rosa, Córdoba, o pedilo con envío a todo el país.</p>;0
6686;Reloj Smartwatch Fox Box AXIA;Smartwatch y Wearables > Smartwatch;Smartwatch FoxBox Axia;smartwatch foxbox axia;reloj foxbox axia, foxbox axia, reloj inteligente foxbox, smartwatch foxbox córdoba;Smartwatch FoxBox Axia | Lucas Innovaciones;Smartwatch FoxBox Axia, un reloj inteligente para el día a día y la actividad física. Retiralo en Villa Santa Rosa o pedilo con envío a todo el país.;<p>Smartwatch FoxBox Axia, un reloj inteligente para acompañarte en el día a día y cuando entrenás, con las notificaciones del celular en la muñeca.</p><ul><li>Marca FoxBox, modelo Axia</li><li>Reloj inteligente para el día a día</li><li>Se sincroniza con tu celular</li><li>Consultanos en el local por las funciones del modelo</li></ul><p>Retiralo gratis en nuestro local de Villa Santa Rosa, Córdoba, o pedilo con envío a todo el país.</p>;501
7659;Reloj Smartwatch Fox Box NEUTRON 3.0;Smartwatch y Wearables > Smartwatch;Smartwatch FoxBox Neutron 3.0;smartwatch foxbox neutron;reloj foxbox neutron 3.0, foxbox neutron 3.0, reloj inteligente foxbox, smartwatch foxbox córdoba;Smartwatch FoxBox Neutron 3.0 | Lucas Innovaciones;Smartwatch FoxBox Neutron 3.0, un reloj inteligente para el día a día y la actividad física. Retiralo en Villa Santa Rosa o pedilo con envío.;<p>Smartwatch FoxBox Neutron 3.0, un reloj inteligente pensado para acompañarte en el trabajo, el día a día y los entrenamientos.</p><ul><li>Marca FoxBox, modelo Neutron 3.0</li><li>Reloj inteligente para uso diario</li><li>Se sincroniza con tu celular</li><li>Consultanos en el local por las funciones del modelo</li></ul><p>Retiralo gratis en nuestro local de Villa Santa Rosa, Córdoba, o pedilo con envío a todo el país.</p>;486
6761;Reloj Smartwatch Fox Box ZEON;Smartwatch y Wearables > Smartwatch;Smartwatch FoxBox Zeon;smartwatch foxbox zeon;reloj foxbox zeon, foxbox zeon, reloj inteligente foxbox, smartwatch foxbox córdoba;Smartwatch FoxBox Zeon | Lucas Innovaciones;Smartwatch FoxBox Zeon, un reloj inteligente para el día a día y la actividad física. Retiralo en Villa Santa Rosa o pedilo con envío a todo el país.;<p>Smartwatch FoxBox Zeon, un reloj inteligente pensado para acompañarte en el trabajo, el día a día y los entrenamientos.</p><ul><li>Marca FoxBox, modelo Zeon</li><li>Reloj inteligente para uso diario</li><li>Se sincroniza con tu celular</li><li>Consultanos en el local por las funciones del modelo</li></ul><p>Retiralo gratis en nuestro local de Villa Santa Rosa, Córdoba, o pedilo con envío a todo el país.</p>;456
6664;Smartwatch Gran Luxy 37;Smartwatch y Wearables > Smartwatch;Smartwatch Gran Luxy 37;smartwatch gran luxy 37;reloj gran luxy 37, gran luxy 37, reloj inteligente luxy, smartwatch gran luxy córdoba;Smartwatch Gran Luxy 37 | Lucas Innovaciones;Smartwatch Gran Luxy 37, un reloj inteligente para tener notificaciones y actividad en la muñeca. Retiralo en Villa Santa Rosa o pedilo con envío.;<p>Smartwatch Gran Luxy 37, un reloj inteligente para ver las notificaciones del celular y seguir tu actividad desde la muñeca.</p><ul><li>Modelo Gran Luxy 37</li><li>Reloj inteligente de uso diario</li><li>Se sincroniza con tu celular</li><li>Consultanos en el local por las funciones del modelo</li></ul><p>Retiralo gratis en nuestro local de Villa Santa Rosa, Córdoba, o pedilo con envío a todo el país.</p>;604
6277;Smartwatch Health Fashion;Smartwatch y Wearables > Smartwatch;Smartwatch Health Fashion;smartwatch health fashion;reloj health fashion, reloj inteligente health fashion, smartwatch salud, smartwatch health fashion córdoba;Smartwatch Health Fashion | Lucas Innovaciones;Smartwatch Health Fashion, un reloj inteligente con foco en el seguimiento de tu salud y actividad. Retiralo en Villa Santa Rosa o pedilo con envío.;<p>Smartwatch Health Fashion, un reloj inteligente pensado para cuidar tu bienestar y llevar el registro de tu actividad sin dejar de lado el estilo.</p><ul><li>Modelo Health Fashion</li><li>Reloj inteligente de uso diario</li><li>Se sincroniza con tu celular</li><li>Consultanos en el local por las funciones del modelo</li></ul><p>Retiralo gratis en nuestro local de Villa Santa Rosa, Córdoba, o pedilo con envío a todo el país.</p>;426
7013;Reloj Smartwatch Kieslect KS Smart calling;Smartwatch y Wearables > Smartwatch;Smartwatch Kieslect KS Smart Calling;smartwatch kieslect;reloj kieslect ks, kieslect ks smart calling, reloj inteligente con llamadas, smartwatch kieslect córdoba;Smartwatch Kieslect KS Smart Calling | Lucas Innovaciones;Smartwatch Kieslect KS Smart Calling, reloj inteligente con función de llamadas desde la muñeca. Retiralo en Villa Santa Rosa o pedilo con envío.;<p>Smartwatch Kieslect KS Smart Calling, un reloj inteligente que apunta a que puedas manejar llamadas y notificaciones desde la muñeca.</p><ul><li>Marca Kieslect, modelo KS Smart Calling</li><li>Pensado para llamadas y notificaciones</li><li>Se sincroniza con tu celular</li><li>Consultanos en el local por las funciones del modelo</li></ul><p>Retiralo gratis en nuestro local de Villa Santa Rosa, Córdoba, o pedilo con envío a todo el país.</p>;0
6709;Reloj Smartwatch generico Luxy 37;Smartwatch y Wearables > Smartwatch;Smartwatch Luxy 37;smartwatch luxy 37;reloj luxy 37, reloj inteligente luxy, smartwatch economico, smartwatch luxy córdoba;Smartwatch Luxy 37 | Lucas Innovaciones;Smartwatch Luxy 37, un reloj inteligente accesible para ver notificaciones y la hora en la muñeca. Retiralo en Villa Santa Rosa o pedilo con envío.;<p>Smartwatch Luxy 37, un reloj inteligente para tener las notificaciones del celular y la hora en la muñeca, sin una gran inversión.</p><ul><li>Modelo Luxy 37</li><li>Reloj inteligente de uso diario</li><li>Se sincroniza con tu celular</li><li>Consultanos en el local por las funciones y la compatibilidad</li></ul><p>Retiralo gratis en nuestro local de Villa Santa Rosa, Córdoba, o pedilo con envío a todo el país.</p>;451
8214;Reloj Smartwatch NETMAK Action;Smartwatch y Wearables > Smartwatch;Smartwatch Netmak Action;smartwatch netmak action;reloj netmak action, netmak action, reloj inteligente netmak, smartwatch netmak córdoba;Smartwatch Netmak Action | Lucas Innovaciones;Smartwatch Netmak Action, un reloj inteligente para el día a día y la actividad física. Retiralo en Villa Santa Rosa o pedilo con envío a todo el país.;<p>Smartwatch Netmak Action, un reloj inteligente para acompañarte en el día a día y cuando hacés actividad física.</p><ul><li>Marca Netmak, modelo Action</li><li>Reloj inteligente de uso diario</li><li>Se sincroniza con tu celular</li><li>Consultanos en el local por las funciones del modelo</li></ul><p> Retiralo gratis en nuestro local de Villa Santa Rosa, Córdoba, o pedilo con envío a todo el país.</p>;0
6798;Reloj Smartwatch NOGANET NG SW23;Smartwatch y Wearables > Smartwatch;Smartwatch Noganet NG-SW23;smartwatch noganet;reloj noganet ng sw23, noganet ng-sw23, reloj inteligente noganet, smartwatch noganet córdoba;Smartwatch Noganet NG-SW23 | Lucas Innovaciones;Smartwatch Noganet NG-SW23, un reloj inteligente para las notificaciones y el control de tu actividad. Retiralo en Villa Santa Rosa o pedilo con envío.;<p>Smartwatch Noganet NG-SW23, un reloj inteligente para recibir las notificaciones del celular y controlar tu actividad desde la muñeca.</p><ul><li>Marca Noganet, modelo NG-SW23</li><li>Reloj inteligente de uso diario</li><li>Se sincroniza con tu celular</li><li>Consultanos en el local por las funciones del modelo</li></ul><p>Retiralo gratis en nuestro local de Villa Santa Rosa, Córdoba, o pedilo con envío a todo el país.</p>;557
8215;Reloj Smartwatch NOGANET NGSW16SVL 3 mallas;Smartwatch y Wearables > Smartwatch;Smartwatch Noganet NGSW16SVL con 3 Mallas;smartwatch noganet 3 mallas;reloj noganet ngsw16svl, noganet ngsw16svl, reloj inteligente con 3 mallas, smartwatch noganet córdoba;Smartwatch Noganet NGSW16SVL con 3 Mallas;Smartwatch Noganet NGSW16SVL con 3 mallas para cambiar el estilo según el día. Retiralo en Villa Santa Rosa o pedilo con envío a todo el país.;<p>Smartwatch Noganet NGSW16SVL que viene con 3 mallas, para cambiar el estilo del reloj según el día o la ocasión.</p><ul><li>Marca Noganet, modelo NGSW16SVL</li><li>Incluye 3 mallas</li><li>Reloj inteligente de uso diario</li><li>Se sincroniza con tu celular</li></ul><p> Retiralo gratis en nuestro local de Villa Santa Rosa, Córdoba, o pedilo con envío a todo el país.</p>;0
7993;Reloj Smartwatch Xiaomi Mi Band 10;Smartwatch y Wearables > Smartwatch;Xiaomi Mi Band 10 Smartwatch;xiaomi mi band 10;mi band 10, xiaomi smart band 10, pulsera inteligente xiaomi, mi band 10 córdoba;Xiaomi Mi Band 10 Smartwatch | Lucas Innovaciones;Xiaomi Mi Band 10, pulsera inteligente para seguir tu actividad y recibir notificaciones. Retiralo en Villa Santa Rosa o pedilo con envío a todo el país.;<p>Xiaomi Mi Band 10, una pulsera inteligente para hacer seguimiento de tu actividad física y tu salud, y ver las notificaciones sin sacar el celular.</p><ul><li>Marca Xiaomi, modelo Mi Band 10</li><li>Seguimiento de actividad y salud</li><li>Notificaciones desde tu celular</li><li>Liviana y cómoda para llevar todo el día</li></ul><p>Retiralo gratis en nuestro local de Villa Santa Rosa, Córdoba, o pedilo con envío a todo el país.</p>;628
6831;XIAOMI Mi Band 9 Active;Smartwatch y Wearables > Smart Bands;Xiaomi Mi Band 9 Active;mi band 9 active;xiaomi smart band 9 active, pulsera inteligente xiaomi, mi band 9 active precio, mi band 9 active córdoba;Xiaomi Mi Band 9 Active | Lucas Innovaciones;Xiaomi Mi Band 9 Active, pulsera inteligente para notificaciones y seguimiento de tu actividad. Retiralo en Villa Santa Rosa o pedilo con envío.;<p>Xiaomi Mi Band 9 Active, una pulsera inteligente para ver notificaciones y hacer seguimiento de tu actividad y tu salud sin sacar el celular.</p><ul><li>Marca Xiaomi</li><li>Pulsera inteligente liviana para usar todo el día</li><li>Seguimiento de actividad física</li><li>Notificaciones desde tu celular</li></ul><p>Retiralo gratis en nuestro local de Villa Santa Rosa, Córdoba, o pedilo con envío a todo el país.</p>;569
7012;Reloj Smartwatch Xiaomi Watch 5 Active;Smartwatch y Wearables > Smartwatch;Xiaomi Watch 5 Active Smartwatch;xiaomi watch 5 active;reloj xiaomi watch 5 active, xiaomi watch 5, smartwatch xiaomi, xiaomi watch 5 active córdoba;Xiaomi Watch 5 Active Smartwatch | Lucas Innovaciones;Xiaomi Watch 5 Active, smartwatch para seguir tu actividad y recibir notificaciones del celular. Retiralo en Villa Santa Rosa o pedilo con envío.;<p>Xiaomi Watch 5 Active, un smartwatch de Xiaomi para hacer seguimiento de tu actividad y ver las notificaciones del celular en la muñeca.</p><ul><li>Marca Xiaomi, modelo Watch 5 Active</li><li>Pensado para actividad diaria y deporte</li><li>Se sincroniza con tu celular</li><li>Consultanos en el local por las funciones del modelo</li></ul><p>Retiralo gratis en nuestro local de Villa Santa Rosa, Córdoba, o pedilo con envío a todo el país.</p>;0
6492;Hidrogel tablet;Teléfonos y Tablets > Tablets;Hidrogel Protector de Pantalla para Tablet;hidrogel para tablet;protector hidrogel tablet, lamina hidrogel tablet, protector de pantalla tablet, hidrogel tablet córdoba;Hidrogel Protector de Pantalla para Tablet;Protector de hidrogel para pantalla de tablet, para cuidar el vidrio de golpes y rayones. Retiralo en Villa Santa Rosa o pedilo con envío a todo el país.;<p>Protector de hidrogel para la pantalla de tu tablet. Un film flexible que ayuda a cuidar el vidrio de rayones y roces del uso diario.</p><ul><li>Material de hidrogel, flexible</li><li>Se adhiere sobre la pantalla</li><li>Pensado para cuidar la pantalla del uso diario</li><li>Consultanos el modelo de tu tablet para confirmar la medida</li></ul><p>Retiralo gratis en nuestro local de Villa Santa Rosa, Córdoba, o pedilo con envío a todo el país.</p>;422
6539;Soporte Ergonomico celular/tablet;Teléfonos y Tablets > Tablets;Soporte Ergonómico para Celular y Tablet;soporte para celular y tablet;soporte ergonomico celular, soporte tablet escritorio, soporte para tablet, soporte celular córdoba;Soporte Ergonómico para Celular y Tablet;Soporte ergonómico para celular y tablet, para ver videos o trabajar sin sostener el equipo. Retiralo en Villa Santa Rosa o pedilo con envío.;<p>Soporte ergonómico para celular y tablet. Dejá el equipo apoyado a una buena altura para ver series, estudiar o hacer videollamadas sin sostenerlo.</p><ul><li>Sirve para celular y tablet</li><li>Para usar sobre el escritorio o la mesa</li><li>Deja las manos libres</li><li>Consultanos por las medidas compatibles</li></ul><p>Retiralo gratis en nuestro local de Villa Santa Rosa, Córdoba, o pedilo con envío a todo el país.</p>;472
6647;Soporte P/ Notebook tablet plegable;Teléfonos y Tablets > Tablets;Soporte Plegable para Notebook y Tablet;soporte para notebook plegable;soporte notebook plegable, soporte para tablet plegable, soporte notebook córdoba, soporte plegable notebook tablet;Soporte Plegable para Notebook y Tablet | Lucas Innovaciones;Soporte plegable para notebook y tablet, práctico para trabajar o ver contenido en cualquier lado. Retiralo en Villa Santa Rosa o pedilo con envío.;<p>Soporte plegable para notebook y tablet. Elevá la pantalla para trabajar o ver series con más comodidad y guardalo plegado cuando no lo uses.</p><ul><li>Sirve para notebook y tablet</li><li>Diseño plegable, fácil de guardar y llevar</li><li>Útil para trabajar, estudiar o ver contenido</li><li>Consultanos por los tamaños compatibles</li></ul><p>Retiralo gratis en nuestro local de Villa Santa Rosa, Córdoba, o pedilo con envío a todo el país.</p>;576
6291;"Tablet Horizon pro Netmark 7""";Teléfonos y Tablets > Tablets;"Tablet Horizon Pro Netmak 7""";tablet 7 pulgadas;tablet horizon pro, tablet netmak 7, tablet economica, tablet horizon pro córdoba;"Tablet Horizon Pro Netmak 7"" | Lucas Innovaciones";Tablet Horizon Pro Netmak de 7 pulgadas, práctica para ver contenido, estudiar y navegar. Retiralo en Villa Santa Rosa o pedilo con envío a todo el país.;<p>Tablet Horizon Pro Netmak de 7 pulgadas, de tamaño compacto para llevar a todos lados. Sirve para ver series, navegar, estudiar o entretener a los chicos.</p><ul><li>Pantalla de 7 pulgadas</li><li>Tamaño compacto, entra en cualquier mochila</li><li>Para navegar, estudiar y ver contenido</li><li>Consultanos en el local por las características técnicas</li></ul><p>Retiralo gratis en nuestro local de Villa Santa Rosa, Córdoba, o pedilo con envío a todo el país.</p>;395
6749;Tablet NETMAK NM-Xplorer Pro 10'';Teléfonos y Tablets > Tablets;"Tablet Netmak NM-Xplorer Pro 10""";tablet 10 pulgadas;tablet netmak xplorer pro, netmak nm-xplorer pro, tablet 10 pulgadas netmak, tablet netmak córdoba;"Tablet Netmak NM-Xplorer Pro 10"" | Lucas Innovaciones";Tablet Netmak NM-Xplorer Pro de 10 pulgadas, para ver contenido, estudiar o trabajar. Retiralo en Villa Santa Rosa o pedilo con envío a todo el país.;<p>Tablet Netmak NM-Xplorer Pro de 10 pulgadas, con una pantalla amplia para ver series, estudiar, navegar o trabajar desde cualquier lado.</p><ul><li>Pantalla de 10 pulgadas</li><li>Marca Netmak, modelo NM-Xplorer Pro</li><li>Para estudio, trabajo y entretenimiento</li><li>Consultanos en el local por las características técnicas</li></ul><p>Retiralo gratis en nuestro local de Villa Santa Rosa, Córdoba, o pedilo con envío a todo el país.</p>;502
6694;Control remoto TV;TV y Video > Accesorios;Control Remoto para TV;control remoto tv;control remoto universal tv, control remoto para televisor, control tv universal, control remoto tv córdoba;Control Remoto para TV | Lucas Innovaciones;Control remoto para TV, para reemplazar el que perdiste o dejó de funcionar. Retiralo en Villa Santa Rosa o pedilo con envío a todo el país.;<p>Control remoto para TV, una solución simple si perdiste el original o dejó de funcionar. Botones bien distribuidos para manejar el televisor sin vueltas.</p><ul><li>Botones grandes y fáciles de usar</li><li>Funciona con pilas AAA (no incluidas)</li><li>Reemplazo práctico del control original</li><li>Consultanos la marca de tu TV para confirmar compatibilidad</li></ul><p>Retiralo gratis en nuestro local de Villa Santa Rosa, Córdoba, o pedilo con envío a todo el país.</p>;432
6693;Control remoto aire acondicionado universal;TV y Video > Accesorios;Control Remoto Universal para Aire Acondicionado;control remoto aire acondicionado universal;control universal aire acondicionado, control remoto para aire, control remoto aire split, control aire acondicionado córdoba;Control Remoto Universal para Aire Acondicionado;Control remoto universal para aire acondicionado, para reemplazar el que perdiste o se rompió. Retiralo en Villa Santa Rosa o pedilo con envío.;<p>Control remoto universal para aire acondicionado. Una solución si perdiste el original o dejó de funcionar y necesitás volver a manejar tu equipo.</p><ul><li>Control universal, pensado para distintas marcas</li><li>Botones grandes y fáciles de usar</li><li>Reemplazo práctico del control original</li><li>Consultanos la marca de tu aire para confirmar compatibilidad</li></ul><p>Retiralo gratis en nuestro local de Villa Santa Rosa, Córdoba, o pedilo con envío a todo el país.</p>;432
6793;"Proyector NETMAK NMPR300 Android 14 - 150""";TV y Video > Proyectores;"Proyector Netmak NMPR300 Android 14 – Pantalla de 150""";proyector netmak;proyector netmak nmpr300, proyector android, proyector para casa, proyector netmak córdoba;"Proyector Netmak NMPR300 Android 14 – Pantalla de 150""";Proyector Netmak NMPR300 con Android 14 para ver películas, series y juegos en pantalla grande. Retiralo en Villa Santa Rosa o pedilo con envío.;<p>Proyector Netmak NMPR300 con Android 14, para ver películas, series y juegos en pantalla grande, en el living o donde armes tu sala de cine.</p><ul><li>Sistema Android 14</li><li>Imagen de hasta 150 pulgadas</li><li>Marca Netmak, modelo NMPR300</li><li>Consultanos en el local por las conexiones y características</li></ul><p>Retiralo gratis en nuestro local de Villa Santa Rosa, Córdoba, o pedilo con envío a todo el país.</p>;429
7681;Smart Tv ENOVA 43'' Android tv;TV y Video > TV Box y streaming;"Smart TV Enova 43"" Android TV";smart tv 43 pulgadas;smart tv enova 43, tv enova android, tv 43 pulgadas android, smart tv 43 córdoba;"Smart TV Enova 43"" Android TV | Lucas Innovaciones";Smart TV Enova de 43 pulgadas con Android TV para ver tus aplicaciones y contenido favorito. Retiralo en Villa Santa Rosa o pedilo con envío.;<p>Smart TV Enova de 43 pulgadas con sistema Android TV, para ver tus aplicaciones y contenido favorito en la pieza o el living.</p><ul><li>Pantalla de 43 pulgadas</li><li>Sistema Android TV</li><li>Acceso a aplicaciones de streaming</li><li>Marca Enova</li></ul><p> Retiralo gratis en nuestro local de Villa Santa Rosa, Córdoba, o pedilo con envío a todo el país.</p>;436
6731;Smart TV Noblex 55'' X8 UHD;TV y Video > Smart TV;"Smart TV Noblex 55"" X8 UHD";smart tv 55 pulgadas;smart tv noblex 55, noblex x8 uhd, tv 55 pulgadas uhd, smart tv 55 córdoba;"Smart TV Noblex 55"" X8 UHD | Lucas Innovaciones";Smart TV Noblex de 55 pulgadas X8 con resolución UHD para series, películas y deportes. Retiralo en Villa Santa Rosa o pedilo con envío a todo el país.;<p>Smart TV Noblex de 55 pulgadas, modelo X8, con resolución UHD. Una pantalla grande para ver series, películas y partidos con buen detalle.</p><ul><li>Pantalla de 55 pulgadas</li><li>Resolución UHD</li><li>Smart TV con acceso a aplicaciones de streaming</li><li>Marca Noblex, modelo X8</li></ul><p> Retiralo gratis en nuestro local de Villa Santa Rosa, Córdoba, o pedilo con envío a todo el país.</p>;599
6710;Smart TV Quint 50'' UHD;TV y Video > TV Box y streaming;"Smart TV Quint 50"" UHD";smart tv 50 pulgadas;smart tv quint 50, tv quint uhd, tv 50 pulgadas uhd, smart tv 50 córdoba;"Smart TV Quint 50"" UHD | Lucas Innovaciones";Smart TV Quint de 50 pulgadas UHD para ver series, películas y partidos en una pantalla grande. Retiralo en Villa Santa Rosa o pedilo con envío.;<p>Smart TV Quint de 50 pulgadas con resolución UHD, para ver series, películas y partidos en una pantalla grande.</p><ul><li>Pantalla de 50 pulgadas</li><li>Resolución UHD</li><li>Smart TV con acceso a aplicaciones de streaming</li><li>Marca Quint</li></ul><p> Retiralo gratis en nuestro local de Villa Santa Rosa, Córdoba, o pedilo con envío a todo el país.</p>;396
6607;Smart TV RCA 65'' Android UHD;TV y Video > Smart TV;"Smart TV RCA 65"" Android UHD";smart tv 65 pulgadas;smart tv rca 65, tv rca 65 android, tv 65 pulgadas uhd, smart tv 65 córdoba;"Smart TV RCA 65"" Android UHD | Lucas Innovaciones";Smart TV RCA de 65 pulgadas con Android y resolución UHD para ver series, películas y deportes. Retiralo en Villa Santa Rosa o pedilo con envío.;<p>Smart TV RCA de 65 pulgadas con sistema Android y resolución UHD. Una pantalla grande para el living, con tus aplicaciones de streaming favoritas.</p><ul><li>Pantalla de 65 pulgadas</li><li>Resolución UHD</li><li>Sistema operativo Android</li><li>Acceso a aplicaciones de streaming</li></ul><p> Retiralo gratis en nuestro local de Villa Santa Rosa, Córdoba, o pedilo con envío a todo el país.</p>;449
6633;Smart TV Samsung DU7000 75'' UHD;TV y Video > Smart TV;"Smart TV Samsung DU7000 75"" UHD 4K";smart tv samsung 75 pulgadas;samsung du7000 75, tv samsung 75 4k, smart tv 75 pulgadas, smart tv samsung 75 córdoba;"Smart TV Samsung DU7000 75"" UHD 4K | Lucas Innovaciones";Smart TV Samsung DU7000 de 75 pulgadas UHD 4K para ver cine, series y deportes en grande. Retiralo en Villa Santa Rosa o pedilo con envío a todo el país.;<p>Smart TV Samsung DU7000 de 75 pulgadas con resolución UHD 4K. Una pantalla muy grande para disfrutar películas, series y partidos con mucho detalle.</p><ul><li>Pantalla de 75 pulgadas</li><li>Resolución UHD 4K</li><li>Smart TV con acceso a aplicaciones de streaming</li><li>Marca Samsung, modelo DU7000</li></ul><p>Retiralo gratis en nuestro local de Villa Santa Rosa, Córdoba, o pedilo con envío a todo el país.</p>;523
7324;Soporte Fijo para TV Noganet 14 a 42'';TV y Video > Soportes para TV;"Soporte Fijo para TV Noganet 14 a 42""";soporte fijo tv 14 a 42;soporte tv chico, soporte de pared para tv 32, soporte fijo noganet, soporte tv fijo córdoba;"Soporte Fijo para TV Noganet 14 a 42"" | Lucas Innovaciones";Soporte fijo para TV Noganet de 14 a 42 pulgadas, para colgar tu televisor en la pared. Retiralo en Villa Santa Rosa o pedilo con envío a todo el país.;<p>Soporte fijo Noganet para colgar tu TV en la pared. Ideal para televisores chicos y medianos, ahorrás espacio y lo dejás bien firme.</p><ul><li>Para TV de 14 a 42 pulgadas</li><li>Soporte fijo, sin movimiento</li><li>Instalación en pared</li><li>Marca Noganet</li></ul><p> Retiralo gratis en nuestro local de Villa Santa Rosa, Córdoba, o pedilo con envío a todo el país.</p>;415
6837;Soporte Fijo para TV Noganet 26 a 60';TV y Video > Soportes para TV;"Soporte Fijo para TV Noganet 26 a 60""";soporte fijo tv 26 a 60;soporte tv 55 pulgadas, soporte fijo noganet 60, soporte de pared para tv, soporte tv fijo córdoba;"Soporte Fijo para TV Noganet 26 a 60"" | Lucas Innovaciones";Soporte fijo para TV Noganet de 26 a 60 pulgadas, para colgar tu televisor en la pared. Retiralo en Villa Santa Rosa o pedilo con envío a todo el país.;<p>Soporte fijo Noganet para colgar en la pared televisores medianos y grandes. Deja la pantalla firme y libera lugar en el mueble.</p><ul><li>Para TV de 26 a 60 pulgadas</li><li>Soporte fijo, sin movimiento</li><li>Instalación en pared</li><li>Marca Noganet</li></ul><p> Retiralo gratis en nuestro local de Villa Santa Rosa, Córdoba, o pedilo con envío a todo el país.</p>;441
6893;Soporte Fijo para TV 26 - 63;TV y Video > Soportes para TV;"Soporte Fijo para TV Noganet 26 a 63""";soporte fijo para tv;soporte tv fijo 26 a 63, soporte de pared para tv, soporte fijo noganet, soporte tv córdoba;"Soporte Fijo para TV Noganet 26 a 63"" | Lucas Innovaciones";Soporte fijo para TV Noganet de 26 a 63 pulgadas, para colgar tu televisor en la pared. Retiralo en Villa Santa Rosa o pedilo con envío a todo el país.;<p>Soporte fijo Noganet para colgar tu TV en la pared y liberar espacio en el mueble. Mantiene el televisor firme y bien pegado a la pared.</p><ul><li>Para TV de 26 a 63 pulgadas</li><li>Soporte fijo, sin movimiento</li><li>Instalación en pared</li><li>Marca Noganet</li></ul><p>Retiralo gratis en nuestro local de Villa Santa Rosa, Córdoba, o pedilo con envío a todo el país.</p>;397
7231;Soporte Fijo para TV Noganet 26 a 72'';TV y Video > Soportes para TV;"Soporte Fijo para TV Noganet 26 a 72""";soporte fijo tv 26 a 72;soporte tv 65 pulgadas, soporte fijo noganet 72, soporte de pared para tv grande, soporte tv fijo córdoba;"Soporte Fijo para TV Noganet 26 a 72"" | Lucas Innovaciones";Soporte fijo para TV Noganet de 26 a 72 pulgadas, para colgar tu televisor en la pared. Retiralo en Villa Santa Rosa o pedilo con envío a todo el país.;<p>Soporte fijo Noganet para colgar en la pared televisores de pantalla grande. Deja la pantalla firme y libera lugar en el mueble.</p><ul><li>Para TV de 26 a 72 pulgadas</li><li>Soporte fijo, sin movimiento</li><li>Instalación en pared</li><li>Marca Noganet</li></ul><p> Retiralo gratis en nuestro local de Villa Santa Rosa, Córdoba, o pedilo con envío a todo el país.</p>;0
6780;Soporte Movil para TV Netmak NM ST34 23 - 43'';TV y Video > Soportes para TV;"Soporte Móvil para TV Netmak NM-ST34 23 a 43""";soporte movil para tv;soporte articulado tv 43, soporte tv con brazo, netmak nm st34, soporte tv articulado córdoba;"Soporte Móvil para TV Netmak NM-ST34 23 a 43""";Soporte móvil articulado para TV Netmak NM-ST34 de 23 a 43 pulgadas, para orientar la pantalla. Retiralo en Villa Santa Rosa o pedilo con envío.;<p>Soporte móvil Netmak NM-ST34 con brazo articulado, para orientar tu TV hacia donde mejor lo veas y adaptarlo al espacio de la habitación.</p><ul><li>Para TV de 23 a 43 pulgadas</li><li>Brazo articulado: gira, se inclina y se extiende</li><li>Marca Netmak, modelo NM-ST34</li><li>Instalación en pared</li></ul><p>Retiralo gratis en nuestro local de Villa Santa Rosa, Córdoba, o pedilo con envío a todo el país.</p>;430
6892;Soporte Movil para TV Netmak NM ST36 32 - 60'';TV y Video > Soportes para TV;"Soporte Móvil para TV Netmak NM-ST36 32 a 60""";soporte articulado tv 60 pulgadas;soporte movil tv 55, soporte tv con brazo, netmak nm st36, soporte tv articulado córdoba;"Soporte Móvil para TV Netmak NM-ST36 32 a 60""";Soporte móvil articulado para TV Netmak NM-ST36 de 32 a 60 pulgadas, para orientar la pantalla. Retiralo en Villa Santa Rosa o pedilo con envío.;<p>Soporte móvil Netmak NM-ST36 con brazos articulados, para orientar tu TV hacia donde mejor lo veas desde cualquier lugar de la habitación.</p><ul><li>Para TV de 32 a 60 pulgadas</li><li>Brazos articulados para girar y ajustar la pantalla</li><li>Marca Netmak, modelo NM-ST36</li><li>Instalación en pared</li></ul><p>Retiralo gratis en nuestro local de Villa Santa Rosa, Córdoba, o pedilo con envío a todo el país.</p>;506
6603;"Soporte Movil para TV Noganet 1hasta 55""";TV y Video > Soportes para TV;"Soporte Móvil para TV Noganet hasta 55""";soporte movil tv 55 pulgadas;soporte tv noganet, soporte articulado tv, soporte de pared movil para tv, soporte tv móvil córdoba;"Soporte Móvil para TV Noganet hasta 55"" | Lucas Innovaciones";Soporte móvil para TV Noganet de hasta 55 pulgadas, para colgar el televisor en la pared. Retiralo en Villa Santa Rosa o pedilo con envío a todo el país.;<p>Soporte móvil Noganet para colgar tu TV en la pared y liberar espacio en el mueble, para televisores de hasta 55 pulgadas.</p><ul><li>Para TV de hasta 55 pulgadas</li><li>Soporte móvil</li><li>Instalación en pared</li><li>Marca Noganet</li></ul><p> Retiralo gratis en nuestro local de Villa Santa Rosa, Córdoba, o pedilo con envío a todo el país.</p>;402
6781;Soporte Movil para TV WAVETV W3350M Brazo doble 26 - 60'';TV y Video > Soportes para TV;"Soporte Móvil para TV WaveTV W3350M Brazo Doble 26 a 60""";soporte tv brazo doble;soporte articulado tv 60 pulgadas, wavetv w3350m, soporte tv doble brazo, soporte tv móvil córdoba;"Soporte Móvil para TV WaveTV W3350M Brazo Doble 26 a 60""";Soporte móvil WaveTV W3350M con brazo doble para TV de 26 a 60 pulgadas, ajustable en altura y ángulo. Retiralo en Villa Santa Rosa o pedilo con envío.;<p>Soporte móvil WaveTV W3350M con brazo doble, para colgar tu TV en la pared y ajustar el ángulo y la distancia según desde dónde lo mires.</p><ul><li>Para TV de 26 a 60 pulgadas</li><li>Compatible con VESA hasta 400x400</li><li>Soporta hasta 30 kg</li><li>Brazos articulados que se extienden y se retraen</li></ul><p>Retiralo gratis en nuestro local de Villa Santa Rosa, Córdoba, o pedilo con envío a todo el país.</p>;533
6939;Soporte para TV fijo NETMAK con inclinación 14 - 43'';TV y Video > Soportes para TV;"Soporte para TV Fijo con Inclinación Netmak 14 a 43""";soporte tv con inclinacion;soporte tv fijo netmak, soporte inclinable tv, soporte de pared tv 43, soporte tv inclinable córdoba;"Soporte para TV Fijo con Inclinación Netmak 14 a 43""";Soporte para TV Netmak con inclinación de 14 a 43 pulgadas, para colgar el televisor en la pared. Retiralo en Villa Santa Rosa o pedilo con envío.;<p>Soporte Netmak para colgar tu TV en la pared con posibilidad de ajustar la inclinación, para ver mejor desde donde te sentás.</p><ul><li>Para TV de 14 a 43 pulgadas</li><li>Inclinación ajustable</li><li>Instalación en pared</li><li>Marca Netmak</li></ul><p> Retiralo gratis en nuestro local de Villa Santa Rosa, Córdoba, o pedilo con envío a todo el país.</p>;399
7970;Tv Box convertidor con ON PLAY;TV y Video > TV Box y streaming;TV Box Convertidor con On Play;tv box;tv box convertidor, convertir tv en smart tv, tv box on play, tv box córdoba;TV Box Convertidor con On Play | Lucas Innovaciones;TV Box con On Play para convertir tu televisor en un Smart TV y acceder a contenido en streaming. Retiralo en Villa Santa Rosa o pedilo con envío.;<p>TV Box convertidor con On Play, para sumar funciones inteligentes a tu televisor y acceder a contenido en streaming sin cambiar de TV.</p><ul><li>Convierte tu TV en un equipo con acceso a aplicaciones</li><li>Incluye On Play</li><li>Se conecta al TV</li><li>Consultanos en el local por las conexiones y funciones</li></ul><p>Retiralo gratis en nuestro local de Villa Santa Rosa, Córdoba, o pedilo con envío a todo el país.</p>;0
